date,1e2Rt,muhat,OT
2000-11-10,-13.120871739373806,0.0594052764412339,13.120871739373806
2000-11-13,12.75288862162278,-0.1757814929351477,12.75288862162278
2000-11-14,8.929523809523808,0.0186772190279139,8.929523809523808
2000-11-15,-2.367629572637612,0.1572223626862929,2.367629572637612
2000-11-16,-2.8011605831572255,0.0616092020615006,2.8011605831572255
2000-11-17,-6.283397825686371,0.1193156605146771,6.283397825686371
2000-11-20,-0.0511207235548595,0.1195990736077576,0.0511207235548595
2000-11-21,-9.835936577880943,0.1962509231833638,9.835936577880943
2000-11-22,0.0,0.0577713248381044,0.0
2000-11-24,12.043461186019105,0.0965700555131018,12.043461186019105
2000-11-27,-8.466721190170192,0.3198562699121814,8.466721190170192
2000-11-28,-7.47989618346593,0.1512013919714508,7.47989618346593
2000-11-29,-15.451828006438264,0.1145478995819739,15.451828006438264
2000-11-30,-2.5455534403045936,-0.0928227735558099,2.5455534403045936
2000-12-01,4.141318301054854,-0.1939794807373147,4.141318301054854
2000-12-04,8.02293799238974,-0.2163231924018457,8.02293799238974
2000-12-05,-2.455844413574127,-0.2099347162673486,2.455844413574127
2000-12-06,-16.820100706983368,-0.222033044022414,16.820100706983368
2000-12-07,13.85593738534916,-0.2538356247174517,13.85593738534916
2000-12-08,7.690655209452189,-0.1430473734605183,7.690655209452189
2000-12-11,0.7779772591262747,-0.0488001486938274,0.7779772591262747
2000-12-12,-0.6433095803642073,-0.0856790269208074,0.6433095803642073
2000-12-13,-8.038649267855364,-0.1117995866550251,8.038649267855364
2000-12-14,-12.1317157712305,-0.1051169068268899,12.1317157712305
2000-12-15,0.1602564102564062,-0.1588315877705196,0.1602564102564062
2000-12-18,0.6399999999999978,-0.0159454009617765,0.6399999999999978
2000-12-19,-13.531857649504712,0.0079294542203185,13.531857649504712
2000-12-20,-7.368644367442179,-0.1809402243533649,7.368644367442179
2000-12-21,-4.175891289411403,-0.319610822066222,4.175891289411403
2000-12-22,17.84576163161249,-0.3476285304932131,17.84576163161249
2000-12-26,-6.341265548945382,-0.0666445562064336,6.341265548945382
2000-12-27,3.572975313988747,-0.18547162415097,3.572975313988747
2000-12-28,4.536901526238758,-0.1812548001007528,4.536901526238758
2000-12-29,-8.333333333333334,-0.2257086512817365,8.333333333333334
2001-01-02,-12.12363636363637,-0.3189747246412404,12.12363636363637
2001-01-03,32.549863444508816,-0.30782803559328,32.549863444508816
2001-01-04,12.518731268731276,-0.0884468112209866,12.518731268731276
2001-01-05,-16.61949947283725,0.0100671294046658,16.61949947283725
2001-01-08,14.208704911486755,0.0408979257489662,14.208704911486755
2001-01-09,-4.551016840510464,-0.2280585694742368,4.551016840510464
2001-01-10,10.018315018315027,-0.1754811029282966,10.018315018315027
2001-01-11,12.86277121136452,-0.1784638142264233,12.86277121136452
2001-01-12,-3.2007473327105527,-0.266489798187117,3.2007473327105527
2001-01-16,-1.325680617635108,-0.1366518026024895,1.325680617635108
2001-01-17,-3.7525093941421823,-0.0112477262758941,3.7525093941421823
2001-01-18,22.56391057867153,-0.1793596716646381,22.56391057867153
2001-01-19,-8.181699175284724,-0.1135936486569384,8.181699175284724
2001-01-22,-2.2288755821689925,-0.1361143291689916,2.2288755821689925
2001-01-23,11.267194867058755,-0.2370294926161491,11.267194867058755
2001-01-24,-3.7569350399720354,-0.1396572989858953,3.7569350399720354
2001-01-25,-12.05573963959875,-0.2371960860431613,12.05573963959875
2001-01-26,5.91483870967741,-0.3405693247914966,5.91483870967741
2001-01-29,5.331124214219599,-0.3137300908557102,5.331124214219599
2001-01-30,0.7217210270645206,-0.2450905755920273,0.7217210270645206
2001-01-31,-1.198842496899546,-0.1344270108358702,1.198842496899546
2001-02-01,0.6090190609019114,-0.1866227963322642,0.6090190609019114
2001-02-02,-9.8701538745899,-0.076561209364827,9.8701538745899
2001-02-05,-1.86618815688285,-0.0894970822594164,1.86618815688285
2001-02-06,1.7658429549135393,-0.0855074401419715,1.7658429549135393
2001-02-07,-3.4755377586118317,-0.0851894349669687,3.4755377586118317
2001-02-08,-1.9359642591213693,-0.0788999684342321,1.9359642591213693
2001-02-09,-0.9925154572079512,-0.0594101527777841,0.9925154572079512
2001-02-12,0.2848534648041684,0.0881522453768574,0.2848534648041684
2001-02-13,-0.1420221773092224,0.0262541962908621,0.1420221773092224
2001-02-14,23.64750287183415,0.0154778411203751,23.64750287183415
2001-02-15,-1.2652627853477438,0.1977927252077166,1.2652627853477438
2001-02-16,8.284792544134794,-0.0751075677125606,8.284792544134794
2001-02-20,-11.101915835643643,-0.1016550627145806,11.101915835643643
2001-02-21,8.001303295475699,-0.1802734253394144,8.001303295475699
2001-02-22,4.266689652200136,-0.2081021918927267,4.266689652200136
2001-02-23,-9.151407431901774,-0.1705576764112609,9.151407431901774
2001-02-26,-1.7744210382638037,-0.2463602343077786,1.7744210382638037
2001-02-27,-4.344805224883037,-0.1924540816000174,4.344805224883037
2001-02-28,-10.972834245315005,-0.1038041136379457,10.972834245315005
2001-03-01,1.4196355724775638,-0.2237106623239542,1.4196355724775638
2001-03-02,-6.424970503056962,-0.1614590331554012,6.424970503056962
2001-03-05,10.448188904172405,-0.0983404950607592,10.448188904172405
2001-03-06,6.6213481396917615,-0.0095221237244277,6.6213481396917615
2001-03-07,2.662189127366524,0.1755857372437939,2.662189127366524
2001-03-08,0.8628045889826593,0.0695043779524691,0.8628045889826593
2001-03-09,-5.264147396127096,0.1550649500881982,5.264147396127096
2001-03-12,1.0369120857313028,0.1150117372798444,1.0369120857313028
2001-03-13,5.49472133562484,0.2056677547709904,5.49472133562484
2001-03-14,17.454850121020293,0.4101680907555219,17.454850121020293
2001-03-15,-2.6828881667591293,0.3342799820045142,2.6828881667591293
2001-03-16,0.6393289082542584,0.3499515323211391,0.6393289082542584
2001-03-19,5.0578619406004695,0.1796301868177805,5.0578619406004695
2001-03-20,-8.026498228316136,0.2968178339987073,8.026498228316136
2001-03-21,8.178391959798995,0.2962146001981107,8.178391959798995
2001-03-22,11.090465683428182,0.4631967915378803,11.090465683428182
2001-03-23,-2.7214440030664178,0.5189147489508004,2.7214440030664178
2001-03-26,3.35637783429452,0.5511133203340223,3.35637783429452
2001-03-27,-4.4222638109101045,0.6101185702182013,4.4222638109101045
2001-03-28,2.008847632170575,0.5344127914075453,2.008847632170575
2001-03-29,1.6422579269159605,0.492106705829526,1.6422579269159605
2001-03-30,-5.648038049940539,0.4910341569334003,5.648038049940539
2001-04-02,-5.404203269209399,0.3289552997543296,5.404203269209399
2001-04-03,0.9168919713177418,0.2380202049435894,0.9168919713177418
2001-04-04,-0.6057076295864904,0.2947129609034274,0.6057076295864904
2001-04-05,1.1172311418414766,0.4420612085851478,1.1172311418414766
2001-04-06,2.8587985319683327,0.4537727061549562,2.8587985319683327
2001-04-09,-4.428169014084511,0.8474372442357543,4.428169014084511
2001-04-10,13.459875815452342,0.629210163862377,13.459875815452342
2001-04-11,-1.9639084202140624,0.5313513190543123,1.9639084202140624
2001-04-12,1.5757490107405303,0.5112110161275918,1.5757490107405303
2001-04-16,-2.1286956521739104,0.583820402257657,2.1286956521739104
2001-04-17,10.95671334138887,0.6139984333240922,10.95671334138887
2001-04-18,3.6962301015342143,0.7834127096959989,3.6962301015342143
2001-04-19,6.681081081081093,0.902639066073726,6.681081081081093
2001-04-20,2.628988360646238,1.0260010146085636,2.628988360646238
2001-04-23,-3.4446764091858064,0.9922210736676532,3.4446764091858064
2001-04-24,-6.574141709276847,0.9884637525247776,6.574141709276847
2001-04-25,6.59265050820955,0.9181091908461876,6.59265050820955
2001-04-26,-6.3550743772555265,1.0845045136364837,6.3550743772555265
2001-04-27,5.9404079330764175,0.995125186838181,5.9404079330764175
2001-04-30,3.0165912518853655,1.0685112559697632,3.0165912518853655
2001-05-01,11.784801768437983,1.078383516346176,11.784801768437983
2001-05-02,-7.653192254353075,1.290851959884301,7.653192254353075
2001-05-03,-0.3476277879748645,1.203401443426613,0.3476277879748645
2001-05-04,4.04654927022577,1.1083410773262006,4.04654927022577
2001-05-07,6.4372502212804825,1.133062178690048,6.4372502212804825
2001-05-08,-11.496106645162913,1.2458589160519744,11.496106645162913
2001-05-09,1.292673898806978,1.0301187973302102,1.292673898806978
2001-05-10,-6.313422347153904,1.0818887273476618,6.313422347153904
2001-05-11,-2.0252632842269462,1.0232616364179823,2.0252632842269462
2001-05-14,1.442396031114103,0.9769986752778348,1.442396031114103
2001-05-15,0.341132075471694,0.9842207356396584,0.341132075471694
2001-05-16,7.521511522955653,1.0252316967470492,7.521511522955653
2001-05-17,1.094073535172643,1.167388364351548,1.094073535172643
2001-05-18,-0.69196490354009,1.1778151021971912,0.69196490354009
2001-05-21,6.282226371972465,1.0834953702797978,6.282226371972465
2001-05-22,5.496551543282721,1.1963509549120066,5.496551543282721
2001-05-23,-5.23005791841706,1.253361109176537,5.23005791841706
2001-05-24,0.0996721311475416,1.1346168829035803,0.0996721311475416
2001-05-25,-0.448077981290782,1.1441378686687838,0.448077981290782
2001-05-29,-5.824910507475253,1.1556591988918348,5.824910507475253
2001-05-30,1.3052349143352235,0.9421990778870014,1.3052349143352235
2001-05-31,-0.9076863653920474,0.8834091095038851,0.9076863653920474
2001-06-01,4.883481359801771,0.9542911199736872,4.883481359801771
2001-06-04,-1.7254652119667635,0.9583527195943538,1.7254652119667635
2001-06-05,5.761594770535638,0.9367444812952794,5.761594770535638
2001-06-06,-0.8300556775808396,0.9719879827932084,0.8300556775808396
2001-06-07,6.268510649256994,0.8798294400180869,6.268510649256994
2001-06-08,-2.1617429658531844,0.9938520029338486,2.1617429658531844
2001-06-11,-5.097718659433741,0.950753109162246,5.097718659433741
2001-06-12,6.316393913293125,0.8591495305455465,6.316393913293125
2001-06-13,-5.297915694891115,0.830987116375877,5.297915694891115
2001-06-14,-0.0855476344782853,0.8015156502079318,0.0855476344782853
2001-06-15,2.4959784131596714,0.8063270603901428,2.4959784131596714
2001-06-18,-1.8985419198055935,0.7640418619336143,1.8985419198055935
2001-06-19,-8.922949889043714,0.7546478791125055,8.922949889043714
2001-06-20,5.830689029918404,0.72691177223934,5.830689029918404
2001-06-21,1.7856186753761307,0.7513818048051858,1.7856186753761307
2001-06-22,1.1730359538149964,0.7284021446062084,1.1730359538149964
2001-06-25,-3.4887046039462364,0.7294266290445698,3.4887046039462364
2001-06-26,4.713804713804722,0.671710954644436,4.713804713804722
2001-06-27,-1.3170418006430902,0.7280474900493542,1.3170418006430902
2001-06-28,0.1955008732372296,0.7613041454067119,0.1955008732372296
2001-06-29,-3.4367032623965836,0.7529597373045175,3.4367032623965836
2001-07-02,-1.1800522671552136,0.6622834155592544,1.1800522671552136
2001-07-03,0.7661059461817453,0.6332110290515097,0.7661059461817453
2001-07-05,-7.545995670995675,0.6251850736475711,7.545995670995675
2001-07-06,-2.876708319920402,0.4934363342788417,2.876708319920402
2001-07-09,-0.6930215740629183,0.4205392367902381,0.6930215740629183
2001-07-10,-0.8829419260877385,0.3696760435189118,0.8829419260877385
2001-07-11,4.910153978020621,0.3453791334015347,4.910153978020621
2001-07-12,-0.2305155962767295,0.4134389648280461,0.2305155962767295
2001-07-13,-2.4508656995788516,0.3577899962631402,2.4508656995788516
2001-07-16,-8.556694849193503,0.3980073109544789,8.556694849193503
2001-07-17,4.836065573770491,0.2399798054548679,4.836065573770491
2001-07-18,0.3252541047693569,0.2739847923417838,0.3252541047693569
2001-07-19,-2.337978116524835,0.3436061001102759,2.337978116524835
2001-07-20,-0.2457786715183957,0.288516614934093,0.2457786715183957
2001-07-23,-8.393062843977992,0.2840282813849686,8.393062843977992
2001-07-24,5.1660903279891155,0.3069087226538465,5.1660903279891155
2001-07-25,-1.727115716753024,0.3486149641824174,1.727115716753024
2001-07-26,11.038258753548735,0.3513921643928331,11.038258753548735
2001-07-27,2.85505570098009,0.531256619932737,2.85505570098009
2001-07-30,-2.3674242424242444,0.5082186944326578,2.3674242424242444
2001-07-31,4.17980116391853,0.4368633385252508,4.17980116391853
2001-08-01,5.382444502633036,0.4685553364243013,5.382444502633036
2001-08-02,0.0800640512409901,0.5672036063901026,0.0800640512409901
2001-08-03,-0.4937931034482766,0.5364360513989302,0.4937931034482766
2001-08-06,3.742618724182868,0.4806606931592448,3.742618724182868
2001-08-07,-2.3168808957537212,0.4754121660758439,2.3168808957537212
2001-08-08,-2.1420364392405764,0.4551604611512246,2.1420364392405764
2001-08-09,-1.339073551200701,0.4052684953240584,1.339073551200701
2001-08-10,1.6405984359061565,0.3414420748084424,1.6405984359061565
2001-08-13,0.5798555936550397,0.4249415913505511,0.5798555936550397
2001-08-14,1.3858477230521984,0.3784109195091203,1.3858477230521984
2001-08-15,-3.895677847945545,0.3304934155401519,3.895677847945545
2001-08-16,3.4732889571599275,0.2979097598033231,3.4732889571599275
2001-08-17,-4.651546391752578,0.3096130060729908,4.651546391752578
2001-08-20,0.1931782141106573,0.279127330644742,0.1931782141106573
2001-08-21,-0.6244604316546778,0.2529481457430045,0.6244604316546778
2001-08-22,1.954652071931193,0.2190038860040324,1.954652071931193
2001-08-23,-0.8265167007498332,0.2806464312599136,0.8265167007498332
2001-08-24,-0.5126442706990745,0.2970731486663107,0.5126442706990745
2001-08-27,5.541481950601643,0.2632876113068843,5.541481950601643
2001-08-28,-0.7637127349098553,0.3469412931522402,0.7637127349098553
2001-08-29,-5.290932578401998,0.3125903464581848,5.290932578401998
2001-08-30,0.9083521968773544,0.1978676655069708,0.9083521968773544
2001-08-31,1.230910816484994,0.2241017716687449,1.230910816484994
2001-09-04,-6.778601664820021,0.2036897046633478,6.778601664820021
2001-09-05,0.201139792155553,0.1057667785798984,0.201139792155553
2001-09-06,-3.686243498889868,0.082432956363462,3.686243498889868
2001-09-07,1.787349606846243,0.0267791910715231,1.787349606846243
2001-09-10,-8.16864703874911,0.0134547062493181,8.16864703874911
2001-09-17,-2.449324324324317,-0.0999518098746063,2.449324324324317
2001-09-18,-7.300432900432912,-0.1768117113495568,7.300432900432912
2001-09-19,-7.038517577614215,-0.2623575411915387,7.038517577614215
2001-09-20,-10.750311457621672,-0.3114775625275769,10.750311457621672
2001-09-21,9.23090778097983,-0.3623516268512393,9.23090778097983
2001-09-24,3.3679610850028716,-0.2252912822765321,3.3679610850028716
2001-09-25,-2.959122632103682,-0.1786092737796821,2.959122632103682
2001-09-26,-5.1699338347100605,-0.2310536222287164,5.1699338347100605
2001-09-27,-2.4918743228602427,-0.2887210331856851,2.4918743228602427
2001-09-28,1.6666666666666703,-0.4000935427379565,1.6666666666666703
2001-10-01,-8.559562841530063,-0.3344071761568308,8.559562841530063
2001-10-02,-5.340153941769849,-0.4031818905566446,5.340153941769849
2001-10-03,26.68181818181819,-0.4754365826916806,26.68181818181819
2001-10-04,5.6492445082326554,-0.0594125159071691,5.6492445082326554
2001-10-05,-0.6301886792452723,0.0806675425920205,0.6301886792452723
2001-10-08,6.740591653058891,0.0729732939830891,6.740591653058891
2001-10-09,-6.28290878041839,0.1890052742110065,6.28290878041839
2001-10-10,14.14091564801458,0.1950970262558275,14.14091564801458
2001-10-11,2.5476435959690025,0.1973936061266444,2.5476435959690025
2001-10-12,6.0811468232089,0.1916970971781242,6.0811468232089
2001-10-15,2.4214259508377203,0.1324141820510508,2.4214259508377203
2001-10-16,12.63582089552238,0.1271940182612351,12.63582089552238
2001-10-17,-7.905546868788588,0.1530813366980756,7.905546868788588
2001-10-18,2.7338129496402805,0.0599678262054909,2.7338129496402805
2001-10-19,2.7899159663865585,-0.0118948232851614,2.7899159663865585
2001-10-22,4.439175931981689,0.0746094233596737,4.439175931981689
2001-10-23,-4.7619047619047645,0.1007887318751116,4.7619047619047645
2001-10-24,3.8821917808219224,0.1007634340439225,3.8821917808219224
2001-10-25,7.624548355618849,0.2217108731460966,7.624548355618849
2001-10-26,-6.165457753381686,0.2322673294951737,6.165457753381686
2001-10-29,-10.119607228663954,0.2082430817849758,10.119607228663954
2001-10-30,5.494377778423448,0.0963150280788545,5.494377778423448
2001-10-31,-0.3663104549961343,0.131263360742348,0.3663104549961343
2001-11-01,6.681409813407043,0.0665475042461851,6.681409813407043
2001-11-02,3.627694859038146,0.1060104609506478,3.627694859038146
2001-11-05,-1.5428085617123446,0.0435251647442379,1.5428085617123446
2001-11-06,6.242539682539683,0.0723670613397841,6.242539682539683
2001-11-07,2.1131642483207047,0.1693158144173223,2.1131642483207047
2001-11-08,1.3460683100405015,0.0973591117213868,1.3460683100405015
2001-11-09,2.021158643629295,0.1832077494727791,2.021158643629295
2001-11-12,3.3962007833903223,0.2226457941596372,3.3962007833903223
2001-11-13,-0.4029167670308921,0.2507430510501842,0.4029167670308921
2001-11-14,-4.597322076380192,0.2908146053279027,4.597322076380192
2001-11-15,1.7860435103244765,0.3660782837628389,1.7860435103244765
2001-11-16,0.0181130708447664,0.2856135995503935,0.0181130708447664
2001-11-19,-2.6779852857951445,0.267951970174984,2.6779852857951445
2001-11-20,-4.905563825828053,0.2252148047764506,4.905563825828053
2001-11-21,0.7949514468116271,0.2121725866913807,0.7949514468116271
2001-11-23,2.7106387109299144,0.1292692772848065,2.7106387109299144
2001-11-26,5.316007088009442,0.1895022302060831,5.316007088009442
2001-11-27,-0.1682557487380683,0.2778719479829092,0.1682557487380683
2001-11-28,3.161797752808985,0.3234995261834305,3.161797752808985
2001-11-29,-2.7207179732938385,0.3917481693360334,2.7207179732938385
2001-11-30,-0.1858569573200814,0.3725837496992601,0.1858569573200814
2001-12-03,1.1037577117218351,0.4294450965227972,1.1037577117218351
2001-12-04,8.356447067699198,0.4713053722679053,8.356447067699198
2001-12-05,6.382978723404257,0.6148140023775187,6.382978723404257
2001-12-06,-1.539942252165545,0.6774850415804897,1.539942252165545
2001-12-07,-2.8191593352883784,0.6441466876707288,2.8191593352883784
2001-12-10,3.2871972318339147,0.6371952563674849,3.2871972318339147
2001-12-11,2.5807331229792427,0.6894517017664318,2.5807331229792427
2001-12-12,0.3151878785577212,0.7920040900072717,0.3151878785577212
2001-12-13,-0.946378210588076,0.7664162218354751,0.946378210588076
2001-12-14,3.726138383047031,0.7606267325564479,3.726138383047031
2001-12-17,2.1037893999963213,0.8217160365371444,2.1037893999963213
2001-12-18,-2.0297699594046135,0.8571209496050924,2.0297699594046135
2001-12-19,-0.7053406998158298,0.929282585612168,0.7053406998158298
2001-12-20,-2.2423354415119494,0.8807792708762092,2.2423354415119494
2001-12-21,2.0566137967670866,0.8198072074950012,2.0566137967670866
2001-12-24,3.0506395002974487,0.7304122978828519,3.0506395002974487
2001-12-26,2.8268360002164745,0.7389665934170009,2.8268360002164745
2001-12-27,2.0315789473684234,0.8112828987652648,2.0315789473684234
2001-12-28,-2.262801334296238,0.8017488698307408,2.262801334296238
2001-12-31,-1.4883360895112772,0.6740563905168376,1.4883360895112772
2002-01-02,0.3643117365526184,0.6616454690114075,0.3643117365526184
2002-01-03,7.740213523131665,0.6791142023062849,7.740213523131665
2002-01-04,-3.798513625103213,0.7948384882252464,3.798513625103213
2002-01-07,-3.2755364806867004,0.7987892136979248,3.2755364806867004
2002-01-08,2.7954279223314713,0.8088562322277145,2.7954279223314713
2002-01-09,-3.23739143947373,0.8550450186265861,3.23739143947373
2002-01-10,-1.2205131865386598,0.8231710912821893,1.2205131865386598
2002-01-11,-5.267531341450194,0.8171795836853818,5.267531341450194
2002-01-14,-1.0811944624537622,0.7747232060703987,1.0811944624537622
2002-01-15,3.533493975903615,0.7909029685678309,3.533493975903615
2002-01-16,0.6516720041707035,0.7964330534009462,0.6516720041707035
2002-01-17,-3.590587887084238,0.8371615235760572,3.590587887084238
2002-01-18,2.9740775562676163,0.8015485817196227,2.9740775562676163
2002-01-22,-2.54718914789348,0.8390122435036605,2.54718914789348
2002-01-23,1.9751434034416817,0.8050927221643117,1.9751434034416817
2002-01-24,1.0950068437927696,0.8330429089206064,1.0950068437927696
2002-01-25,3.1678320381326825,0.8492874760240754,3.1678320381326825
2002-01-28,2.097977528089884,0.8705797322912107,2.097977528089884
2002-01-29,-4.622129877447531,0.9069474312361778,4.622129877447531
2002-01-30,1.984603171672805,0.823776766619924,1.984603171672805
2002-01-31,-0.9956192751891784,0.807371634139485,0.9956192751891784
2002-02-01,-2.4994514737073112,0.5324277841873646,2.4994514737073112
2002-02-04,-5.142053445850906,0.4832113734727515,5.142053445850906
2002-02-05,2.3327995571634803,0.3802161269668661,2.3327995571634803
2002-02-06,-0.0251144639993919,0.4362526259980314,0.0251144639993919
2002-02-07,-2.7207729468598956,0.4151652014170053,2.7207729468598956
2002-02-08,-4.602518771602241,0.3776444590818496,4.602518771602241
2002-02-11,4.095783446121809,0.3228491410867383,4.095783446121809
2002-02-12,5.016802688430147,0.4316477858417222,5.016802688430147
2002-02-13,-1.7142857142857115,0.5501779897732135,1.7142857142857115
2002-02-14,-4.230620155038762,0.542768045276256,4.230620155038762
2002-02-15,-7.420523301697792,0.4538902654391049,7.420523301697792
2002-02-19,-4.190163934426229,0.3655316240501581,4.190163934426229
2002-02-20,5.666963246868801,0.3118278060078235,5.666963246868801
2002-02-21,-7.431396679404985,0.4170494254893881,7.431396679404985
2002-02-22,-2.5259475218658856,0.3927269732990461,2.5259475218658856
2002-02-25,9.69084992343033,0.3520999725942566,9.69084992343033
2002-02-26,2.2533920858601273,0.5304933911542593,2.2533920858601273
2002-02-27,-6.133333333333326,0.5331926928422764,6.133333333333326
2002-02-28,-2.461363636363653,0.5153794880664446,2.461363636363653
2002-03-01,8.949833399352242,0.4712162047653424,8.949833399352242
2002-03-04,3.635741477394242,0.5350637162783494,3.635741477394242
2002-03-05,-1.7190144042263298,0.5326744710052426,1.7190144042263298
2002-03-06,1.2598425196850311,0.5318717133663251,1.2598425196850311
2002-03-07,-0.3276308968377313,0.506053442349947,0.3276308968377313
2002-03-08,-0.0520107350157153,0.4897234041283955,0.0520107350157153
2002-03-11,-3.1222680154864384,0.4701587344169399,3.1222680154864384
2002-03-12,-3.1691805251170977,0.4310308273244566,3.1691805251170977
2002-03-13,-1.6286861783566766,0.3289874919837017,1.6286861783566766
2002-03-14,-4.1526628019759535,0.3776884213402532,4.1526628019759535
2002-03-15,5.372776051962721,0.3082272846690114,5.372776051962721
2002-03-18,-1.0787269681742095,0.3511478135714991,1.0787269681742095
2002-03-19,-4.422920617718775,0.3160462898320421,4.422920617718775
2002-03-20,-6.8693454279167545,0.290601739083517,6.8693454279167545
2002-03-21,5.410272669625879,0.2326014286055365,5.410272669625879
2002-03-22,-3.0680013475143264,0.2276977527953531,3.0680013475143264
2002-03-25,-5.709604547824145,0.2123958552266728,5.709604547824145
2002-03-26,1.5375299476081463,0.3142710172475969,1.5375299476081463
2002-03-27,-1.0164129955661607,0.2685181679442553,1.0164129955661607
2002-03-28,-8.534381139489199,0.2476175037690306,8.534381139489199
2002-04-01,1.0023770656127429,0.117434523164623,1.0023770656127429
2002-04-02,0.8506535855048699,0.0780238408571002,0.8506535855048699
2002-04-03,0.655101639159892,0.1161345657528738,0.655101639159892
2002-04-04,0.930167597765366,0.050161686690588,0.930167597765366
2002-04-05,-7.403204826612793,0.0164560139009677,7.403204826612793
2002-04-08,9.44168808655628,-0.0587417146624906,9.44168808655628
2002-04-09,-6.486058388180361,-0.0067258102546982,6.486058388180361
2002-04-10,-7.035219905379356,-0.0975876049228182,7.035219905379356
2002-04-11,-1.4638896742374328,-0.0870848190871725,1.4638896742374328
2002-04-12,-0.6663053527592596,-0.0886168132848064,0.6663053527592596
2002-04-15,6.633930290776034,-0.1100009143440366,6.633930290776034
2002-04-16,1.0534236267870625,-0.0892206175561028,1.0534236267870625
2002-04-17,-1.0186150409530836,0.0006967888308327,1.0186150409530836
2002-04-18,-4.011073330725489,0.0596122151539803,4.011073330725489
2002-04-19,-4.623824451410657,0.0017147953352288,4.623824451410657
2002-04-22,2.409202958093678,-0.0748711848241328,2.409202958093678
2002-04-23,-3.6908659092368,-0.1190010654763077,3.6908659092368
2002-04-24,-10.16395627832577,-0.1598279986592172,10.16395627832577
2002-04-25,5.441798352993531,-0.3075159212601249,5.441798352993531
2002-04-26,-0.4221635883905017,-0.2316469792931412,0.4221635883905017
2002-04-29,6.783253842077378,-0.2582895919639404,6.783253842077378
2002-04-30,-5.598014888337469,-0.2213940377952853,5.598014888337469
2002-05-01,4.002383205411273,-0.2984434977144352,4.002383205411273
2002-05-02,-4.380791912384159,-0.3268900424250415,4.380791912384159
2002-05-03,-6.315418502202636,-0.3397610227194855,6.315418502202636
2002-05-06,0.9404506639581652,-0.3387971381170424,0.9404506639581652
2002-05-07,12.205120560503865,-0.3842265020007356,12.205120560503865
2002-05-08,-0.6642752756742399,-0.3367865683243886,0.6642752756742399
2002-05-09,-2.0061522000802476,-0.358974151664176,2.0061522000802476
2002-05-10,-8.4140848914972,-0.3687510618174,8.4140848914972
2002-05-13,11.672006556888457,-0.4791899372524309,11.672006556888457
2002-05-14,1.7514595496246794,-0.442248940139599,1.7514595496246794
2002-05-15,3.580327868852458,-0.4039085788150371,3.580327868852458
2002-05-16,2.8741453532539953,-0.3784967461555635,2.8741453532539953
2002-05-17,-0.409230769230772,-0.3293543667775367,0.409230769230772
2002-05-20,3.2440448605060705,-0.3723111445036138,3.2440448605060705
2002-05-21,-8.079719903043362,-0.403294464246436,8.079719903043362
2002-05-22,3.5257349350522604,-0.5060858563298597,3.5257349350522604
2002-05-23,-8.150943396226424,-0.5202015181929145,8.150943396226424
2002-05-24,0.8285401259928786,-0.5445688125376216,0.8285401259928786
2002-05-28,-6.339558573853979,-0.5227988963976017,6.339558573853979
2002-05-29,3.3245114744589017,-0.5794597323408763,3.3245114744589017
2002-05-30,1.1684210526315826,-0.6854714865298037,1.1684210526315826
2002-05-31,-5.635903305240525,-0.6190043443462555,5.635903305240525
2002-06-03,-4.164216406939142,-0.6055419564827818,4.164216406939142
2002-06-04,5.944391179290518,-0.6862286309336851,5.944391179290518
2002-06-05,-2.6859728506787426,-0.6003369217284625,2.6859728506787426
2002-06-06,-7.127180746196472,-0.6046401436364015,7.127180746196472
2002-06-07,9.244202347098163,-0.5674228836895524,9.244202347098163
2002-06-10,-0.520623281393225,-0.4956653312607156,0.520623281393225
2002-06-11,-8.285114067740379,-0.5617055134760138,8.285114067740379
2002-06-12,-5.698211774161156,-0.6337885799691619,5.698211774161156
2002-06-13,-5.399071035922768,-0.6219572570027507,5.399071035922768
2002-06-14,8.144144144144127,-0.7110527022361174,8.144144144144127
2002-06-17,-2.5324891702765733,-0.6226096327696033,2.5324891702765733
2002-06-18,-4.200854700854704,-0.6778038783137974,4.200854700854704
2002-06-19,-11.152250524155766,-0.7314134141933346,11.152250524155766
2002-06-20,-1.63177185319074,-0.8616515671921611,1.63177185319074
2002-06-21,-6.084115965700285,-0.9110626606510964,6.084115965700285
2002-06-24,6.429347826086947,-0.895966790033103,6.429347826086947
2002-06-25,-20.124597865495577,-0.8835793957351135,20.124597865495577
2002-06-26,10.868175425137446,-1.016397035473793,10.868175425137446
2002-06-27,-19.271133663937263,-0.9105609808492704,19.271133663937263
2002-06-28,1.7857142857142954,-0.796427667743416,1.7857142857142954
2002-07-01,-0.9333333333333396,-0.9987445557135908,0.9333333333333396
2002-07-02,-5.78734858681022,-1.02014276965185,5.78734858681022
2002-07-03,17.16541353383458,-1.036619965523962,17.16541353383458
2002-07-05,0.3786177244433046,-0.7201257742451251,0.3786177244433046
2002-07-08,4.475131057409542,-0.7986626035368931,4.475131057409542
2002-07-09,-2.857667360176244,-0.8838441955117227,2.857667360176244
2002-07-10,-5.562204724409438,-0.88903463438857,5.562204724409438
2002-07-11,16.728922091782277,-0.872693774575191,16.728922091782277
2002-07-12,-4.954285714285715,-0.6567883438864086,4.954285714285715
2002-07-15,6.968075512535314,-0.6303396172601597,6.968075512535314
2002-07-16,-2.3887140287769775,-0.6928484768916864,2.3887140287769775
2002-07-17,-8.015201243738124,-0.6392529798238044,8.015201243738124
2002-07-18,-3.962441314553985,-0.6162872432986056,3.962441314553985
2002-07-19,-1.955416503715293,-0.8323023520684109,1.955416503715293
2002-07-22,-3.656428666400741,-0.8965713177215654,3.656428666400741
2002-07-23,-9.260281534639809,-0.8166555837105032,9.260281534639809
2002-07-24,3.67300380228137,-0.8442630583335015,3.67300380228137
2002-07-25,-5.2519621506638225,-0.9765449585803878,5.2519621506638225
2002-07-26,-1.1612603545715046,-1.097913134064191,1.1612603545715046
2002-07-29,-1.7623560742539333,-1.0851564463807144,1.7623560742539333
2002-07-30,-21.463881358634985,-1.1363413271717118,21.463881358634985
2002-07-31,-5.583756345177659,-1.2694380924201072,5.583756345177659
2002-08-01,-7.440860215053767,-1.3186176433180772,7.440860215053767
2002-08-02,-10.838754646840156,-1.3205562115491625,10.838754646840156
2002-08-05,-2.280130293159604,-1.3466002566260988,2.280130293159604
2002-08-06,4.999999999999997,-1.353971165623862,4.999999999999997
2002-08-07,-5.498412698412698,-1.2687626030888546,5.498412698412698
2002-08-08,2.687449610319809,-1.4036387896508595,2.687449610319809
2002-08-09,-0.772049201779641,-1.3879778113199832,0.772049201779641
2002-08-12,1.7671106422260423,-1.3374607390457935,1.7671106422260423
2002-08-13,-0.8682130361539508,-1.2236729296639528,0.8682130361539508
2002-08-14,8.71895424836601,-1.325246918099951,8.71895424836601
2002-08-15,-2.404713237946377,-1.23309051776907,2.404713237946377
2002-08-16,14.475791548601707,-1.1724064624245774,14.475791548601707
2002-08-19,14.34567369780456,-1.1086811641504866,14.34567369780456
2002-08-20,-0.8658823529411857,-1.0080861617550891,0.8658823529411857
2002-08-21,-2.288047090097789,-0.8783613637810016,2.288047090097789
2002-08-22,-3.245239020598511,-0.924673541375812,3.245239020598511
2002-08-23,-2.008435428800966,-0.9729250274497624,2.008435428800966
2002-08-26,0.6046320967411372,-1.0096328568307973,0.6046320967411372
2002-08-27,-7.812977488030966,-1.0289934973478223,7.812977488030966
2002-08-28,-6.906077348066298,-0.98813338110726,6.906077348066298
2002-08-29,1.5786350148367927,-1.1803399817835076,1.5786350148367927
2002-08-30,-6.309885487263385,-1.0773627665498022,6.309885487263385
2002-09-03,-1.159890246944372,-1.020722202505525,1.159890246944372
2002-09-04,-1.89274447949527,-1.027199294139755,1.89274447949527
2002-09-05,1.1832797427652717,-1.0535820685704609,1.1832797427652717
2002-09-06,-2.656667090377516,-1.1448973399652926,2.656667090377516
2002-09-09,0.1175241577435377,-1.1966645971138627,0.1175241577435377
2002-09-10,18.468762227729226,-1.1920877603116462,18.468762227729226
2002-09-11,-0.726632169987895,-0.9705544521852912,0.726632169987895
2002-09-12,-1.76333592103803,-0.9195881689631455,1.76333592103803
2002-09-13,-2.06592910363513,-0.9736737234701108,2.06592910363513
2002-09-16,-0.6685878962536054,-0.9537544720029714,0.6685878962536054
2002-09-17,-7.160264593245907,-0.8219721592934618,7.160264593245907
2002-09-18,-3.4375000000000098,-0.9605142237940544,3.4375000000000098
2002-09-19,-0.4271844660194135,-1.000431662341774,0.4271844660194135
2002-09-20,-1.846073842953717,-1.087488792720653,1.846073842953717
2002-09-23,-3.867549668874173,-1.042457459183335,3.867549668874173
2002-09-24,7.922292642601268,-1.133100926408715,7.922292642601268
2002-09-25,1.5958125877696867,-1.0294226918035,1.5958125877696867
2002-09-26,-7.325961296808233,-0.9456228535157972,7.325961296808233
2002-09-27,-3.6203389830508543,-1.029191851630206,3.6203389830508543
2002-09-30,1.1817670230725892,-1.1713082577080154,1.1817670230725892
2002-10-01,5.325361512791992,-1.158748461749769,5.325361512791992
2002-10-02,-2.085808580858076,-1.1141552570671285,2.085808580858076
2002-10-03,-3.9369017122825944,-1.0171659800097776,3.9369017122825944
2002-10-04,-6.077192982456141,-1.13740611322598,6.077192982456141
2002-10-07,-0.3735803945009052,-1.2287723130995112,0.3735803945009052
2002-10-08,-7.499625018749052,-1.2730089653665229,7.499625018749052
2002-10-09,-1.362088535754836,-1.3915745585359718,1.362088535754836
2002-10-10,10.274535590991288,-1.3984288068513346,10.274535590991288
2002-10-11,6.216457960644018,-1.3489742738249544,6.216457960644018
2002-10-14,11.1157894736842,-1.1964322874354163,11.1157894736842
2002-10-15,-7.37653151446255,-1.1386820417972698,7.37653151446255
2002-10-16,6.8184917496249895,-1.121618237287279,6.8184917496249895
2002-10-17,-1.4809140814502673,-1.0849992919174358,1.4809140814502673
2002-10-18,0.1036672281974746,-1.0172502364811844,0.1036672281974746
2002-10-21,5.501618122977344,-1.049453733764998,5.501618122977344
2002-10-22,9.914110429447865,-1.023398198369455,9.914110429447865
2002-10-23,4.565751283768691,-0.7106400703008627,4.565751283768691
2002-10-24,-6.586954200918115,-0.5816540425292988,6.586954200918115
2002-10-25,10.571428571428577,-0.7010292783480746,10.571428571428577
2002-10-28,-3.700258397932822,-0.5388009127393592,3.700258397932822
2002-10-29,-1.524095738971771,-0.5089453861462436,1.524095738971771
2002-10-30,2.811989100817444,-0.5848684275303933,2.811989100817444
2002-10-31,3.5407611576380775,-0.4980339321378014,3.5407611576380775
2002-11-01,28.31985256475889,-0.3658413885899207,28.31985256475889
2002-11-04,3.726162929865153,-0.221701145807864,3.726162929865153
2002-11-05,-0.4461538461538482,-0.1181639584352261,0.4461538461538482
2002-11-06,1.4758151753979212,-0.1698285412398019,1.4758151753979212
2002-11-07,-21.952333815579077,-0.1045319496460279,21.952333815579077
2002-11-08,-12.029268292682923,-0.3594850027387135,12.029268292682923
2002-11-11,-0.8317622269047301,-0.4150560171158202,0.8317622269047301
2002-11-12,3.813464549317828,-0.3996932838334609,3.813464549317828
2002-11-13,12.657546051922877,-0.3132955104777628,12.657546051922877
2002-11-14,6.062344616561474,-0.2235439115919535,6.062344616561474
2002-11-15,9.313018391633603,-0.0357896075018652,9.313018391633603
2002-11-18,-4.5360824742268,-0.0281182304007892,4.5360824742268
2002-11-19,5.114470842332606,0.0848540085860453,5.114470842332606
2002-11-20,6.024492479658104,0.1178526467989603,6.024492479658104
2002-11-21,-2.069767441860461,0.1855115174266863,2.069767441860461
2002-11-22,8.509459352489506,0.2104784865568862,8.509459352489506
2002-11-25,-0.4814706740589392,0.1395246408998479,0.4814706740589392
2002-11-26,0.9162879343204776,0.1298156218886816,0.9162879343204776
2002-11-27,6.108810924674953,0.0938674943372251,6.108810924674953
2002-11-29,2.909364731653887,0.1952901118201932,2.909364731653887
2002-12-02,-7.536752477882004,0.2581173667890791,7.536752477882004
2002-12-03,-11.51079136690647,-0.1293467931011062,11.51079136690647
2002-12-04,0.8130081300813016,-0.1734497394551757,0.8130081300813016
2002-12-05,-9.274193548387096,-0.2493562126783583,9.274193548387096
2002-12-06,1.2622222222222217,-0.1924389275862282,1.2622222222222217
2002-12-09,-2.492977528089886,-0.0910604549384863,2.492977528089886
2002-12-10,4.951386388188687,-0.0676285753237194,4.951386388188687
2002-12-11,3.860010293360795,0.0068193948092881,3.860010293360795
2002-12-12,-6.879748926329712,0.1080808750315607,6.879748926329712
2002-12-13,1.2594235033259416,0.1183634310170802,1.2594235033259416
2002-12-16,4.160462468249111,0.1165793226713451,4.160462468249111
2002-12-17,-4.978136562394899,0.2225641692283974,4.978136562394899
2002-12-18,-6.3451327433628215,0.2031126314818481,6.3451327433628215
2002-12-19,2.7685911367287046,0.1731497376046891,2.7685911367287046
2002-12-20,-2.0044133872747167,0.2889818476596938,2.0044133872747167
2002-12-23,1.4918371176580996,0.3403322225334294,1.4918371176580996
2002-12-24,-0.924470740501064,0.4386771973822597,0.924470740501064
2002-12-26,-0.7838014369693184,0.558619093715465,0.7838014369693184
2002-12-27,-5.953164676008645,0.5820641905691024,5.953164676008645
2002-12-30,-4.920000000000002,0.4363405701877286,4.920000000000002
2002-12-31,5.174589819099707,0.4515433761631021,5.174589819099707
2003-01-02,2.9199999999999893,0.4679320038923643,2.9199999999999893
2003-01-03,2.0987174504469555,0.4945273751760495,2.0987174504469555
2003-01-06,7.613247049866775,0.479091339132057,7.613247049866775
2003-01-07,-4.713477184294316,0.5593838927241708,4.713477184294316
2003-01-08,-4.714617169373546,0.4256814740115444,4.714617169373546
2003-01-09,-2.600564916723478,0.3813293985725108,2.600564916723478
2003-01-10,7.000000000000006,0.2111802222916895,7.000000000000006
2003-01-13,-4.1214953271028065,0.0383288664233364,4.1214953271028065
2003-01-14,0.47762939857685,0.0136851419025435,0.47762939857685
2003-01-15,-4.608071400853705,0.0538470206081922,4.608071400853705
2003-01-16,-7.881623105867986,0.0490812118125021,7.881623105867986
2003-01-17,0.7396776330315663,-0.0007632595174643,0.7396776330315663
2003-01-21,-4.569863013698626,6.361519505438637e-05,4.569863013698626
2003-01-22,3.0661460725769345,0.0330869713541873,3.0661460725769345
2003-01-23,-0.7465181058495742,0.145191507789323,0.7465181058495742
2003-01-24,-6.915132465199818,0.1069098612354552,6.915132465199818
2003-01-27,-0.6029908345393155,0.1092617821106793,0.6029908345393155
2003-01-28,2.1232710507158408,0.0908593800027238,2.1232710507158408
2003-01-29,6.9264583580848305,0.1022192344066605,6.9264583580848305
2003-01-30,-8.700000000000005,0.1627694470900657,8.700000000000005
2003-01-31,5.975416818790317,0.0785527911349638,5.975416818790317
2003-02-03,0.0,0.1191574334442476,0.0
2003-02-04,-1.7225539733578334,-0.3183383063332924,1.7225539733578334
2003-02-05,5.643842019163357,-0.3050148137243033,5.643842019163357
2003-02-06,-3.959738966928443,-0.1811407562001549,3.959738966928443
2003-02-07,-6.4263503397443245,-0.1857240618276007,6.4263503397443245
2003-02-10,2.153846153846149,-0.2370810351071371,2.153846153846149
2003-02-11,-2.614457831325294,-0.1357099716579257,2.614457831325294
2003-02-12,2.276382531238398,-0.1322061207873783,2.276382531238398
2003-02-13,13.100278214588128,-0.1097489603716817,13.100278214588128
2003-02-14,11.411764705882351,0.181546655429853,11.411764705882351
2003-02-18,1.1999616012287564,0.3384506718606679,1.1999616012287564
2003-02-19,1.973060140390811,0.2727364382567631,1.973060140390811
2003-02-20,-0.4651162790697575,0.3026678391136422,0.4651162790697575
2003-02-21,-0.6915887850467358,0.3769684907733097,0.6915887850467358
2003-02-24,-1.185770750988137,0.4112208471008667,1.185770750988137
2003-02-25,1.3523809523809514,0.502372583064286,1.3523809523809514
2003-02-26,-2.6686713023867674,0.4723032796021582,2.6686713023867674
2003-02-27,-2.0081096736821924,0.4314457307768569,2.0081096736821924
2003-02-28,4.847290640394102,0.4079871425573269,4.847290640394102
2003-03-03,-2.5089268934410773,0.5117037541604492,2.5089268934410773
2003-03-04,-2.091566265060246,0.4507743643658555,2.091566265060246
2003-03-05,1.8113801929513655,0.4438234620707083,1.8113801929513655
2003-03-06,-2.41732740282343,0.4566853407987405,2.41732740282343
2003-03-07,2.061038446294087,0.3567664811624302,2.061038446294087
2003-03-10,-1.0485436893203806,0.3509303721530641,1.0485436893203806
2003-03-11,0.8143642072213475,0.278387132298782,0.8143642072213475
2003-03-12,4.944038929440385,0.3172602855317846,4.944038929440385
2003-03-13,7.187239172771947,0.3776411024095085,7.187239172771947
2003-03-14,-4.827824883197772,0.5200364742642619,4.827824883197772
2003-03-17,7.199999999999994,0.38092730748385,7.199999999999994
2003-03-18,-0.2120081411126142,0.4391803114173644,0.2120081411126142
2003-03-19,0.280445313163921,0.3958361288665046,0.280445313163921
2003-03-20,4.4406779661016955,0.3702114797923388,4.4406779661016955
2003-03-21,-8.171048360921779,0.4420278225045937,8.171048360921779
2003-03-24,0.6627198020676913,0.243697276258444,0.6627198020676913
2003-03-25,4.827949438202242,0.2476511887232792,4.827949438202242
2003-03-26,-0.770390219393726,0.2914969925959876,0.770390219393726
2003-03-27,-1.544303797468353,0.2489723143690879,1.544303797468353
2003-03-28,-7.002657066940953,0.1969724799746676,7.002657066940953
2003-03-31,0.9953917050691375,0.0562821556203044,0.9953917050691375
2003-04-01,4.261726592443873,0.0493376949767289,4.261726592443873
2003-04-02,2.1181619256017505,0.0933800334460387,2.1181619256017505
2003-04-03,-0.2142795920116712,0.1040611727226008,0.2142795920116712
2003-04-04,2.3535475004294875,0.275079341691667,2.3535475004294875
2003-04-07,-4.54011413225915,0.392346378299428,4.54011413225915
2003-04-08,-1.4681318681318627,0.326082182247528,1.4681318681318627
2003-04-09,0.4461099214846443,0.2761755923067227,0.4461099214846443
2003-04-10,0.3020074613608163,0.200365625424719,0.3020074613608163
2003-04-11,-3.692879914984066,0.1645105135744286,3.692879914984066
2003-04-14,2.602298850574712,-0.0455349170215484,2.602298850574712
2003-04-15,2.4645993905717942,0.017658312681617,2.4645993905717942
2003-04-16,-1.530656870462702,-0.0013227305964905,1.530656870462702
2003-04-17,1.1902647006573177,-0.075248755699272,1.1902647006573177
2003-04-21,1.8960674157303428,-0.0655965682656871,1.8960674157303428
2003-04-22,1.6540317022742834,-0.1282886432117292,1.6540317022742834
2003-04-23,2.4745762711864505,-0.1045676786089962,2.4745762711864505
2003-04-24,-3.589149851141259,0.1403017913314891,3.589149851141259
2003-04-25,-1.9986275518956835,-0.0801713145267017,1.9986275518956835
2003-04-28,4.157549234135656,-0.1124695579771691,4.157549234135656
2003-04-29,0.2100840336134409,-0.0338280965672387,0.2100840336134409
2003-04-30,-0.5618448637316502,0.1319658972856255,0.5618448637316502
2003-05-01,2.6733007252487826,0.1345071364351396,2.6733007252487826
2003-05-02,9.86447638603695,0.2461113416991145,9.86447638603695
2003-05-05,0.9868421052631656,0.1553651203317697,0.9868421052631656
2003-05-06,-0.8587503701510256,0.1909255224531136,0.8587503701510256
2003-05-07,-1.3739545997610494,0.1342365064538671,1.3739545997610494
2003-05-08,18.806783767413688,0.0934919271510949,18.806783767413688
2003-05-09,13.7522304358909,0.3996722916425263,13.7522304358909
2003-05-12,-6.347338935574227,0.4197525150481452,6.347338935574227
2003-05-13,1.9441287312316788,0.3592736174200402,1.9441287312316788
2003-05-14,1.0268747799554083,0.4033791709808305,1.0268747799554083
2003-05-15,0.6737526862984291,0.4855951964711809,0.6737526862984291
2003-05-16,0.8654012577164889,0.4679119784660216,0.8654012577164889
2003-05-19,-4.238403020076649,0.4982881361271433,4.238403020076649
2003-05-20,0.5973002030820697,0.4373880452714908,0.5973002030820697
2003-05-21,3.610022562641028,0.4480481644442536,3.610022562641028
2003-05-22,0.2865329512893921,0.5035102168551056,0.2865329512893921
2003-05-23,-1.6685714285714224,0.5568279317364071,1.6685714285714224
2003-05-27,9.68735471873546,0.5844486965187611,9.68735471873546
2003-05-28,0.0,0.6403520247586604,0.0
2003-05-29,16.996026490066225,0.6161301772850838,16.996026490066225
2003-05-30,1.3222841099488245,0.765934800578469,1.3222841099488245
2003-06-02,-8.974301675977637,0.7092967608030042,8.974301675977637
2003-06-03,2.9017528354691375,0.6546543618462448,2.9017528354691375
2003-06-04,1.355091134650252,0.7212268566280078,1.355091134650252
2003-06-05,8.313718105639776,0.7544702692190813,8.313718105639776
2003-06-06,-7.280076495132128,0.7707369139959613,7.280076495132128
2003-06-09,-0.5859466554164992,0.7403267941269718,0.5859466554164992
2003-06-10,0.825160316861565,0.7354126190318162,0.825160316861565
2003-06-11,1.4029836786231962,0.7761165688282469,1.4029836786231962
2003-06-12,-6.415163953327492,0.8630081726845209,6.415163953327492
2003-06-13,-2.464025231618363,0.7937898049993347,2.464025231618363
2003-06-16,3.238682295877113,0.8182027814761826,3.238682295877113
2003-06-17,-0.8956100425781816,0.8189200289884925,0.8956100425781816
2003-06-18,5.308641975308639,0.8200542050095087,5.308641975308639
2003-06-19,-5.472450175849932,0.9411487632084204,5.472450175849932
2003-06-20,-2.187717035420182,0.8901457776497091,2.187717035420182
2003-06-23,-4.057412385251309,0.8436184533238635,4.057412385251309
2003-06-24,0.6607813078183621,0.7513929800322784,0.6607813078183621
2003-06-25,0.698456044533142,0.8462777841374977,0.698456044533142
2003-06-26,1.0013037809648035,0.7864648892974335,1.0013037809648035
2003-06-27,-1.6368048742706698,0.7971758736023986,1.6368048742706698
2003-06-30,-1.0498687664042003,0.7905617520839427,1.0498687664042003
2003-07-01,6.408488063660467,0.7233643014388627,6.408488063660467
2003-07-02,-3.489879349885325,0.8257714462513136,3.489879349885325
2003-07-03,2.582911457795229,0.8595635116791205,2.582911457795229
2003-07-07,2.22580320273944,0.8620824138591522,2.22580320273944
2003-07-08,1.6403940886699562,0.8978143832631276,1.6403940886699562
2003-07-09,-0.8481558668152994,0.8760299263183761,0.8481558668152994
2003-07-10,0.1661941538762376,0.8211121982293234,0.1661941538762376
2003-07-11,1.8690220573882492,0.6133252326136389,1.8690220573882492
2003-07-14,-1.796407185628747,0.6180948253290713,1.796407185628747
2003-07-15,-2.887804878048777,0.5656703656864458,2.887804878048777
2003-07-16,-5.982519590114526,0.5474292572406567,5.982519590114526
2003-07-17,-3.964310519848257,0.528329296457816,3.964310519848257
2003-07-18,-0.8789986091794179,0.5226775239937771,0.8789986091794179
2003-07-21,0.7015771454229082,0.4990837899315955,0.7015771454229082
2003-07-22,-1.2094526808605537,0.5371982101906002,1.2094526808605537
2003-07-23,3.244005641748948,0.5498656738449985,3.244005641748948
2003-07-24,-5.420765027322414,0.5095944224101399,5.420765027322414
2003-07-25,2.2186272244049117,0.4905262456716648,2.2186272244049117
2003-07-28,-12.581957947094738,0.5405052944497051,12.581957947094738
2003-07-29,2.3729471097892123,0.4133756679220287,2.3729471097892123
2003-07-30,1.5789806101181163,0.4619854568629248,1.5789806101181163
2003-07-31,-1.032145743953253,0.4590328254857485,1.032145743953253
2003-08-01,3.141295470251935,0.4665147151816525,3.141295470251935
2003-08-04,6.548090394103682,0.4869210602089069,6.548090394103682
2003-08-05,-4.0990166933455345,0.5100555120227727,4.0990166933455345
2003-08-06,-3.0283159463487306,0.3976411563263856,3.0283159463487306
2003-08-07,-15.214852154668966,0.4206751177409123,15.214852154668966
2003-08-08,-4.836136890951275,0.1932489571906219,4.836136890951275
2003-08-11,5.08190476190476,0.1739844387320538,5.08190476190476
2003-08-12,1.145591647331789,0.2186324991303548,1.145591647331789
2003-08-13,-3.1039426523297573,0.1924014425442142,3.1039426523297573
2003-08-14,-0.7398091292446556,0.241118038518794,0.7398091292446556
2003-08-15,1.9229335917120107,0.2381861448593025,1.9229335917120107
2003-08-18,3.5978062157221307,0.1924655012486746,3.5978062157221307
2003-08-19,3.8187336768546647,0.2473424981357022,3.8187336768546647
2003-08-20,2.4136524340494874,0.3092757625237659,2.4136524340494874
2003-08-21,6.333399721171077,0.414212424792949,6.333399721171077
2003-08-22,-3.1778735093962633,0.4739765249057834,3.1778735093962633
2003-08-25,-3.649729172040237,0.3897953416471026,3.649729172040237
2003-08-26,0.3346272252710557,0.3294430619867114,0.3346272252710557
2003-08-27,3.335112059765196,0.3368786945012768,3.335112059765196
2003-08-28,-3.7115930802995023,0.3491416044922139,3.7115930802995023
2003-08-29,3.291546557618819,0.3597280247514023,3.291546557618819
2003-09-02,-1.1357736240913714,0.4115262828118916,1.1357736240913714
2003-09-03,-3.006630342020617,0.3983978968463575,3.006630342020617
2003-09-04,0.7309644670050708,0.3667966118338367,0.7309644670050708
2003-09-05,6.275616475173026,0.4117557938798704,6.275616475173026
2003-09-08,0.101156982992971,0.4501467432437598,0.101156982992971
2003-09-09,6.056969620413068,0.4296960627197704,6.056969620413068
2003-09-10,-2.828727965697958,0.5073828846432334,2.828727965697958
2003-09-11,-3.425874854446273,0.4670964980500526,3.425874854446273
2003-09-12,3.172991496382778,0.411208766265757,3.172991496382778
2003-09-15,-2.2511994095214645,0.4244163202108795,2.2511994095214645
2003-09-16,3.511200604077528,0.3846085969790436,3.511200604077528
2003-09-17,0.0,0.4548831488258698,0.0
2003-09-18,2.5045592705167112,0.2959791560777422,2.5045592705167112
2003-09-19,-3.878543470525436,0.2981110428127426,3.878543470525436
2003-09-22,-1.8509378084896364,0.2160724443970999,1.8509378084896364
2003-09-23,-1.3578073925069187,0.1628312420393554,1.3578073925069187
2003-09-24,-4.836859546265604,0.1065179683840361,4.836859546265604
2003-09-25,-2.450947565793877,-0.0100728819384338,2.450947565793877
2003-09-26,-8.40941854877463,-0.0645183488077945,8.40941854877463
2003-09-29,-1.2516864038375175,-0.1594749116451465,1.2516864038375175
2003-09-30,1.1992409867172704,-0.1866450602810214,1.1992409867172704
2003-10-01,0.0,-0.2110774988780967,0.0
2003-10-02,5.002625065626639,-0.259118186092988,5.002625065626639
2003-10-03,0.0571428571428667,-0.1129049088253188,0.0571428571428667
2003-10-06,-0.9494574528840726,-0.1606218310849743,0.9494574528840726
2003-10-07,0.9009009009008976,-0.191961084183257,0.9009009009008976
2003-10-08,-2.0857142857142783,-0.1923259565333759,2.0857142857142783
2003-10-09,1.5246571345199824,-0.2376392904197232,1.5246571345199824
2003-10-10,1.314938564345763,-0.1924006138396228,1.314938564345763
2003-10-13,-1.184397163120563,-0.1803530197333888,1.184397163120563
2003-10-14,4.126892987870531,-0.2226134801890574,4.126892987870531
2003-10-15,-2.295285359801496,-0.1992856391184477,2.295285359801496
2003-10-16,0.5291005291005335,-0.2330422392942231,0.5291005291005335
2003-10-17,-2.5122807017543898,-0.2646134175958475,2.5122807017543898
2003-10-20,4.016700259141958,-0.301891392031744,4.016700259141958
2003-10-21,-0.3460207612456827,-0.3424522458555938,0.3460207612456827
2003-10-22,-1.618055555555547,-0.3514093416818591,1.618055555555547
2003-10-23,0.0,-0.2936656110093917,0.0
2003-10-24,1.1717371355968058,-0.3174814503894687,1.1717371355968058
2003-10-27,1.3395660364194435,-0.3111485922747745,1.3395660364194435
2003-10-28,1.7762478485370083,-0.3827839429824833,1.7762478485370083
2003-10-29,5.695731583575733,-0.289071686065517,5.695731583575733
2003-10-30,-3.4688000000000017,-0.2245303723266134,3.4688000000000017
2003-10-31,-2.817741828548696,-0.2658704644116358,2.817741828548696
2003-11-03,4.604993860008195,-0.3031579042183067,4.604993860008195
2003-11-04,-3.802256570795018,-0.1900326369744011,3.802256570795018
2003-11-05,4.013559322033893,-0.2030557936551217,4.013559322033893
2003-11-06,17.650892973536692,-0.1965809966672868,17.650892973536692
2003-11-07,0.7368421052631628,0.1611793488473397,0.7368421052631628
2003-11-10,-2.8378155419897757,-0.1203428052082937,2.8378155419897757
2003-11-11,-0.5660270560932817,-0.0757474938628848,0.5660270560932817
2003-11-12,1.6565150566402986,-0.0468995763184225,1.6565150566402986
2003-11-13,0.330384141561206,0.0244329704633938,0.330384141561206
2003-11-14,-7.953340402969251,0.021150351596826,7.953340402969251
2003-11-17,3.3349502789231105,-0.0650933169005732,3.3349502789231105
2003-11-18,-3.133435042835342,-0.0434465455369458,3.133435042835342
2003-11-19,0.454325175672405,-0.0553780657238683,0.454325175672405
2003-11-20,0.1025146234095044,-0.0405512358368159,0.1025146234095044
2003-11-21,0.1506024096385644,-0.1090894649089209,0.1506024096385644
2003-11-24,5.461654135338344,-0.0675672998303943,5.461654135338344
2003-11-25,2.9487252609365115,-0.0410810580738528,2.9487252609365115
2003-11-26,-1.56786703601108,-0.0341394922360306,1.56786703601108
2003-11-28,0.7035515281139166,-0.0641689474816119,0.7035515281139166
2003-12-01,-0.3297563156717971,-0.0486203113014317,0.3297563156717971
2003-12-02,0.4710368418101252,-0.0535495652672948,0.4710368418101252
2003-12-03,-0.976726014399736,-0.0675842796064806,0.976726014399736
2003-12-04,-3.195806560703414,0.0236613793414123,3.195806560703414
2003-12-05,-0.8733624454148544,0.0176420737057374,0.8733624454148544
2003-12-08,0.5403817914831188,0.0512605107304988,0.5403817914831188
2003-12-09,-5.018402757492557,0.0919072588561377,5.018402757492557
2003-12-10,2.1589371386394474,0.0430026366062764,2.1589371386394474
2003-12-11,6.5205611415497655,0.0706655075636705,6.5205611415497655
2003-12-12,1.0343658150576522,0.1535146987348611,1.0343658150576522
2003-12-15,-5.359440559440565,0.1535993940592726,5.359440559440565
2003-12-16,1.140864219424253,0.12297023576984,1.140864219424253
2003-12-17,-0.9351256575102288,0.1301915159986074,0.9351256575102288
2003-12-18,4.619469026548675,0.1806509125145318,4.619469026548675
2003-12-19,-2.441775221338754,0.214455653402265,2.441775221338754
2003-12-22,1.25433526011561,0.180723577751798,1.25433526011561
2003-12-23,4.424273562824679,0.2037088961648274,4.424273562824679
2003-12-24,0.087469932210805,0.2351875080174365,0.087469932210805
2003-12-26,5.462093074065987,0.1989251687196144,5.462093074065987
2003-12-29,1.211932877563697,0.2855893028895158,1.211932877563697
2003-12-30,1.2332412240302943,0.3266524223096015,1.2332412240302943
2003-12-31,-0.7127331547288076,0.4242363693608375,0.7127331547288076
2004-01-02,-0.5956623561755444,0.4714943380284142,0.5956623561755444
2004-01-05,1.4084507042253562,0.4104696921646286,1.4084507042253562
2004-01-06,3.1969696969696924,0.4114913613805981,3.1969696969696924
2004-01-07,3.303479665247389,0.4795565947972208,3.303479665247389
2004-01-08,-1.5397005874549818,0.5186932106914481,1.5397005874549818
2004-01-09,2.487610065919254,0.4814372684130028,2.487610065919254
2004-01-12,0.2723004694835798,0.4693378147293517,0.2723004694835798
2004-01-13,-4.0172300777226475,0.4333591567914573,4.0172300777226475
2004-01-14,-2.195121951219509,0.3687089759876434,2.195121951219509
2004-01-15,2.2044887780548637,0.2763970084671491,2.2044887780548637
2004-01-16,1.48350575834473,0.3332805471372767,1.48350575834473
2004-01-20,0.7789959607616845,0.3877322051868972,0.7789959607616845
2004-01-21,-3.578585742914409,0.3936848685286673,3.578585742914409
2004-01-22,-3.0928345209817896,0.3241730792813445,3.0928345209817896
2004-01-23,-1.1029974978297423,0.331068979192109,1.1029974978297423
2004-01-26,1.203077399700515,0.2864498858049307,1.203077399700515
2004-01-27,-2.637755102040809,0.3179278238887879,2.637755102040809
2004-01-28,-1.1318975003930232,0.3115899640339236,1.1318975003930232
2004-01-29,-3.4345682938463966,0.2892861383480742,3.4345682938463966
2004-01-30,2.596190789834782,0.197963477412312,2.596190789834782
2004-02-02,0.5349882302589348,0.2216839026603202,0.5349882302589348
2004-02-03,-1.5112813963388665,0.1610681349962623,1.5112813963388665
2004-02-04,-0.7618327209855199,0.1694164135088589,0.7618327209855199
2004-02-05,2.2649316709315666,0.190692577112593,2.2649316709315666
2004-02-06,1.3789064579673007,0.185277061167419,1.3789064579673007
2004-02-09,-0.8349963239155448,0.2231860296724478,0.8349963239155448
2004-02-10,4.723825663295024,0.180109508261786,4.723825663295024
2004-02-11,1.6434892541087105,0.2530127632186553,1.6434892541087105
2004-02-12,-4.850746268656702,0.2664108282267372,4.850746268656702
2004-02-13,1.9607843137254832,0.220266380068562,1.9607843137254832
2004-02-17,0.8102564102564122,0.2502772382731051,0.8102564102564122
2004-02-18,1.1038762844643428,0.2697442885559791,1.1038762844643428
2004-02-19,-1.423899371069182,0.3024567197050278,1.423899371069182
2004-02-20,2.506124948958766,0.2927112753827256,2.506124948958766
2004-02-23,-4.979335756610072,0.4093224442874746,4.979335756610072
2004-02-24,-2.138028611853491,0.3594619020348446,2.138028611853491
2004-02-25,1.87416331994646,0.32209159220392,1.87416331994646
2004-02-26,-0.5676741130092059,0.3234101608985885,0.5676741130092059
2004-02-27,-2.2466564465824383,0.2459225731693724,2.2466564465824383
2004-03-01,1.8007787151200578,0.2253859597710338,1.8007787151200578
2004-03-02,-2.1673306772908454,0.2521149900927404,2.1673306772908454
2004-03-03,-0.0488678937937721,0.217513233656702,0.0488678937937721
2004-03-04,-1.086484137331596,0.2278244332771729,1.086484137331596
2004-03-05,1.5597539543057986,0.185675814738552,1.5597539543057986
2004-03-08,-2.6606099935107026,0.180978949847794,2.6606099935107026
2004-03-09,-1.527777777777782,0.1704920569821572,1.527777777777782
2004-03-10,-2.775740479548655,0.11607970215675,2.775740479548655
2004-03-11,1.5957755469157928,0.0725589330022151,1.5957755469157928
2004-03-12,0.3826822024217586,0.0785280591006112,0.3826822024217586
2004-03-15,-0.5234708392603185,0.082712802179628,0.5234708392603185
2004-03-16,4.861865812503573,0.0441267067960019,4.861865812503573
2004-03-17,0.2727322314951244,0.1495852763969696,0.2727322314951244
2004-03-18,1.3599521296850303,0.1491905641804211,1.3599521296850303
2004-03-19,-2.366768636290454,0.1619216045933343,2.366768636290454
2004-03-22,2.149296394019357,0.1129723436036291,2.149296394019357
2004-03-23,-1.1193025883872438,0.1379205611257692,1.1193025883872438
2004-03-24,5.85034013605443,0.1074348706092475,5.85034013605443
2004-03-25,4.329048843187652,0.1909745893283767,4.329048843187652
2004-03-26,1.271437019515093,0.259700375926609,1.271437019515093
2004-03-29,2.330900243308994,0.2786799980399718,2.330900243308994
2004-03-30,4.1799419848780195,0.2898325095680774,4.1799419848780195
2004-03-31,1.5245572393646305,0.3487633378000602,1.5245572393646305
2004-04-01,-0.7148637712436042,0.3490008751020537,0.7148637712436042
2004-04-02,-0.298872435810339,0.2595117269878145,0.298872435810339
2004-04-05,1.0582731525639222,0.2543344199004024,1.0582731525639222
2004-04-06,-1.5370786516854036,0.2899123425796698,1.5370786516854036
2004-04-07,1.104619317144422,0.2740174535287256,1.104619317144422
2004-04-08,1.3905191873589238,0.2774420414861259,1.3905191873589238
2004-04-12,-1.7410276961439093,0.292839210343097,1.7410276961439093
2004-04-13,-3.702360991525812,0.3222194282723484,3.702360991525812
2004-04-14,-0.3529411764705807,0.2538045256619572,0.3529411764705807
2004-04-15,-4.6422668240850085,0.2806401698823564,4.6422668240850085
2004-04-16,-2.520800316957219,0.2289136959644195,2.520800316957219
2004-04-19,0.0863689478229962,0.1876822526774573,0.0863689478229962
2004-04-20,-4.228426395939083,0.1939702575616048,4.228426395939083
2004-04-21,-0.6625324640907381,0.1056667960589883,0.6625324640907381
2004-04-22,2.353003948351286,0.0699579834262717,2.353003948351286
2004-04-23,1.1729135171766767,0.1091718341516711,1.1729135171766767
2004-04-26,-3.3491343775762656,0.1071508899639298,3.3491343775762656
2004-04-27,-1.5993176244802114,0.0733183239849693,1.5993176244802114
2004-04-28,-0.9914400260049954,0.0503475220313833,0.9914400260049954
2004-04-29,-2.3255813953488365,0.0441469399328802,2.3255813953488365
2004-04-30,-3.1764705882352926,0.0408829960117184,3.1764705882352926
2004-05-03,-0.9141931377654364,0.010988678874682,0.9141931377654364
2004-05-04,4.963503649635047,-0.006635952901369,4.963503649635047
2004-05-05,-0.3226703755215592,0.0930433807460332,0.3226703755215592
2004-05-06,4.883630071998655,0.0694915735935192,4.883630071998655
2004-05-07,-4.57109408258834,0.0858402817309498,4.57109408258834
2004-05-10,-0.1394077956839317,0.0306734063429225,0.1394077956839317
2004-05-11,0.6980120616484228,0.0884592146308991,0.6980120616484228
2004-05-12,-1.7523429268563109,0.0776783081096412,1.7523429268563109
2004-05-13,1.5973358920810516,0.0629728210894035,1.5973358920810516
2004-05-14,-1.850000000000006,0.0439323696811374,1.850000000000006
2004-05-17,0.7528159846040692,0.0485072990018847,0.7528159846040692
2004-05-18,2.9494382022471903,0.0387925298979395,2.9494382022471903
2004-05-19,-2.592087312414739,0.0319870824109688,2.592087312414739
2004-05-20,-0.0952380952380847,0.0032103214410656,0.0952380952380847
2004-05-21,-1.1215162900241136,-0.0392134540315741,1.1215162900241136
2004-05-24,0.2835592355242949,-0.0666667361433344,0.2835592355242949
2004-05-25,3.5344681332353107,-0.08016820396038,3.5344681332353107
2004-05-26,4.096569805549485,-0.0389448101125907,4.096569805549485
2004-05-27,-0.3043341378948487,0.0065636779939135,0.3043341378948487
2004-05-28,1.3578947368421077,-0.0110971846516488,1.3578947368421077
2004-06-01,3.85294423096895,-0.0290110399216355,3.85294423096895
2004-06-02,-3.0850000000000044,-0.0384454687896252,3.0850000000000044
2004-06-03,-2.708559046587215,-0.0387353625396097,2.708559046587215
2004-06-04,-1.6756814084208216,-0.0922462465372119,1.6756814084208216
2004-06-07,0.4476324021141178,-0.1108753407259462,0.4476324021141178
2004-06-08,-0.8053691275167851,-0.0726477408981798,0.8053691275167851
2004-06-09,-4.373477672530446,-0.0552062700572843,4.373477672530446
2004-06-10,-2.4056149883964446,-0.1211217868436357,2.4056149883964446
2004-06-14,-0.9221668019951296,-0.1599588168503892,0.9221668019951296
2004-06-15,-0.5326933208452781,-0.1739837423138375,0.5326933208452781
2004-06-16,-1.7655367231638432,-0.1464996322804503,1.7655367231638432
2004-06-17,-1.1023244668104464,-0.1308305513562172,1.1023244668104464
2004-06-18,-0.0969227041434483,-0.1298788335275528,0.0969227041434483
2004-06-21,-1.4673781227261702,-0.1437362393794389,1.4673781227261702
2004-06-22,2.0492307692307756,-0.1314363182656671,2.0492307692307756
2004-06-23,4.727733220768244,-0.0996438342366481,4.727733220768244
2004-06-24,-3.9385040594230447,-0.0127987679416222,3.9385040594230447
2004-06-25,2.601450578433142,-0.0777315475856106,2.601450578433142
2004-06-28,-1.659169246947478,-0.0624320180110906,1.659169246947478
2004-06-29,0.1009920988534447,-0.0639947174924121,0.1009920988534447
2004-06-30,2.373887240356085,-0.0561844177864148,2.373887240356085
2004-07-01,-4.6898550724637795,-0.0559222893486617,4.6898550724637795
2004-07-02,-2.5302597165622447,-0.1167918463906375,2.5302597165622447
2004-07-06,-4.52418096723869,-0.136757563999556,4.52418096723869
2004-07-07,-1.6862745098039245,-0.2305129354439209,1.6862745098039245
2004-07-08,-2.220449408323353,-0.2580570764225018,2.220449408323353
2004-07-09,-6.90780527604026,-0.2166281106312692,6.90780527604026
2004-07-12,1.701723634238979,-0.2764182824922879,1.701723634238979
2004-07-13,-4.847396768402162,-0.279410451016569,4.847396768402162
2004-07-14,0.0603773584905761,-0.374059378409632,0.0603773584905761
2004-07-15,1.1992759088851863,-0.3561367860404305,1.1992759088851863
2004-07-16,-4.352686889766698,-0.3691599671884013,4.352686889766698
2004-07-19,-0.3896205096236355,-0.2937559533697682,0.3896205096236355
2004-07-20,3.653289525150588,-0.2752389850338626,3.653289525150588
2004-07-21,-6.9811320754717014,-0.2686571190925559,6.9811320754717014
2004-07-22,2.2312373225152196,-0.3163941675498243,2.2312373225152196
2004-07-23,-2.119047619047614,-0.2727786010699522,2.119047619047614
2004-07-26,-4.994729587286151,-0.3181176764769257,4.994729587286151
2004-07-27,4.190492446872079,-0.3322700098054124,4.190492446872079
2004-07-28,-0.745412844036706,-0.3044332683719279,0.745412844036706
2004-07-29,4.7453990261616,-0.3119259750773771,4.7453990261616
2004-07-30,1.047904191616756,-0.2891225181790466,1.047904191616756
2004-08-02,1.949317738791433,-0.251081680284064,1.949317738791433
2004-08-03,-5.674952198852775,-0.2250559904491728,5.674952198852775
2004-08-04,1.6946403956863632,-0.2358339242689952,1.6946403956863632
2004-08-05,-32.2915005581247,-0.2484435449200705,32.2915005581247
2004-08-06,-5.004710315591143,-0.4075024246118323,5.004710315591143
2004-08-09,7.846783190777243,-0.4127850873321013,7.846783190777243
2004-08-10,-0.1954022988505787,-0.3201056283070244,0.1954022988505787
2004-08-11,-0.6679718991132001,-0.3415641629956436,0.6679718991132001
2004-08-12,-0.4869565217391411,-0.3822520009957498,0.4869565217391411
2004-08-13,0.780612839333571,-0.3499944042224376,0.780612839333571
2004-08-16,2.404624277456652,-0.3903254338361307,2.404624277456652
2004-08-17,3.6689997742153952,-0.3687631606610376,3.6689997742153952
2004-08-18,5.085484046607858,-0.4027812620902543,5.085484046607858
2004-08-19,0.1761658031088119,-0.4405325479805805,0.1761658031088119
2004-08-20,8.792800248267309,-0.4776181263383429,8.792800248267309
2004-08-23,1.4262622420842352,-0.4856156962471977,1.4262622420842352
2004-08-24,-2.971782131808387,-0.5846735358803173,2.971782131808387
2004-08-25,1.6908212560386544,-0.6552348116870003,1.6908212560386544
2004-08-26,0.6365795724465491,-0.6421646671851784,0.6365795724465491
2004-08-27,1.4161631419939695,-0.6450693288940279,1.4161631419939695
2004-08-30,-2.560044684416317,-0.6798349267889728,2.560044684416317
2004-08-31,-2.07318238272667,-0.6665508654255888,2.07318238272667
2004-09-01,3.814634146341477,-0.7175852189161921,3.814634146341477
2004-09-02,0.3946997462644471,-0.7483501392685722,0.3946997462644471
2004-09-03,0.702049985959006,-0.715658668469274,0.702049985959006
2004-09-07,-2.556237218813913,-0.6422545055684644,2.556237218813913
2004-09-08,0.3243346370313907,-0.6566304723671201,0.3243346370313907
2004-09-09,6.494247408956929,-0.563265123535586,6.494247408956929
2004-09-10,4.535714285714281,-0.4799021641371074,4.535714285714281
2004-09-13,1.1445165698667454,-0.4642862264757602,1.1445165698667454
2004-09-14,-1.832460732984279,-0.3699040527926882,1.832460732984279
2004-09-15,-0.8602150537634415,-0.3718192054844431,0.8602150537634415
2004-09-16,2.819956616052058,-0.4357402850339587,2.819956616052058
2004-09-17,1.2658227848101182,-0.4537105150065049,1.2658227848101182
2004-09-20,3.3333333333333366,-0.3812206145811615,3.3333333333333366
2004-09-21,-1.346774193548382,-0.3342715838248078,1.346774193548382
2004-09-22,-1.021826207798574,-0.3262658854022167,1.021826207798574
2004-09-23,0.1486620416253552,-0.2895757103295774,0.1486620416253552
2004-09-24,-4.19759195117928,-0.2275943176230299,4.19759195117928
2004-09-27,-1.29121115606438,-0.2409044426910438,1.29121115606438
2004-09-28,1.6656492543821309,-0.3415622587470555,1.6656492543821309
2004-09-29,3.64556527706296,-0.3282964436352822,3.64556527706296
2004-09-30,0.6207067781180222,-0.4139630242852019,0.6207067781180222
2004-10-01,5.831551241980586,-0.3011199264029675,5.831551241980586
2004-10-04,-0.9714774228646892,-0.2660562477393194,0.9714774228646892
2004-10-05,-0.7848061528802392,-0.2833527356651449,0.7848061528802392
2004-10-06,2.4363233665559196,-0.2437625118939971,2.4363233665559196
2004-10-07,-1.930501930501924,-0.2587219878540242,1.930501930501924
2004-10-08,-4.661417322834639,-0.2282309968212478,4.661417322834639
2004-10-11,-3.369672943508438,-0.2788567459379737,3.369672943508438
2004-10-12,5.059829059829072,-0.3639230276481648,5.059829059829072
2004-10-13,-2.6439960950211496,-0.2724053230336347,2.6439960950211496
2004-10-14,-3.6934904320213935,-0.2897915943812907,3.6934904320213935
2004-10-15,-3.540130151843832,-0.2987922231199572,3.540130151843832
2004-10-18,4.947377889718464,-0.3345050364099061,4.947377889718464
2004-10-19,-3.3599040027427893,-0.3547260083327186,3.3599040027427893
2004-10-20,2.1463414634146343,-0.4615727006766544,2.1463414634146343
2004-10-21,2.5266996613701593,-0.436653436741781,2.5266996613701593
2004-10-22,-7.054539295392967,-0.4381982527485759,7.054539295392967
2004-10-25,11.316628701594542,-0.5878895030992984,11.316628701594542
2004-10-26,-1.7762134730293897,-0.4549594922119312,1.7762134730293897
2004-10-27,2.0166666666666666,-0.4191659992839348,2.0166666666666666
2004-10-28,-0.6861623917660483,-0.3679013247872981,0.6861623917660483
2004-10-29,0.4852771837473282,-0.3770433070303838,0.4852771837473282
2004-11-01,0.2046328885978511,-0.3553453580356388,0.2046328885978511
2004-11-02,5.9222349289331815,-0.2891809009165064,5.9222349289331815
2004-11-03,-2.891956504974155,-0.1964027185858475,2.891956504974155
2004-11-04,17.2728716645489,-0.2072558094337197,17.2728716645489
2004-11-05,-1.5439832057967042,-0.051849270585374,1.5439832057967042
2004-11-08,0.6465369007497128,-0.0337671640468526,0.6465369007497128
2004-11-09,0.7995626324062081,-0.0059451997859841,0.7995626324062081
2004-11-10,0.732203389830503,0.0085794162610792,0.732203389830503
2004-11-11,2.920985327769544,0.0384627084848965,2.920985327769544
2004-11-12,-2.347632749149871,0.0465669575062406,2.347632749149871
2004-11-15,2.8460456706622903,-0.0321832223205548,2.8460456706622903
2004-11-16,0.5469462169553303,0.0434974694124898,0.5469462169553303
2004-11-17,1.295169019557053,0.0247415315000827,1.295169019557053
2004-11-18,7.933768060350331,0.0646495652643863,7.933768060350331
2004-11-19,-6.071195877509911,0.1428192533072927,6.071195877509911
2004-11-22,1.6332450498171152,0.0584429380994052,1.6332450498171152
2004-11-23,1.135447043494446,0.121708633852107,1.135447043494446
2004-11-24,0.9693251533742354,0.1583481678340269,0.9693251533742354
2004-11-26,1.3185077166119852,0.2134697916652521,1.3185077166119852
2004-11-29,-2.2968515742128934,0.2429911483386656,2.2968515742128934
2004-11-30,-1.3319420574515133,0.249845262300391,1.3319420574515133
2004-12-01,0.6718506998444879,0.2985457562480339,0.6718506998444879
2004-12-02,4.788976086016183,0.2882814020219124,4.788976086016183
2004-12-03,2.358768722726739,0.384855796029776,2.358768722726739
2004-12-06,10.36985827860352,0.5963021326307456,10.36985827860352
2004-12-07,0.7412047186553915,0.6969691798265458,0.7412047186553915
2004-12-08,-2.373056994818645,0.7357092803106562,2.373056994818645
2004-12-09,3.317057637193504,0.7120145374464388,3.317057637193504
2004-12-10,-1.715724045821138,0.7420927401967926,1.715724045821138
2004-12-13,-1.1759786755866808,0.7480573588309375,1.1759786755866808
2004-12-14,2.9352654960863065,0.7277582138015314,2.9352654960863065
2004-12-15,3.14442788881467,0.7745170613997462,3.14442788881467
2004-12-16,0.0,0.828640994683311,0.0
2004-12-17,-3.1531755915317516,0.8146607840477901,3.1531755915317516
2004-12-20,-2.232280629564854,0.7813868842338263,2.232280629564854
2004-12-21,2.5462962962962963,0.7448603426442068,2.5462962962962963
2004-12-22,-2.1803816950543804,0.7786038098432839,2.1803816950543804
2004-12-23,2.228982010804006,0.7589766192718868,2.228982010804006
2004-12-27,-2.0110814693207533,0.8070390619864768,2.0110814693207533
2004-12-28,-1.0471204188481684,0.8032674672522824,1.0471204188481684
2004-12-29,1.232804232804238,1.0148396107722022,1.232804232804238
2004-12-30,1.0035018031673082,0.9579031685382886,1.0035018031673082
2004-12-31,4.957309184993537,0.8813685865504207,4.957309184993537
2005-01-03,-2.42074643790367,0.931588829897502,2.42074643790367
2005-01-04,-6.401576394502831,0.923594322312672,6.401576394502831
2005-01-05,3.821862348178136,0.8792112187134533,3.821862348178136
2005-01-06,-2.46971351323247,0.9009081944298174,2.46971351323247
2005-01-07,-2.041795500586417,0.9669215742281492,2.041795500586417
2005-01-10,-0.8163265306122396,0.9130249245908004,0.8163265306122396
2005-01-11,-1.1906721536351197,0.7169801875660755,1.1906721536351197
2005-01-12,-1.571523767214571,0.8363538961273262,1.571523767214571
2005-01-13,2.6798307475317404,0.5764927423143609,2.6798307475317404
2005-01-14,-2.6098901098901153,0.5823773844839722,2.6098901098901153
2005-01-18,3.198871650211564,0.6077111931355104,3.198871650211564
2005-01-19,-3.64640279903783,0.6140709182674723,3.64640279903783
2005-01-20,1.3219858156028426,0.5746036962581971,1.3219858156028426
2005-01-21,-0.509575540374068,0.5696770257443304,0.509575540374068
2005-01-24,-2.9549164180784597,0.7453638469510853,2.9549164180784597
2005-01-25,1.4963461315392672,0.7324087084611736,1.4963461315392672
2005-01-26,1.1885714285714246,0.6980364447134817,1.1885714285714246
2005-01-27,8.239213914614872,0.7081814549053922,8.239213914614872
2005-01-28,0.3026034329837756,0.6499425413805674,0.3026034329837756
2005-01-31,-0.7386215864759422,0.6866182310652463,0.7386215864759422
2005-02-01,5.984384006707533,0.6739738559888396,5.984384006707533
2005-02-02,0.3312731767614303,0.6599447669661594,0.3312731767614303
2005-02-03,0.202050068992717,0.6053848244081483,0.202050068992717
2005-02-04,5.823046279447196,0.5963977022958629,5.823046279447196
2005-02-07,-1.938002509643541,0.6778405512493267,1.938002509643541
2005-02-08,1.8957345971564,0.671908878238826,1.8957345971564
2005-02-09,-3.255813953488365,0.6595338991750395,3.255813953488365
2005-02-10,1.1634615384615383,0.6153144720717766,1.1634615384615383
2005-02-11,3.5215283718277757,0.5927922569273426,3.5215283718277757
2005-02-14,-1.4139466556489078,0.6457140652947266,1.4139466556489078
2005-02-15,-0.0791618160651937,0.7613841906329981,0.0791618160651937
2005-02-16,1.3235157050983308,0.7807753179416296,1.3235157050983308
2005-02-17,5.707846564253513,0.8388806083745889,5.707846564253513
2005-02-18,2.031936648827412,0.8989416233823171,2.031936648827412
2005-02-22,0.1066098081023431,0.7717896664723244,0.1066098081023431
2005-02-23,-3.015974440894577,0.7440858201024899,3.015974440894577
2005-02-24,4.207844687486279,0.6916099505070304,4.207844687486279
2005-02-25,0.8092729188619644,0.7080775714671367,0.8092729188619644
2005-02-28,1.4633942384078142,0.724365544018282,1.4633942384078142
2005-03-01,-1.2733341574978336,0.7485869615798837,1.2733341574978336
2005-03-02,-2.6087319475749227,0.7090931002363341,2.6087319475749227
2005-03-03,-0.8185831226160329,0.667363605929102,0.8185831226160329
2005-03-04,-0.2895168956874915,0.6693021657753377,0.2895168956874915
2005-03-07,0.3250270855904589,0.6694737981743943,0.3250270855904589
2005-03-08,-5.434125269978398,0.6395013332029865,5.434125269978398
2005-03-09,-1.676411474511245,0.5702085809039954,1.676411474511245
2005-03-10,0.6968641114982637,0.5533440081865159,0.6968641114982637
2005-03-11,-1.2687427912341342,0.5664139022195459,1.2687427912341342
2005-03-14,1.2476635514018666,0.5103926297935883,1.2476635514018666
2005-03-15,-2.884571006599898,0.5301302241082096,2.884571006599898
2005-03-16,-0.993251592053994,0.4751975935521136,0.993251592053994
2005-03-17,-1.2384198147170271,0.4369094357969394,1.2384198147170271
2005-03-18,-2.148238153098421,0.43513225633586,2.148238153098421
2005-03-21,3.561317240351655,0.3441064964883041,3.561317240351655
2005-03-22,-2.0000000000000036,0.4234979523159026,2.0000000000000036
2005-03-23,2.569373072970206,0.3744788788720415,2.569373072970206
2005-03-24,-0.0381715812577493,0.4119229757399659,0.0381715812577493
2005-03-28,-1.274463007159923,0.3929408089549118,1.274463007159923
2005-03-29,-2.0548276362229845,0.3645256891367882,2.0548276362229845
2005-03-30,-0.6170401816566163,0.3109516289394679,0.6170401816566163
2005-03-31,-0.4519942383152092,0.3044239782147646,0.4519942383152092
2005-04-01,-2.4149286498353457,0.3466890569670418,2.4149286498353457
2005-04-04,-0.2965538398609278,0.3382566330798878,0.2965538398609278
2005-04-05,0.0410256410256478,0.2518616481266132,0.0410256410256478
2005-04-06,0.1742874718064305,0.2245494539152329,0.1742874718064305
2005-04-07,1.7449595742503337,0.1999002575790122,1.7449595742503337
2005-04-08,-1.0058844238796971,0.196794568390217,1.0058844238796971
2005-04-11,-2.9619468576944583,0.1838245679107144,2.9619468576944583
2005-04-12,1.6596858638743488,0.1130472306466113,1.6596858638743488
2005-04-13,-4.078899933048357,0.1191295135232512,4.078899933048357
2005-04-14,-2.459060402684567,0.0382490081294701,2.459060402684567
2005-04-15,-2.6641712996091815,0.0043590458925339,2.6641712996091815
2005-04-18,1.5551659786235412,0.0557944662046115,1.5551659786235412
2005-04-19,3.5304599621338624,0.0466949606370071,3.5304599621338624
2005-04-20,-2.737736660929429,0.0799388382694949,2.737736660929429
2005-04-21,2.8147984294641346,0.0207167039790802,2.8147984294641346
2005-04-22,0.5378657487091227,0.04402625238772,0.5378657487091227
2005-04-25,0.7543334046650975,0.0562590620364832,0.7543334046650975
2005-04-26,-3.0956300111506407,0.0617295469074599,3.0956300111506407
2005-04-27,-1.550684931506849,0.0049605519831748,1.550684931506849
2005-04-28,1.619635999332116,-0.0488731045266936,1.619635999332116
2005-04-29,1.2816299704239162,-0.0410437806966408,1.2816299704239162
2005-05-02,-1.4438676184295882,-0.0179395901355973,1.4438676184295882
2005-05-03,-0.181069958847741,-0.0481607134433092,0.181069958847741
2005-05-04,3.2981530343007948,-0.0358376014031781,3.2981530343007948
2005-05-05,2.5702426564495537,-0.0177746518984495,2.5702426564495537
2005-05-06,0.6070038910505859,0.0252501778459874,0.6070038910505859
2005-05-09,0.1289191419141886,0.0376143645295384,0.1289191419141886
2005-05-10,-2.147602616264102,0.0158776421609214,2.147602616264102
2005-05-11,-2.194736842105255,-0.0350555943091442,2.194736842105255
2005-05-12,11.435182693859987,-0.0671065998556929,11.435182693859987
2005-05-13,0.7243577361406065,0.1008531205044792,0.7243577361406065
2005-05-16,0.9588647041902396,0.1305205162086702,0.9588647041902396
2005-05-17,1.4673758191661093,0.1146438938762599,1.4673758191661093
2005-05-18,1.2074694622548916,0.1511532641814645,1.2074694622548916
2005-05-19,-0.9618497109826556,0.1410582546955346,0.9618497109826556
2005-05-20,3.0349722183312293,0.1513961427030336,3.0349722183312293
2005-05-23,0.6389631576562288,0.1915297575577791,0.6389631576562288
2005-05-24,2.179394812680115,0.1885216084699466,2.179394812680115
2005-05-25,-0.1850872554204116,0.2049153368993262,0.1850872554204116
2005-05-26,2.207505518763789,0.1659317968419332,2.207505518763789
2005-05-27,-1.369330453563708,0.2083460575083938,1.369330453563708
2005-05-31,-1.7518503919765267,0.2422681797986512,1.7518503919765267
2005-06-01,1.2258725984041303,0.1875760168697144,1.2258725984041303
2005-06-02,3.7431742117315463,0.2244913785859134,3.7431742117315463
2005-06-03,-1.6979370065370591,0.28228834412673,1.6979370065370591
2005-06-06,0.1813628119872174,0.2735465452372244,0.1813628119872174
2005-06-07,-1.5086206896551595,0.2873426504738855,1.5086206896551595
2005-06-08,-1.7155361050328282,0.2672173856733744,1.7155361050328282
2005-06-09,4.898031881734788,0.2249426248468755,4.898031881734788
2005-06-10,-1.2352491722556955,0.297252460552331,1.2352491722556955
2005-06-13,2.4713112992650386,0.2571024103037625,2.4713112992650386
2005-06-14,-6.555658082375635,0.3126626351641233,6.555658082375635
2005-06-15,0.3186857578885894,0.2331869463305882,0.3186857578885894
2005-06-16,1.7897091722595095,0.2319887055956667,1.7897091722595095
2005-06-17,-1.4285714285714175,0.2699228717877549,1.4285714285714175
2005-06-20,2.193979933110364,0.2323621781146673,2.193979933110364
2005-06-21,1.3439804511934248,0.2373483722252287,1.3439804511934248
2005-06-22,-1.5414424111948164,0.2163517705972942,1.5414424111948164
2005-06-23,1.2725762015130837,0.1917852251078786,1.2725762015130837
2005-06-24,-3.1306675878745915,0.2042769253108233,3.1306675878745915
2005-06-27,0.2050550528239619,0.1331981874430177,0.2050550528239619
2005-06-28,0.2802615774723062,0.1279376305907638,0.2802615774723062
2005-06-29,-0.2972229615828199,0.1243289964407299,0.2972229615828199
2005-06-30,-1.259176863181322,0.0730114567744191,1.259176863181322
2005-07-01,1.162581110310034,0.0803547587553429,1.162581110310034
2005-07-05,1.523385300668142,0.073168731582977,1.523385300668142
2005-07-06,0.6932256932256948,0.1212635951082097,0.6932256932256948
2005-07-07,1.525054466230943,0.1142582208146935,1.525054466230943
2005-07-08,1.5364806866952812,0.0959225009083762,1.5364806866952812
2005-07-11,0.5283624989432637,0.1244171040139679,0.5283624989432637
2005-07-12,-0.0672749442879293,0.1267714096987675,0.0672749442879293
2005-07-13,0.7699751756637347,0.1098175704293487,0.7699751756637347
2005-07-14,-5.724425887265145,0.0693351936213475,5.724425887265145
2005-07-15,-1.049647902918634,-0.0094560062606489,1.049647902918634
2005-07-18,-1.6068391370512856,-0.0208735575973157,1.6068391370512856
2005-07-19,-0.4139562389118913,-0.0068226519535337,0.4139562389118913
2005-07-20,1.3703636031426916,-0.0886065002389014,1.3703636031426916
2005-07-21,0.0720980533525715,-0.0802138546807698,0.0720980533525715
2005-07-22,-4.201188760806923,-0.0937134285609792,4.201188760806923
2005-07-25,1.3301997649823838,-0.1199647173642824,1.3301997649823838
2005-07-26,2.6672233045736924,-0.0769797201952053,2.6672233045736924
2005-07-27,1.694302625039538,-0.0170039777213499,1.694302625039538
2005-07-28,0.5553580948995992,0.0035539431579642,0.5553580948995992
2005-07-29,0.2209163610656958,0.005823022592229,0.2209163610656958
2005-08-01,1.0316095754529864,0.035881729048129,1.0316095754529864
2005-08-02,1.2348911288562974,0.0694376944602968,1.2348911288562974
2005-08-03,-0.7543103448275702,0.0769779480918129,0.7543103448275702
2005-08-04,-0.4343105320304117,0.0877234346245938,0.4343105320304117
2005-08-05,3.380588876772088,0.072571494539827,3.380588876772088
2005-08-08,-0.1772151898734169,0.1340493755158325,0.1772151898734169
2005-08-09,0.0380420999239022,0.1469129942441254,0.0380420999239022
2005-08-10,-1.901381670680692,0.1669067343741879,1.901381670680692
2005-08-11,7.356678296076163,0.1690867880751413,7.356678296076163
2005-08-12,0.4694082246740149,0.1879561340765917,0.4694082246740149
2005-08-15,1.2299337113649134,0.2182533039878137,1.2299337113649134
2005-08-16,-1.1834319526627315,0.1975958385195211,1.1834319526627315
2005-08-17,-0.3313373253492915,0.1911099181490343,0.3313373253492915
2005-08-18,-1.67020467016462,0.2057668827433026,1.67020467016462
2005-08-19,-1.050916496945021,0.2123886506578746,1.050916496945021
2005-08-22,-0.7574510126790611,0.211772707520273,0.7574510126790611
2005-08-23,0.1037000165920004,0.2120876749732729,0.1037000165920004
2005-08-24,1.1768118344176015,0.2384632532569757,1.1768118344176015
2005-08-25,0.3399270999713394,0.2529189695774753,0.3399270999713394
2005-08-26,-2.5510204081632653,0.2560147824909073,2.5510204081632653
2005-08-29,0.9424083769633492,0.2285839043865515,0.9424083769633492
2005-08-30,3.5269709543568446,0.2191474422433955,3.5269709543568446
2005-08-31,2.7735470941883738,0.2719707104401451,2.7735470941883738
2005-09-01,-0.0701973325013745,0.328331481951001,0.0701973325013745
2005-09-02,-1.459569153918197,0.3148451879863335,1.459569153918197
2005-09-06,0.3287128712871365,0.3226342525659595,0.3287128712871365
2005-09-07,2.700035526783248,0.3618142672149256,2.700035526783248
2005-09-08,2.8827305223507604,0.4114133737027237,2.8827305223507604
2005-09-09,0.3100833115403368,0.4246208286673806,0.3100833115403368
2005-09-12,-0.9013035381750464,0.3967014291579063,0.9013035381750464
2005-09-13,2.7247444377630705,0.412926806993403,2.7247444377630705
2005-09-14,1.068305711045269,0.4122584137250092,1.068305711045269
2005-09-15,1.0859728506787258,0.417486594484509,1.0859728506787258
2005-09-16,-0.8952551477170962,0.434167454695359,0.8952551477170962
2005-09-19,-0.5456187895212246,0.4369056691230859,0.5456187895212246
2005-09-20,0.7920360412730642,0.4347743389195704,0.7920360412730642
2005-09-21,-0.2415110662533317,0.4325597569919719,0.2415110662533317
2005-09-22,-3.132791327913279,0.4169502944329222,3.132791327913279
2005-09-23,2.4582214264398714,0.3679615693443843,2.4582214264398714
2005-09-26,0.4842174245458057,0.3961290809737031,0.4842174245458057
2005-09-27,0.2101449275362409,0.3833625625931506,0.2101449275362409
2005-09-28,0.3326343191843183,0.3703345493182162,0.3326343191843183
2005-09-29,2.1009009009009016,0.3681618072413033,2.1009009009009016
2005-09-30,2.00120001411782,0.387548091639409,2.00120001411782
2005-10-03,1.989619377162618,0.4167088579223013,1.989619377162618
2005-10-04,-1.6115351993214548,0.4122059933456654,1.6115351993214548
2005-10-05,-3.534482758620691,0.3590748332817808,3.534482758620691
2005-10-06,-0.0607685433422711,0.3157543885059435,0.0607685433422711
2005-10-07,-0.9514271407110572,0.3042789560407435,0.9514271407110572
2005-10-10,-2.6794742163801915,0.2801438050777731,2.6794742163801915
2005-10-11,-1.8849721706864464,0.2409269915642631,1.8849721706864464
2005-10-12,1.259360108917635,0.2303843619910871,1.259360108917635
2005-10-13,0.4033613445378038,0.21412500745132,0.4033613445378038
2005-10-14,-0.6509690138749422,0.2116901968969151,0.6509690138749422
2005-10-17,1.28051520143778,0.1834153539235856,1.28051520143778
2005-10-18,-3.264325323475056,0.2031232402850672,3.264325323475056
2005-10-19,0.6038139641533243,0.1467528707584712,0.6038139641533243
2005-10-20,2.2488129154795877,0.1631277520637145,2.2488129154795877
2005-10-21,-0.2489133261507571,0.2056956679549274,0.2489133261507571
2005-10-24,1.1471135940409742,0.1935743116410112,1.1471135940409742
2005-10-25,1.351351351351341,0.1768457761286619,1.351351351351341
2005-10-26,-2.572207084468656,0.2067986157158191,2.572207084468656
2005-10-27,-2.021106014841341,0.1783040581290886,2.021106014841341
2005-10-28,3.2350142721217874,0.1667166501612094,3.2350142721217874
2005-10-31,3.0709677419354815,0.2101047739651417,3.0709677419354815
2005-11-01,-1.1910723227698572,0.2047913283613651,1.1910723227698572
2005-11-02,6.486877828054291,0.2014044338934349,6.486877828054291
2005-11-03,-1.784682326545867,0.2462657688790551,1.784682326545867
2005-11-04,-1.2425584937006875,0.2707099284476648,1.2425584937006875
2005-11-07,-0.5817824974590806,0.2593555282468863,0.5817824974590806
2005-11-08,-2.0411040998343166,0.2342408097565849,2.0411040998343166
2005-11-09,8.140204404779041,0.2352692518349166,8.140204404779041
2005-11-10,-6.322795341098168,0.2668772650626848,6.322795341098168
2005-11-11,0.7992895204262865,0.2142221963056613,0.7992895204262865
2005-11-14,2.6889867841409782,0.2289750721983099,2.6889867841409782
2005-11-15,-0.3294666758185282,0.2337945433042391,0.3294666758185282
2005-11-16,0.3133393017009885,0.2739110590920108,0.3133393017009885
2005-11-17,4.050389592558263,0.2765654167165725,4.050389592558263
2005-11-18,-0.399168673506409,0.3045881360036118,0.399168673506409
2005-11-21,2.179385267620557,0.4157806481835244,2.179385267620557
2005-11-22,2.2431118314424614,0.4566871615697739,2.2431118314424614
2005-11-23,0.0792594001648578,0.4648020027493511,0.0792594001648578
2005-11-25,0.7634555073336153,0.4470788438196089,0.7634555073336153
2005-11-28,-6.627263581488929,0.4468074309191938,6.627263581488929
2005-11-29,-1.1515151515151592,0.2625442225470196,1.1515151515151592
2005-11-30,3.46413243408952,0.2362440899169895,3.46413243408952
2005-12-01,0.823045267489709,0.2710234922756796,0.823045267489709
2005-12-02,-0.2187755102040793,0.283458569669255,0.2187755102040793
2005-12-05,-1.907847372210224,0.280530044379069,1.907847372210224
2005-12-06,0.6405337781484606,0.3137819593654274,0.6405337781484606
2005-12-07,-0.7458481121755548,0.3353765269894432,0.7458481121755548
2005-12-08,0.0267183220893698,0.3541210950911443,0.0267183220893698
2005-12-09,1.3923205342237084,0.4090993029009733,1.3923205342237084
2005-12-12,1.369908123950336,0.4090489268071947,1.369908123950336
2005-12-13,0.3540915440340418,0.4439896605521964,0.3540915440340418
2005-12-14,-0.2719150589149282,0.4375023738850725,0.2719150589149282
2005-12-15,-0.8374448195273897,0.4128893325740701,0.8374448195273897
2005-12-16,0.7364975450081821,0.3701817742170765,0.7364975450081821
2005-12-19,-1.9756295694557255,0.3548299937076475,1.9756295694557255
2005-12-20,0.5237511187721694,0.3245054489183804,0.5237511187721694
2005-12-21,-0.7419620774938304,0.3250946861645076,0.7419620774938304
2005-12-22,3.0166112956810704,0.3029284992120216,3.0166112956810704
2005-12-23,0.7804437564499483,0.3240446734075868,0.7804437564499483
2005-12-27,0.7199999999999989,0.3371247311554804,0.7199999999999989
2005-12-28,0.8737092930897493,0.3429935394923814,0.8737092930897493
2005-12-29,-2.7149606299212548,0.3300516286925883,2.7149606299212548
2005-12-30,-0.8093758093758066,0.2910757426460637,0.8093758093758066
2006-01-03,4.745740583589006,0.2716110264904788,4.745740583589006
2006-01-04,2.050355228717433,0.3400861320836138,2.050355228717433
2006-01-05,3.4106870229007606,0.2566162533463119,3.4106870229007606
2006-01-06,0.4429090264859635,0.2770820502091679,0.4429090264859635
2006-01-09,2.3517652938236786,0.270951408824566,2.3517652938236786
2006-01-10,0.5974093115432096,0.3130090561612618,0.5974093115432096
2006-01-11,3.4975017844396876,0.3328148970553546,3.4975017844396876
2006-01-12,-1.633103448275866,0.3883793772604352,1.633103448275866
2006-01-13,-2.0079645521341543,0.3935011813400325,2.0079645521341543
2006-01-17,-1.765783298036749,0.3881774164028344,1.765783298036749
2006-01-18,5.048798252002906,0.371399498953963,5.048798252002906
2006-01-19,4.323589772033944,0.4037551727291084,4.323589772033944
2006-01-20,-2.182523858893575,0.4254070403163777,2.182523858893575
2006-01-23,0.0108707468203053,0.4603809927219873,0.0108707468203053
2006-01-24,0.7690217391304285,0.4487780458068512,0.7690217391304285
2006-01-25,0.0674163363266172,0.4183161856339673,0.0674163363266172
2006-01-26,2.9212029750997104,0.3814046830860607,2.9212029750997104
2006-01-27,1.35106828655216,0.4099682817080454,1.35106828655216
2006-01-30,-1.6559884261651292,0.4507399223415467,1.6559884261651292
2006-01-31,-3.394015814222292,0.428907331871442,3.394015814222292
2006-02-01,2.876954452753226,0.363108761004732,2.876954452753226
2006-02-02,-4.546295562075441,0.34469226843896,4.546295562075441
2006-02-03,1.3014703846260391,0.3020753909820489,1.3014703846260391
2006-02-06,3.304813711286658,0.3283614336157028,3.304813711286658
2006-02-07,-3.4636960203217617,0.3109861525702199,3.4636960203217617
2006-02-08,2.902721815640164,0.2701283777136621,2.902721815640164
2006-02-09,-1.6434926215971468,0.2801924893297444,1.6434926215971468
2006-02-10,-1.2403520649966104,0.2866434007435627,1.2403520649966104
2006-02-13,0.6608714728384508,0.288392725480612,0.6608714728384508
2006-02-14,-0.0217936144709576,0.3596908417571968,0.0217936144709576
2006-02-15,4.269754768392378,0.3713828389462375,4.269754768392378
2006-02-16,10.364021219327352,0.449950619689672,10.364021219327352
2006-02-17,-6.530438282859381,0.4897454627924585,6.530438282859381
2006-02-21,-3.313489550348317,0.4784618950805168,3.313489550348317
2006-02-22,0.9589435900123134,0.4632371825333494,0.9589435900123134
2006-02-23,-0.7993148729660333,0.4505905831782675,0.7993148729660333
2006-02-24,0.4578155657292366,0.4207119815456479,0.4578155657292366
2006-02-27,2.648437500000003,0.4005042278433171,2.648437500000003
2006-02-28,0.0,0.4134263431534477,0.0
2006-03-01,3.318365172387544,0.4288523321477004,3.318365172387544
2006-03-02,-0.6752608962553679,0.4981757229792045,0.6752608962553679
2006-03-03,3.2558714462299227,0.5017110811057713,3.2558714462299227
2006-03-06,-2.0949553475231726,0.5448673935544297,2.0949553475231726
2006-03-07,-1.711826274087848,0.5497436480680921,1.711826274087848
2006-03-08,0.6742635350318448,0.5552542958660096,0.6742635350318448
2006-03-09,-0.7834317771791475,0.540300293516435,0.7834317771791475
2006-03-10,-0.632690679021568,0.5313316078294694,0.632690679021568
2006-03-13,0.2707309736288013,0.5268687420423166,0.2707309736288013
2006-03-14,2.895000000000003,0.5405810074459492,2.895000000000003
2006-03-15,1.5792798483891224,0.6007412635361474,1.5792798483891224
2006-03-16,-4.025545350172203,0.6061016677692466,4.025545350172203
2006-03-17,2.180685358255438,0.5278377948994787,2.180685358255438
2006-03-20,0.6512195121951206,0.5319907583285681,0.6512195121951206
2006-03-21,-0.0411951438195068,0.5277513344192736,0.0411951438195068
2006-03-22,0.0,0.5340086785792336,0.0
2006-03-23,1.7769696969696898,0.5509003529758422,1.7769696969696898
2006-03-24,3.2060595955505975,0.5788850155959122,3.2060595955505975
2006-03-27,2.1440605599021283,0.5825923341538921,2.1440605599021283
2006-03-28,2.428939400786297,0.5797865984745408,2.428939400786297
2006-03-29,5.03827234023781,0.5762898817937292,5.03827234023781
2006-03-30,0.5061217632358147,0.5513975206474425,0.5061217632358147
2006-03-31,0.2361151740565905,0.5779992868370915,0.2361151740565905
2006-04-03,0.7212691000812844,0.5935693617976493,0.7212691000812844
2006-04-04,4.346296334623424,0.6104363609853536,4.346296334623424
2006-04-05,0.7259456135827195,0.6142288414939652,0.7259456135827195
2006-04-06,0.033475769450416,0.5420882253268522,0.033475769450416
2006-04-07,-0.0649606299212658,0.5988151126784007,0.0649606299212658
2006-04-10,-1.1818701124746314,0.5831771849343578,1.1818701124746314
2006-04-11,-2.1268961668028785,0.5405903471338996,2.1268961668028785
2006-04-12,1.154786150712835,0.5271121537715563,1.154786150712835
2006-04-13,-0.839591680592758,0.5173164293472472,0.839591680592758
2006-04-17,-1.3543147208121824,0.4641476503488379,1.3543147208121824
2006-04-18,-1.2000082333326476,0.4486500289701933,1.2000082333326476
2006-04-19,0.34791666666667,0.4117461589293018,0.34791666666667
2006-04-20,1.0712728631635693,0.3866631912365638,1.0712728631635693
2006-04-21,-3.286568206560797,0.3930639543962947,3.286568206560797
2006-04-24,1.2403627636301804,0.3802241528093327,1.2403627636301804
2006-04-25,1.4685211991524594,0.4251635991389327,1.4685211991524594
2006-04-26,-1.4472677652118238,0.444549223782921,1.4472677652118238
2006-04-27,2.0454402416766344,0.3935207619592023,2.0454402416766344
2006-04-28,0.8038320792730452,0.4018971015091658,0.8038320792730452
2006-05-01,5.812412049028208,0.4209224790006586,5.812412049028208
2006-05-02,-1.991018252606826,0.5040353799361946,1.991018252606826
2006-05-03,-0.1966568338249712,0.5009855737506259,0.1966568338249712
2006-05-04,1.871921182266005,0.5064154417062117,1.871921182266005
2006-05-05,0.5802707930367553,0.5241318327572178,0.5802707930367553
2006-05-08,-0.3211538461538492,0.5170525667414713,0.3211538461538492
2006-05-09,-4.082341365539324,0.4977332680591979,4.082341365539324
2006-05-10,-0.0341935354104326,0.4622161563057658,0.0341935354104326
2006-05-11,-6.824949698189134,0.4662564784219202,6.824949698189134
2006-05-12,-5.433186490455209,0.4286091503553094,5.433186490455209
2006-05-15,2.2264340518816255,0.4125647031305834,2.2264340518816255
2006-05-16,-3.500346237183636,0.442166304620316,3.500346237183636
2006-05-17,-2.9328703703703813,0.410265567522764,2.9328703703703813
2006-05-18,-4.4117997758328675,0.3917808620697378,4.4117997758328675
2006-05-19,0.6237058104433167,0.3373226093522441,0.6237058104433167
2006-05-22,1.2396796667741232,0.3203046769235615,1.2396796667741232
2006-05-23,-2.2432836186417986,0.3222388264717451,2.2432836186417986
2006-05-24,2.2947616303830594,0.2941539818992116,2.2947616303830594
2006-05-25,-1.9983836602747969,0.3428443060147365,1.9983836602747969
2006-05-26,0.0,0.3126204383202716,0.0
2006-05-30,-3.041207486818095,0.2634230223120582,3.041207486818095
2006-05-31,-0.1726804123711321,0.2042550094289853,0.1726804123711321
2006-06-01,5.72380140965068,0.1604434385574839,5.72380140965068
2006-06-02,-3.5409035409035305,0.2275652370456655,3.5409035409035305
2006-06-05,-2.4481012658227903,0.1804428048216493,2.4481012658227903
2006-06-06,-2.8546959748786724,0.1450672980484504,2.8546959748786724
2006-06-07,-3.961744984372075,0.0800652504035438,3.961744984372075
2006-06-08,0.6036161335187652,0.0697493615016842,0.6036161335187652
2006-06-09,-3.317941770121925,0.094090029046999,3.317941770121925
2006-06-12,-3.909400291703614,0.0548550795535605,3.909400291703614
2006-06-13,-0.892857142857137,-0.005983777484073,0.892857142857137
2006-06-14,6.05705705705705,-0.0688439019543697,6.05705705705705
2006-06-15,4.199110909760181,0.0516896940305902,4.199110909760181
2006-06-16,-0.8152173913043546,0.0693581436784539,0.8152173913043546
2006-06-19,-6.7123287671232905,0.0511675209605891,6.7123287671232905
2006-06-20,0.7841409691630071,-0.00809848136435,0.7841409691630071
2006-06-21,2.6692309933851934,-0.0461621241981182,2.6692309933851934
2006-06-22,-4.1608719098572315,-0.0279891937104556,4.1608719098572315
2006-06-23,0.097728551544403,-0.0500394803539543,0.097728551544403
2006-06-26,-0.1982248520710038,-0.0254382576718065,0.1982248520710038
2006-06-27,-3.0118874692437645,-0.0478630221618058,3.0118874692437645
2006-06-28,1.8828132163706903,-0.0419433410385764,1.8828132163706903
2006-06-29,8.502085020850206,-0.0376305137180106,8.502085020850206
2006-06-30,0.3677385461885168,0.0034935693326689,0.3677385461885168
2006-07-03,-2.388429752066116,0.0475480462467248,2.388429752066116
2006-07-05,-2.963339260011853,-0.0169956303184187,2.963339260011853
2006-07-06,-2.422708896838552,-0.0346983772736803,2.422708896838552
2006-07-07,-3.5529061102831654,0.0398188841113243,3.5529061102831654
2006-07-10,-4.867420730576666,0.0039629912841283,4.867420730576666
2006-07-11,3.303771562225908,-0.0296020313795976,3.303771562225908
2006-07-12,-5.921383647798752,-0.0498846578854952,5.921383647798752
2006-07-13,0.7788214058896388,-0.2365825864309326,0.7788214058896388
2006-07-14,-2.762852404643447,-0.0770638252199125,2.762852404643447
2006-07-17,4.717399461063534,-0.0217054112584868,4.717399461063534
2006-07-18,1.521172638436481,-0.0084294331821154,1.521172638436481
2006-07-19,6.683350980203433,0.0065317099069597,6.683350980203433
2006-07-20,-6.968421052631579,0.0464133375162024,6.968421052631579
2006-07-21,-0.7144473539585559,-0.0314844573977073,0.7144473539585559
2006-07-24,7.449856733524344,-0.0478319827484133,7.449856733524344
2006-07-25,2.2727272727272783,-0.0325804165690853,2.2727272727272783
2006-07-26,1.2829629629629598,-0.012423162925481,1.2829629629629598
2006-07-27,2.732352338881898,-0.0537339265676697,2.732352338881898
2006-07-28,6.452715209157968,0.0044008235826778,6.452715209157968
2006-07-31,-2.4957868549875655,0.0816647896204621,2.4957868549875655
2006-08-01,-0.6858710562414242,0.0485284935023675,0.6858710562414242
2006-08-02,4.972375690607727,0.0531977413811046,4.972375690607727
2006-08-03,9.473684210526324,0.0942721233319322,9.473684210526324
2006-08-04,-5.569711538461538,0.1554541958952658,5.569711538461538
2006-08-07,1.400096733956157,0.0751896413722655,1.400096733956157
2006-08-08,3.8510782517008617,0.0526715684771327,3.8510782517008617
2006-08-09,-3.0628278579544195,0.1778237364308603,3.0628278579544195
2006-08-10,-6.92019950124688,0.1188538576267468,6.92019950124688
2006-08-11,5.760214333556593,0.0632083331645136,5.760214333556593
2006-08-14,0.8233058898036782,0.0970512377954406,0.8233058898036782
2006-08-15,7.454773869346733,0.0948173971045359,7.454773869346733
2006-08-16,5.261065775013437,0.1127966630093591,5.261065775013437
2006-08-17,-0.2221383033076346,0.0921492129880603,0.2221383033076346
2006-08-18,0.0,0.0498128273987978,0.0
2006-08-21,-2.524656588819367,0.0042562158010453,2.524656588819367
2006-08-22,0.9135966014206436,-0.1050917346832715,0.9135966014206436
2006-08-23,-0.5658284860693107,-0.1132543147827205,0.5658284860693107
2006-08-24,0.0,-0.1230068247190267,0.0
2006-08-25,2.1259645369084725,-0.1384611441606103,2.1259645369084725
2006-08-28,2.7102324648405274,-0.2277572704345351,2.7102324648405274
2006-08-29,4.105635483800978,-0.2284525409303609,4.105635483800978
2006-08-30,1.2673267326732574,-0.2043382783129787,1.2673267326732574
2006-08-31,-1.611674865693753,-0.1913572794035389,1.611674865693753
2006-09-01,-2.441422594142274,-0.1664429644699224,2.441422594142274
2006-09-05,0.0729097420281789,-0.1292781192040019,0.0729097420281789
2006-09-06,-4.894250755351742,-0.1348343654279752,4.894250755351742
2006-09-07,5.333123042606402,-0.1548869006671387,5.333123042606402
2006-09-08,-3.458823529411759,-0.0942578235409094,3.458823529411759
2006-09-11,3.3988434183413365,-0.0918905153682437,3.3988434183413365
2006-09-12,3.355690316497741,-0.0625407441167355,3.355690316497741
2006-09-13,0.070491157506273,-0.0424619924919911,0.070491157506273
2006-09-14,0.4475107216110445,0.0198684163138194,0.4475107216110445
2006-09-15,1.8913846090382265,0.0186261145373534,1.8913846090382265
2006-09-18,2.8340080971659853,0.0264448806873204,2.8340080971659853
2006-09-19,-0.6889763779527587,0.0828264003180676,0.6889763779527587
2006-09-20,2.2140733399405335,0.0636710395162036,2.2140733399405335
2006-09-21,-1.0180929664320246,0.0823182316540933,1.0180929664320246
2006-09-22,-1.2088084322714472,-0.0209553889670411,1.2088084322714472
2006-09-25,1.9672781358453093,-0.0004420011005909,1.9672781358453093
2006-09-26,-2.3027403387984573,0.0371955557165778,2.3027403387984573
2006-09-27,-3.913761869687259,-0.0053351848589144,3.913761869687259
2006-09-28,2.7969420100690052,-0.0534313163583954,2.7969420100690052
2006-09-29,-1.076244029264179,0.0035503366687964,1.076244029264179
2006-10-02,-3.903591874987253,0.0289318685475422,3.903591874987253
2006-10-03,0.1399283397290418,-0.0062037188778488,0.1399283397290418
2006-10-04,9.245654521203395,0.0316293900151633,9.245654521203395
2006-10-05,-2.2926356589147385,0.1966405470929173,2.2926356589147385
2006-10-06,1.999325624293402,0.1506273030279624,1.999325624293402
2006-10-09,6.140982012639772,0.2102940363980205,6.140982012639772
2006-10-10,-2.2900903211622663,0.3056038109996836,2.2900903211622663
2006-10-11,1.6575103594397471,0.3407355691504263,1.6575103594397471
2006-10-12,-0.4924654628622172,0.3515444300751676,0.4924654628622172
2006-10-13,4.66543095458759,0.3374068830547435,4.66543095458759
2006-10-16,-2.1251350346219935,0.411907651648996,2.1251350346219935
2006-10-17,-0.7689941556444088,0.3697690350177607,0.7689941556444088
2006-10-18,-4.452791656030053,0.3891568095277848,4.452791656030053
2006-10-19,3.085877862595414,0.346840183461921,3.085877862595414
2006-10-20,-1.1107614269581727,0.4102949754593366,1.1107614269581727
2006-10-23,-1.2804912293839126,0.4101066241202424,1.2804912293839126
2006-10-24,3.6978741964234976,0.3337606179244938,3.6978741964234976
2006-10-25,0.2139604630323915,0.4085417745079246,0.2139604630323915
2006-10-26,2.9197080291970665,0.4436985548855184,2.9197080291970665
2006-10-27,-3.6648936170212703,0.5133778703210083,3.6648936170212703
2006-10-30,2.731305100031282,0.4949857800710247,2.731305100031282
2006-10-31,2.7464750882347793,0.5289881073426215,2.7464750882347793
2006-11-01,-6.045335658238888,0.5885503711064318,6.045335658238888
2006-11-02,-0.0296939665571668,0.5387921334881374,0.0296939665571668
2006-11-03,1.1435572799673164,0.5411310972364526,1.1435572799673164
2006-11-06,3.5185287153791087,0.5066665744322554,3.5185287153791087
2006-11-07,0.0585106382978777,0.5160615194822671,0.0585106382978777
2006-11-08,4.268778905959278,0.5243443451108881,4.268778905959278
2006-11-09,-0.8922198429693112,0.6126121968197671,0.8922198429693112
2006-11-10,-1.3872455716171914,0.6040346416078742,1.3872455716171914
2006-11-13,3.95597134311748,0.5635768304745576,3.95597134311748
2006-11-14,1.060502149440471,0.6428027928105492,1.060502149440471
2006-11-15,-0.9384775808133358,0.6533006481487863,0.9384775808133358
2006-11-16,0.1670843776106898,0.6357926550195427,0.1670843776106898
2006-11-17,-0.2785654712260243,0.6505670740619004,0.2785654712260243
2006-11-20,2.5090744860579153,0.6256651078509657,2.5090744860579153
2006-11-21,-1.4947048936899396,0.6018722258359499,1.4947048936899396
2006-11-22,0.8547716467606563,0.5790932819525708,0.8547716467606563
2006-11-24,0.6307179343987537,0.6004306833202143,0.6307179343987537
2006-11-27,-4.2714675110581455,0.6191598770581862,4.2714675110581455
2006-11-28,3.1543052003409993,0.5562319947866381,3.1543052003409993
2006-11-29,0.550413223140505,0.6202395297491681,0.550413223140505
2006-11-30,0.2202751795900227,0.6505764759306543,0.2202751795900227
2006-12-01,-1.5861039578788565,0.6212017468071334,1.5861039578788565
2006-12-04,1.6383333333333343,0.6304906173152247,1.6383333333333343
2006-12-05,0.3558368725710452,0.6323632889424935,0.3558368725710452
2006-12-06,-0.462418300653591,0.6373812045082242,0.462418300653591
2006-12-07,-3.1189979808592083,0.5914529977697854,3.1189979808592083
2006-12-08,0.4236067573749996,0.5116275736683825,0.4236067573749996
2006-12-11,0.9280037795062972,0.4849603069602036,0.9280037795062972
2006-12-12,0.528277914305299,0.5503065709397945,0.528277914305299
2006-12-13,1.1640862754228174,0.5399703296309251,1.1640862754228174
2006-12-14,1.6175431098252562,0.5303937160647955,1.6175431098252562
2006-12-15,1.1986993869000373,0.5299600647934885,1.1986993869000373
2006-12-18,0.3260973816298542,0.5280333305847588,0.3260973816298542
2006-12-19,2.238615722889637,0.5065477050548328,2.238615722889637
2006-12-20,-0.0779216731341638,0.5198834769311604,0.0779216731341638
2006-12-21,-1.5596487670976442,0.5167380631460785,1.5596487670976442
2006-12-22,-1.6905112727157503,0.4726068842467444,1.6905112727157503
2006-12-26,-0.1337630942788105,0.4098739814556796,0.1337630942788105
2006-12-27,0.9940774928591076,0.3813560636717434,0.9940774928591076
2006-12-28,-0.8245050572839354,0.4271725002117145,0.8245050572839354
2006-12-29,-0.4575700452736485,0.3914866424613977,0.4575700452736485
2007-01-03,-3.0202482883641184,0.3561217408583675,3.0202482883641184
2007-01-04,-2.476759517332304,0.3111665632171713,2.476759517332304
2007-01-05,-3.650334571218323,0.3428092272116041,3.650334571218323
2007-01-08,0.5328596802841963,0.2809451057287102,0.5328596802841963
2007-01-09,-3.121908127208486,0.261297150666868,3.121908127208486
2007-01-10,6.049276895300286,0.2457870253534579,6.049276895300286
2007-01-11,-1.8624247635425748,0.2875548801853923,1.8624247635425748
2007-01-12,3.679885047400424,0.2856510054600328,3.679885047400424
2007-01-16,-1.9723832541788464,0.3104853793025119,1.9723832541788464
2007-01-17,-1.5810344827586111,0.3275688599783993,1.5810344827586111
2007-01-18,-8.466618783175388,0.3029795351447712,8.466618783175388
2007-01-19,2.6468899521531117,0.2677531956615329,2.6468899521531117
2007-01-22,-1.3983927805642082,0.2664661634947279,1.3983927805642082
2007-01-23,1.7964185087835534,0.2417412297504441,1.7964185087835534
2007-01-24,2.7250942730295553,0.2275621552060524,2.7250942730295553
2007-01-25,-3.5569620253164533,0.2102104619521141,3.5569620253164533
2007-01-26,-2.109388183676161,0.1850069972661401,2.109388183676161
2007-01-29,-3.016779037695368,0.1814240580760585,3.016779037695368
2007-01-30,0.7583986728023268,0.176112363711863,0.7583986728023268
2007-01-31,-0.8173746006233317,0.1740264923399368,0.8173746006233317
2007-02-01,2.800395256916999,0.2053719187451251,2.800395256916999
2007-02-02,2.5299421343022592,0.1948067833209412,2.5299421343022592
2007-02-05,3.438771492321823,0.2541679622992441,3.438771492321823
2007-02-06,2.0845795493682857,0.2529956146248927,2.0845795493682857
2007-02-07,1.509313351208338,0.2388601840207746,1.509313351208338
2007-02-08,0.7276925498976657,0.2489910316976656,0.7276925498976657
2007-02-09,-4.803501033291078,0.2518861866538462,4.803501033291078
2007-02-12,3.1012277213273243,0.1636637698731923,3.1012277213273243
2007-02-13,1.150096431162312,0.1650682992040212,1.150096431162312
2007-02-14,-2.24605104343415,0.1781268733435853,2.24605104343415
2007-02-15,0.2397866972066613,0.1447629269461394,0.2397866972066613
2007-02-16,-2.499241301747678,0.1484549389426878,2.499241301747678
2007-02-20,-0.0915465880586773,0.1253236175935391,0.0915465880586773
2007-02-21,0.8851503656055901,0.1109774265286058,0.8851503656055901
2007-02-22,0.0308810172570477,0.1231436118225703,0.0308810172570477
2007-02-23,-0.9079848184938476,0.1366743546902493,0.9079848184938476
2007-02-26,-2.871699012223502,0.1105654727882134,2.871699012223502
2007-02-27,-2.2320754716981064,0.0699024687813391,2.2320754716981064
2007-02-28,-2.445143485728631,0.0557114123819252,2.445143485728631
2007-03-01,0.0652818991097982,0.0128766034577075,0.0652818991097982
2007-03-02,-3.6237471087124136,-0.0165391704179518,3.6237471087124136
2007-03-05,0.4779487179487154,-0.0384767292773995,0.4779487179487154
2007-03-06,3.1316987526284716,-0.0557567740395788,3.1316987526284716
2007-03-07,-0.2969297464220078,-0.0524085411604515,0.2969297464220078
2007-03-08,3.406992673774508,-0.0418973527120684,3.406992673774508
2007-03-09,-3.486742315150825,-0.016870582807824,3.486742315150825
2007-03-12,-0.4655141544154145,-0.0523725686765143,0.4655141544154145
2007-03-13,-2.964043731137447,-0.0949984393044595,2.964043731137447
2007-03-14,-0.994850669412981,-0.106062782104165,0.994850669412981
2007-03-15,-0.6948634198098553,-0.112170354959457,0.6948634198098553
2007-03-16,-0.4881319003624301,-0.0848703899672805,0.4881319003624301
2007-03-19,-0.3515789473684244,-0.1175768184027494,0.3515789473684244
2007-03-20,3.874675173768825,-0.123434928900654,3.874675173768825
2007-03-21,1.6942258018589782,-0.056982863889322,1.6942258018589782
2007-03-22,1.3339999999999996,-0.0653479217439543,1.3339999999999996
2007-03-23,-0.2960506838770734,-0.0518094869786008,0.2960506838770734
2007-03-26,-0.0989765821406634,-0.0677629110697845,0.0989765821406634
2007-03-27,-2.476866070897814,-0.0436411744896913,2.476866070897814
2007-03-28,0.4063636548347029,-0.0890883965068178,0.4063636548347029
2007-03-29,-1.8900378412287255,-0.0991619074585528,1.8900378412287255
2007-03-30,-1.3056122764680385,-0.0377478248850668,1.3056122764680385
2007-04-02,0.1400208986415775,-0.0602124932329286,0.1400208986415775
2007-04-03,-0.521735500970417,-0.0755658916732502,0.521735500970417
2007-04-04,0.3482493129418571,-0.1023201879836637,0.3482493129418571
2007-04-05,7.666255513975723,-0.1072806530553484,7.666255513975723
2007-04-09,-1.941747572815544,-0.0903276230546391,1.941747572815544
2007-04-10,-0.6930693069306959,-0.0974658449497012,0.6930693069306959
2007-04-11,-2.526420737786632,-0.0879043011380637,2.526420737786632
2007-04-12,3.068551439150614,-0.1538297103152769,3.068551439150614
2007-04-13,0.8931584066054189,-0.1439647685664273,0.8931584066054189
2007-04-16,2.262309916786326,-0.1239407292397372,2.262309916786326
2007-04-17,-1.6986322451570588,-0.1072710669058902,1.6986322451570588
2007-04-18,0.5870841487279718,-0.1208809026384914,0.5870841487279718
2007-04-19,3.696498054474716,-0.1474050600185793,3.696498054474716
2007-04-20,-0.7504690431519706,-0.0939584274795044,0.7504690431519706
2007-04-23,0.5047258979206038,-0.11200774141135,0.5047258979206038
2007-04-24,1.880865950683688,-0.1145535570374823,1.880865950683688
2007-04-25,1.8756807650414529,-0.0392490238015364,1.8756807650414529
2007-04-26,0.9060761466393604,-0.0636905095950308,0.9060761466393604
2007-04-27,0.3304419661297099,-0.0626914473203315,0.3304419661297099
2007-04-30,-0.0894982726833512,-0.0620754257563333,0.0894982726833512
2007-05-01,-0.2400702294999705,-0.0323036481776159,0.2400702294999705
2007-05-02,-0.7470861842932288,-0.0463114097713284,0.7470861842932288
2007-05-03,1.476468778837279,-0.0524983283923753,1.476468778837279
2007-05-04,1.635076582921747,-0.026212949012459,1.635076582921747
2007-05-07,-3.9771929824561423,0.0513394682720708,3.9771929824561423
2007-05-08,0.6394679626550736,-0.0273470577144554,0.6394679626550736
2007-05-09,1.6048508614273012,-0.0351823225297,1.6048508614273012
2007-05-10,3.007129201136374,-0.0279542702284572,3.007129201136374
2007-05-11,1.1847354726799777,-0.0139119394468298,1.1847354726799777
2007-05-14,-0.3137160783775904,-0.0203504069215872,0.3137160783775904
2007-05-15,-1.0885640584694891,-0.0447932009822204,1.0885640584694891
2007-05-16,0.8971260670758304,-0.0054174388067783,0.8971260670758304
2007-05-17,-0.6306756500611715,-0.0050545540661627,0.6306756500611715
2007-05-18,0.9242721140340252,0.0039536936910519,0.9242721140340252
2007-05-21,0.6872852233676982,0.0409632969898776,0.6872852233676982
2007-05-22,0.5119453924914567,0.074532617388823,0.5119453924914567
2007-05-23,-2.2631578947368305,0.0990733146646879,2.2631578947368305
2007-05-24,-3.3595636388903443,0.0617630745823936,3.3595636388903443
2007-05-25,0.4206136645516246,0.0101959342743951,0.4206136645516246
2007-05-29,0.2971342653086706,0.0288899855224951,0.2971342653086706
2007-05-30,2.171934395802468,0.0522012374633682,2.171934395802468
2007-05-31,1.979039301310055,0.1034580163296946,1.979039301310055
2007-06-01,-1.3411438261137745,0.1518393933620319,1.3411438261137745
2007-06-04,1.7656250000000022,0.1275123505115638,1.7656250000000022
2007-06-05,1.9618881894331033,0.1697817170163651,1.9618881894331033
2007-06-06,0.975454682349792,0.165767892284018,0.975454682349792
2007-06-07,-1.4366197183098666,0.1991204672160702,1.4366197183098666
2007-06-08,2.410772825849413,0.1502563480799865,2.410772825849413
2007-06-11,-0.1641577884662848,0.1949405225048737,0.1641577884662848
2007-06-12,0.5754969827515356,0.2072276510346948,0.5754969827515356
2007-06-13,0.8174342374155971,0.2157790912692052,0.8174342374155971
2007-06-14,3.405386997908119,0.2086185103997234,3.405386997908119
2007-06-15,4.416077281352425,0.2633622966984815,4.416077281352425
2007-06-18,-1.576979108781514,0.2975696363195542,1.576979108781514
2007-06-19,1.730425892298529,0.2528358370396802,1.730425892298529
2007-06-20,1.5749921250393812,0.2928601542178012,1.5749921250393812
2007-06-21,5.833099517107958,0.33024014282243,5.833099517107958
2007-06-22,-1.3953423472448916,0.3699790579523508,1.3953423472448916
2007-06-25,-0.0948108735336206,0.3669196280442797,0.0948108735336206
2007-06-26,-4.390934844192629,0.3779698008744421,4.390934844192629
2007-06-27,2.9881481481481447,0.2919334585477038,2.9881481481481447
2007-06-28,1.3421177553691923,0.2997110263167978,1.3421177553691923
2007-06-29,-0.8757984386089438,0.2805493281338803,0.8757984386089438
2007-07-02,2.626265519167153,0.2558889408948446,2.626265519167153
2007-07-03,0.2553476495458158,0.2746108947263377,0.2553476495458158
2007-07-05,0.9046624913013276,0.2809973542910423,0.9046624913013276
2007-07-06,0.9889655172413776,0.3009862819825915,0.9889655172413776
2007-07-09,2.002267233019658,0.2791060372183425,2.002267233019658
2007-07-10,1.472892090569466,0.288964627594424,1.472892090569466
2007-07-11,0.2863439029861585,0.3260332027893055,0.2863439029861585
2007-07-12,0.9210526315789512,0.3271539511153443,0.9210526315789512
2007-07-13,-0.238591916558018,0.360388152934293,0.238591916558018
2007-07-16,2.1341662637061103,0.3998192667414734,2.1341662637061103
2007-07-17,-2.261036468330138,0.4264027099282084,2.261036468330138
2007-07-18,1.026406399329697,0.3991195238566553,1.026406399329697
2007-07-19,-0.8643591172392341,0.4270109253891591,0.8643591172392341
2007-07-20,-2.091503267973858,0.4343468263714117,2.091503267973858
2007-07-23,0.95727636849132,0.4218438705451401,0.95727636849132
2007-07-24,-2.227012444291629,0.4511216703249087,2.227012444291629
2007-07-25,-1.5554623780990926,0.4258675766934991,1.5554623780990926
2007-07-26,1.328606954920795,0.4292345150620138,1.328606954920795
2007-07-27,0.362033898305084,0.4422144855544844,0.362033898305084
2007-07-30,6.484996689949612,0.4164296497163351,6.484996689949612
2007-07-31,-4.630980626007082,0.4840913820747877,4.630980626007082
2007-08-01,1.862519456676463,0.4035750975655161,1.862519456676463
2007-08-02,-1.8937662439432077,0.4505014347419396,1.8937662439432077
2007-08-03,-4.815155024827933,0.4368153106526209,4.815155024827933
2007-08-06,0.0,0.4458110849379024,0.0
2007-08-07,3.4153846153846055,0.4480881463770484,3.4153846153846055
2007-08-08,3.4594682318574113,0.4912057993516119,3.4594682318574113
2007-08-09,-7.734640522875821,0.5293703706963218,7.734640522875821
2007-08-10,4.699431874530689,0.5078664056387759,4.699431874530689
2007-08-13,-1.1948579161028334,0.4879011548143793,1.1948579161028334
2007-08-14,2.6240464549351428,0.4608515403884282,2.6240464549351428
2007-08-15,-4.670839283092892,0.4602925540444991,4.670839283092892
2007-08-16,2.0774711967857944,0.455093868993336,2.0774711967857944
2007-08-17,3.1076429364894382,0.467591713580209,3.1076429364894382
2007-08-20,0.1330087918811405,0.5048387149983018,0.1330087918811405
2007-08-21,7.438598355538442,0.5041355394030503,7.438598355538442
2007-08-22,0.2274890891781925,0.571857683954362,0.2274890891781925
2007-08-23,-1.6036118272539983,0.581506422767796,1.6036118272539983
2007-08-24,0.8148733185402534,0.5683511957978071,0.8148733185402534
2007-08-27,2.5902483305768613,0.5678717223010517,2.5902483305768613
2007-08-28,-4.444848484848483,0.5722532008073324,4.444848484848483
2007-08-29,2.516712544239081,0.4552234327398937,2.516712544239081
2007-08-30,2.494524666839909,0.5035594502758514,2.494524666839909
2007-08-31,3.4008185143602057,0.5412969727981262,3.4008185143602057
2007-09-04,2.1798015178050214,0.6168498240330047,2.1798015178050214
2007-09-05,0.914108116137437,0.582610372574679,0.914108116137437
2007-09-06,-3.548580680956098,0.5783713811418881,3.548580680956098
2007-09-07,1.2525973492363502,0.5218776825894348,1.2525973492363502
2007-09-10,-0.6805797101449272,0.5694230963626776,0.6805797101449272
2007-09-11,1.9985291199234287,0.5602523673148436,1.9985291199234287
2007-09-12,-3.1473533619456404,0.5078559475597451,3.1473533619456404
2007-09-13,-2.8064992614475712,0.5138583244100813,2.8064992614475712
2007-09-14,-1.8237082066869343,0.4947855976783678,1.8237082066869343
2007-09-17,0.6811145510836099,0.4534062616458394,0.6811145510836099
2007-09-18,8.610086100860999,0.3877119315674528,8.610086100860999
2007-09-19,-2.6613816534541272,0.4632787553568424,2.6613816534541272
2007-09-20,0.3490401396160484,0.448936674328119,0.3490401396160484
2007-09-21,0.5797101449275445,0.4600454865972521,0.5797101449275445
2007-09-24,1.3256484149855727,0.4746030591236955,1.3256484149855727
2007-09-25,2.389078498293525,0.5017249995158221,2.389078498293525
2007-09-26,2.833333333333342,0.4975411991863731,2.833333333333342
2007-09-27,-0.054024851431667,0.4952023594516369,0.054024851431667
2007-09-28,-1.216216216216224,0.5676473000437621,1.216216216216224
2007-10-01,3.0916552667578734,0.5550750250489916,3.0916552667578734
2007-10-02,-2.4681528662420376,0.5501504762328674,2.4681528662420376
2007-10-03,-2.639455782312922,0.4836620613055164,2.639455782312922
2007-10-04,2.1520402459474455,0.4526472851703682,2.1520402459474455
2007-10-05,1.7510259917920674,0.4778915494307406,1.7510259917920674
2007-10-08,0.9142242538316844,0.5134815284526411,0.9142242538316844
2007-10-09,-1.0924593658406707,0.5092901979893986,1.0924593658406707
2007-10-10,-1.4816810344827511,0.51682044544462,1.4816810344827511
2007-10-11,-2.4883784522833023,0.4941471104257232,2.4883784522833023
2007-10-12,1.6545148625911483,0.4675407708088791,1.6545148625911483
2007-10-15,0.2758620689655212,0.4874978577877497,0.2758620689655212
2007-10-16,4.951856946354875,0.52279027386645,4.951856946354875
2007-10-17,3.3027522935779765,0.6442974754486606,3.3027522935779765
2007-10-18,0.0253742704897364,0.6680297702474535,0.0253742704897364
2007-10-19,-5.758498224251657,0.6665969062945287,5.758498224251657
2007-10-22,6.783310901749672,0.5694308190129682,6.783310901749672
2007-10-23,-2.9493319889084995,0.5979955454607981,2.9493319889084995
2007-10-24,-4.285714285714282,0.6148398350691949,4.285714285714282
2007-10-25,-2.849389416553607,0.566475863473136,2.849389416553607
2007-10-26,-7.206703910614521,0.5183211448805419,7.206703910614521
2007-10-29,1.9265502709211335,0.5040910492295234,1.9265502709211335
2007-10-30,3.455404607206148,0.5228147578452217,3.455404607206148
2007-10-31,-0.5709391949757432,0.5019173215142428,0.5709391949757432
2007-11-01,2.985931668102209,0.4901033134935818,2.985931668102209
2007-11-02,1.5611931976582167,0.498732401078483,1.5611931976582167
2007-11-05,1.8116936590722037,0.4958683353415651,1.8116936590722037
2007-11-06,2.1299541655432708,0.4783745630341331,2.1299541655432708
2007-11-07,-5.623020063357979,0.4511351899299357,5.623020063357979
2007-11-08,-3.3566433566433647,0.4073690210904256,3.3566433566433647
2007-11-09,-3.4732272069464423,0.3637377020061608,3.4732272069464423
2007-11-12,-8.485757121439285,0.3248397922058081,8.485757121439285
2007-11-13,9.79685452162516,0.1711342000548113,9.79685452162516
2007-11-14,-4.613548194568784,0.3580576799275666,4.613548194568784
2007-11-15,0.1126267050431778,0.3547219440220894,0.1126267050431778
2007-11-16,-0.0312500000000048,0.4774663445725828,0.0312500000000048
2007-11-19,-3.626133166614568,0.4060626148320559,3.626133166614568
2007-11-20,-4.638339279922153,0.3528665841457977,4.638339279922153
2007-11-21,1.768707482993208,0.3507165881034977,1.768707482993208
2007-11-23,0.9358288770053396,0.2919199637983761,0.9358288770053396
2007-11-26,-0.8609271523178742,0.2764131341228283,0.8609271523178742
2007-11-27,6.078824315297262,0.2403067731383484,6.078824315297262
2007-11-28,3.274559193954646,0.2697560513992389,3.274559193954646
2007-11-29,4.268292682926847,0.2589658054359663,4.268292682926847
2007-11-30,-6.432748538011704,0.2677711503160077,6.432748538011704
2007-12-03,0.4375000000000018,0.1974952511143133,0.4375000000000018
2007-12-04,3.266957062850022,0.1831821563538085,3.266957062850022
2007-12-05,1.0846640554383835,0.1842168167617074,1.0846640554383835
2007-12-06,2.6825633383010605,0.1781369308372293,2.6825633383010605
2007-12-07,-1.3352685050798283,0.2333129923934404,1.3352685050798283
2007-12-10,2.912621359223286,0.2114543436106629,2.912621359223286
2007-12-11,2.172670097198414,0.2534009890846613,2.172670097198414
2007-12-12,-1.958589815332968,0.3006065928040291,1.958589815332968
2007-12-13,-1.9977168949771569,0.2751935791151704,1.9977168949771569
2007-12-14,1.0483401281304583,0.2773675668654394,1.0483401281304583
2007-12-17,-2.6224783861671574,0.300338719983272,2.6224783861671574
2007-12-18,0.651080201242968,0.2552297400847972,0.651080201242968
2007-12-19,2.9109085563069748,0.25056157493838,2.9109085563069748
2007-12-20,1.6857142857142955,0.2126367690207418,1.6857142857142955
2007-12-21,-0.4776622646810949,0.2844961015801621,0.4776622646810949
2007-12-24,1.2140033879164305,0.2663649851261286,1.2140033879164305
2007-12-26,0.9762900976290136,0.3364701266452884,0.9762900976290136
2007-12-27,-3.093922651933714,0.3670468064212214,3.093922651933714
2007-12-28,-1.6248574686431023,0.3468152896271577,1.6248574686431023
2007-12-31,-1.1301072152999148,0.3139650006997068,1.1301072152999148
2008-01-02,-2.6963657678780617,0.2886441688159651,2.6963657678780617
2008-01-03,-4.307228915662661,0.3321609891252967,4.307228915662661
2008-01-04,-4.941768964431855,0.2455161485714416,4.941768964431855
2008-01-07,-10.430463576158935,0.2035468717683256,10.430463576158935
2008-01-08,2.9205175600739337,0.2265298391493415,2.9205175600739337
2008-01-09,0.9339080459770172,0.2802704554113707,0.9339080459770172
2008-01-10,-1.7081850533807843,0.2698857225152182,1.7081850533807843
2008-01-11,-0.6154960173787173,0.2071572263748041,0.6154960173787173
2008-01-14,1.0928961748633903,0.2055656892824679,1.0928961748633903
2008-01-15,-9.729729729729728,0.1418575316213731,9.729729729729728
2008-01-16,-3.8722554890219656,-0.0600229005743683,3.8722554890219656
2008-01-17,-2.9485049833886934,-0.0677673198318608,2.9485049833886934
2008-01-18,-3.851091142490381,-0.1156486957984559,3.851091142490381
2008-01-22,0.7565643079661848,-0.1772462052175156,0.7565643079661848
2008-01-23,8.21554770318021,-0.1215188998000537,8.21554770318021
2008-01-24,9.632653061224488,-0.0815940621192094,9.632653061224488
2008-01-25,-7.4460163812360385,-0.0659071245307578,7.4460163812360385
2008-01-28,0.9251810136765908,-0.1367499863989832,0.9251810136765908
2008-01-29,-0.3587086488640887,-0.1797960245479727,0.3587086488640887
2008-01-30,-1.4399999999999975,-0.1806112974359037,1.4399999999999975
2008-01-31,-0.4058441558441616,-0.1505428114707479,0.4058441558441616
2008-02-01,11.817440912795446,-0.1770933957840034,11.817440912795446
2008-02-04,-7.069970845481054,0.1404678265470122,7.069970845481054
2008-02-05,-3.333333333333339,0.1057019697314096,3.333333333333339
2008-02-06,-4.219066937119672,0.1119654520101853,4.219066937119672
2008-02-07,3.0072003388394783,0.1147805716517888,3.0072003388394783
2008-02-08,3.6184210526315743,0.13766820061755,3.6184210526315743
2008-02-11,0.992063492063492,0.1529698537179355,0.992063492063492
2008-02-12,2.9469548133595285,0.0713600243603549,2.9469548133595285
2008-02-13,0.1145038167938974,0.1493024870010022,0.1145038167938974
2008-02-14,-14.144109797941292,0.1342706821975899,14.144109797941292
2008-02-15,0.7104795737122565,-0.1058631794945551,0.7104795737122565
2008-02-19,-6.084656084656079,-0.2435129760776694,6.084656084656079
2008-02-20,3.286384976525818,-0.3255437692404077,3.286384976525818
2008-02-21,-2.4545454545454506,-0.3537261952156893,2.4545454545454506
2008-02-22,3.914259086672879,-0.3783517043414666,3.914259086672879
2008-02-25,-0.5381165919282556,-0.3404736863297914,0.5381165919282556
2008-02-26,0.9467989179440977,-0.3947335563806601,0.9467989179440977
2008-02-27,1.1612326931665833,-0.3565901900870694,1.1612326931665833
2008-02-28,-4.503311258278144,-0.3153903656266132,4.503311258278144
2008-02-29,-1.2482662968099842,-0.3844804207783075,1.2482662968099842
2008-03-03,-1.6853932584269635,-0.4253938142731965,1.6853932584269635
2008-03-04,0.6190476190476143,-0.4582190408971977,0.6190476190476143
2008-03-05,-1.0411736867013672,-0.4550461112527076,1.0411736867013672
2008-03-06,-6.838833094213293,-0.4547226703485944,6.838833094213293
2008-03-07,-0.8726899383983661,-0.5044908473355113,0.8726899383983661
2008-03-10,-1.605385810460895,-0.538190795952874,1.605385810460895
2008-03-11,1.157894736842099,-0.5624748889283923,1.157894736842099
2008-03-12,-5.15088449531737,-0.597448968244462,5.15088449531737
2008-03-13,8.612177729018104,-0.6885057383039698,8.612177729018104
2008-03-14,-11.51515151515152,-0.5831511691438632,11.51515151515152
2008-03-17,4.337899543379004,-0.628417837523784,4.337899543379004
2008-03-18,1.3676148796498906,-0.6901578220851744,1.3676148796498906
2008-03-19,-3.561791689152726,-0.6395793362159837,3.561791689152726
2008-03-20,5.931729155008386,-0.6293951974636505,5.931729155008386
2008-03-24,6.286318013734819,-0.5329146613232952,6.286318013734819
2008-03-25,-0.347912524850896,-0.41340456187814,0.347912524850896
2008-03-26,-3.3915211970074797,-0.4315241005984108,3.3915211970074797
2008-03-27,1.910170366546192,-0.5081222199430026,1.910170366546192
2008-03-28,0.7598784194528984,-0.4924936791953051,0.7598784194528984
2008-03-31,2.463549522373044,-0.5135640885430701,2.463549522373044
2008-04-01,3.3366045142296357,-0.5051163727292879,3.3366045142296357
2008-04-02,-4.131054131054119,-0.4927388608401983,4.131054131054119
2008-04-03,-3.021297672114923,-0.5407948819474533,3.021297672114923
2008-04-04,-1.736465781409601,-0.5193651700588371,1.736465781409601
2008-04-07,-1.2474012474012397,-0.5049896812334325,1.2474012474012397
2008-04-08,1.7894736842105257,-0.4955991791510681,1.7894736842105257
2008-04-09,1.9131334022750828,-0.3958255672505839,1.9131334022750828
2008-04-10,-1.0654490106544945,-0.4282715509798966,1.0654490106544945
2008-04-11,-5.333333333333329,-0.3678519025549961,5.333333333333329
2008-04-14,-2.4918743228602427,-0.5038235631178283,2.4918743228602427
2008-04-15,4.499999999999993,-0.5279548399456895,4.499999999999993
2008-04-16,-4.4657097288676235,-0.4412047647406992,4.4657097288676235
2008-04-17,6.566499721758485,-0.4295724756521931,6.566499721758485
2008-04-18,-1.4621409921670894,-0.3791204434811829,1.4621409921670894
2008-04-21,3.3916269210386885,-0.3959666184388043,3.3916269210386885
2008-04-22,1.3326499231163402,-0.3593425587289323,1.3326499231163402
2008-04-23,3.9959534648457216,-0.3954107801415532,3.9959534648457216
2008-04-24,-2.0428015564202244,-0.3837821010432716,2.0428015564202244
2008-04-25,-0.397219463753733,-0.4385868521480587,0.397219463753733
2008-04-28,-2.442671984047849,-0.3122002607948203,2.442671984047849
2008-04-29,4.421052631578937,-0.3682971215349546,4.421052631578937
2008-04-30,1.785155026620745,-0.358472494592531,1.785155026620745
2008-05-01,6.201923076923072,-0.3586235917495386,6.201923076923072
2008-05-02,1.2675418741512048,-0.3599197392912054,1.2675418741512048
2008-05-05,-2.1010281627179364,-0.3274244570947137,2.1010281627179364
2008-05-06,3.1506849315068552,-0.3833164269335464,3.1506849315068552
2008-05-07,-1.8149623727312976,-0.382935444618615,1.8149623727312976
2008-05-08,-0.7664562669071152,-0.3701028878180387,0.7664562669071152
2008-05-09,3.680145388459785,-0.3481901222130776,3.680145388459785
2008-05-12,-3.593339176161263,-0.3297498608852309,3.593339176161263
2008-05-13,-1.3181818181818143,-0.3350916030227479,1.3181818181818143
2008-05-14,1.4279134039613022,-0.3633310711987161,1.4279134039613022
2008-05-15,9.809264305177113,-0.3794475170174826,9.809264305177113
2008-05-16,0.9925558312655168,-0.309683872719719,0.9925558312655168
2008-05-19,-4.791154791154797,-0.2952566387884852,4.791154791154797
2008-05-20,0.3870967741935477,-0.3592223559411192,0.3870967741935477
2008-05-21,0.3427592116538211,-0.3663903416211966,0.3427592116538211
2008-05-22,0.8112724167378211,-0.1806395770657264,0.8112724167378211
2008-05-23,-1.9483269800931848,-0.1245119633501491,1.9483269800931848
2008-05-27,3.6717062634989266,-0.1152473817111599,3.6717062634989266
2008-05-28,-1.708333333333334,-0.0220512908338648,1.708333333333334
2008-05-29,2.543450614667238,-0.006073325578101,2.543450614667238
2008-05-30,2.108309218685399,0.073763067195267,2.108309218685399
2008-06-02,0.7287449392712539,0.1237034116740735,0.7287449392712539
2008-06-03,-5.827974276527329,0.1325783878437708,5.827974276527329
2008-06-04,7.042253521126755,0.0413405667304539,7.042253521126755
2008-06-05,-2.1132376395534194,0.1494155452207935,2.1132376395534194
2008-06-06,-2.566191446028509,0.1347780194170021,2.566191446028509
2008-06-09,-3.6371237458194017,0.1004270013647595,3.6371237458194017
2008-06-10,-3.2971800433839547,0.0858054735300382,3.2971800433839547
2008-06-11,-2.512337371018388,0.0634348075849881,2.512337371018388
2008-06-12,-1.4726184997699046,0.047261330663303,1.4726184997699046
2008-06-13,-1.541335824381139,0.0479882659681762,1.541335824381139
2008-06-16,1.1385199240986812,0.0235881824197433,1.1385199240986812
2008-06-17,-4.784240150093806,-0.0068914505153487,4.784240150093806
2008-06-18,-1.3793103448275918,-0.1490911298810284,1.3793103448275918
2008-06-19,-2.9970029970029866,-0.1267596898390294,2.9970029970029866
2008-06-20,2.5231719876415983,-0.178321461809684,2.5231719876415983
2008-06-23,-3.3651431441486777,-0.1289834267568143,3.3651431441486777
2008-06-24,5.5093555093555215,-0.1586759582273078,5.5093555093555215
2008-06-25,-3.940886699507392,-0.0566561245737616,3.940886699507392
2008-06-26,-1.7948717948718025,-0.2143138430151309,1.7948717948718025
2008-06-27,-0.4699738903394249,-0.2000262587056516,0.4699738903394249
2008-06-30,-2.9380902413431205,-0.1832144640701404,2.9380902413431205
2008-07-01,0.8648648648648656,-0.1972968463604597,0.8648648648648656
2008-07-02,-30.439442658092176,-0.2058943226081473,30.439442658092176
2008-07-03,-2.311248073959944,-0.5309529492446423,2.311248073959944
2008-07-07,-3.943217665615142,-0.5645906321728112,3.943217665615142
2008-07-08,-0.9852216748768408,-0.6338458191310584,0.9852216748768408
2008-07-09,-1.459369817578774,-0.6371036425182711,1.459369817578774
2008-07-10,-2.8105015146415315,-0.4162286926549525,2.8105015146415315
2008-07-11,1.81818181818181,-0.4554981795009591,1.81818181818181
2008-07-14,-6.122448979591842,-0.3470894724844913,6.122448979591842
2008-07-15,2.3550724637681304,-0.4407280421304,2.3550724637681304
2008-07-16,1.7699115044247724,-0.3965135132453729,1.7699115044247724
2008-07-17,-1.9130434782608752,-0.4410368106429909,1.9130434782608752
2008-07-18,4.078014184397171,-0.4583127055659394,4.078014184397171
2008-07-21,-1.87393526405452,-0.4487660359642806,1.87393526405452
2008-07-22,-0.5208333333333223,-0.4871621103710816,0.5208333333333223
2008-07-23,1.221640488656185,-0.4356618333776302,1.221640488656185
2008-07-24,-3.9655172413793025,-0.4961864011080484,3.9655172413793025
2008-07-25,2.423698384201073,-0.5156275985777313,2.423698384201073
2008-07-28,1.2269938650306798,-0.4975813084310924,1.2269938650306798
2008-07-29,2.8571428571428577,-0.4728711942342624,2.8571428571428577
2008-07-30,-3.619528619528632,-0.3754966376427907,3.619528619528632
2008-07-31,-2.707423580786015,-0.4026882871635669,2.707423580786015
2008-08-01,-2.69299820466787,-0.4156316295172957,2.69299820466787
2008-08-04,-0.5535055350553552,-0.455182034030649,0.5535055350553552
2008-08-05,4.081632653061237,-0.415031032095383,4.081632653061237
2008-08-06,1.5151515151515145,-0.4512798134762285,1.5151515151515145
2008-08-07,0.0877963125548708,-0.1398588058451159,0.0877963125548708
2008-08-08,-2.8070175438596516,-0.2076459208347634,2.8070175438596516
2008-08-11,2.1660649819494604,-0.4062043633422461,2.1660649819494604
2008-08-12,5.565371024734973,-0.3477036166933896,5.565371024734973
2008-08-13,1.841004184100424,-0.213314165152742,1.841004184100424
2008-08-14,8.70994248151192,-0.2761125865736429,8.70994248151192
2008-08-15,-1.3605442176870726,-0.2175602577761857,1.3605442176870726
2008-08-18,-0.7662835249042254,-0.1691621475600049,0.7662835249042254
2008-08-19,5.173745173745174,-0.216652715643834,5.173745173745174
2008-08-20,1.5418502202643236,-0.2002347523984654,1.5418502202643236
2008-08-21,-0.7953723788864746,-0.2337137819827885,0.7953723788864746
2008-08-22,-1.3848396501457818,-0.2965417932778331,1.3848396501457818
2008-08-25,-0.369549150036947,-0.2440206049334457,0.369549150036947
2008-08-26,-5.118694362017814,-0.2030358511753409,5.118694362017814
2008-08-27,3.283815480844423,-0.2228966984239495,3.283815480844423
2008-08-28,-1.8925056775170324,-0.1843982025841429,1.8925056775170324
2008-08-29,-0.8487654320987746,-0.2342353300470521,0.8487654320987746
2008-09-02,-5.447470817120617,-0.2753012798649715,5.447470817120617
2008-09-03,-5.102880658436222,-0.3672537597949867,5.102880658436222
2008-09-04,-1.1274934952298266,-0.2844298065242568,1.1274934952298266
2008-09-05,3.3333333333333246,-0.3453400139298255,3.3333333333333246
2008-09-08,-5.348047538200332,-0.3571089144802575,5.348047538200332
2008-09-09,-1.8834080717488864,-0.3548751831116131,1.8834080717488864
2008-09-10,-6.7641681901279735,-0.3570176991767835,6.7641681901279735
2008-09-11,0.0980392156862898,-0.4044309498825165,0.0980392156862898
2008-09-12,-3.7218413320274313,-0.4533781482587475,3.7218413320274313
2008-09-15,-8.748728382502538,-0.5172113864353165,8.748728382502538
2008-09-16,4.459308807134878,-0.6436663772881225,4.459308807134878
2008-09-17,8.0042689434365,-0.5800494209962382,8.0042689434365
2008-09-18,12.747035573122538,-0.5008051225302712,12.747035573122538
2008-09-19,-0.7887817703768611,-0.3390523088310512,0.7887817703768611
2008-09-22,-2.1201413427561855,-0.4026730801910608,2.1201413427561855
2008-09-23,-3.339350180505408,-0.4534658138173483,3.339350180505408
2008-09-24,5.042016806722681,-0.5565889444540472,5.042016806722681
2008-09-25,-0.5333333333333378,-0.5334900798622776,0.5333333333333378
2008-09-26,1.697944593386964,-0.5133174444022575,1.697944593386964
2008-09-29,-9.841827768014069,-0.5410494863964478,9.841827768014069
2008-09-30,2.8265107212475726,-0.6127642980989387,2.8265107212475726
2008-10-01,-0.663507109004742,-0.5820771375053706,0.663507109004742
2008-10-02,-9.541984732824426,-0.6406256688359593,9.541984732824426
2008-10-03,-9.282700421940936,-0.7050919671266621,9.282700421940936
2008-10-06,-5.465116279069754,-0.7870908136029962,5.465116279069754
2008-10-07,-14.145141451414515,-0.8568915362646552,14.145141451414515
2008-10-08,9.742120343839536,-1.0631740054827152,9.742120343839536
2008-10-09,-17.493472584856395,-1.0091246974095782,17.493472584856395
2008-10-10,16.930379746835435,-1.409309883822036,16.930379746835435
2008-10-13,12.990527740189446,-1.4450611893955123,12.990527740189446
2008-10-14,-6.34730538922155,-1.455486969192424,6.34730538922155
2008-10-15,-7.54475703324808,-1.4445206576866465,7.54475703324808
2008-10-16,3.457814661134163,-1.5145158690906733,3.457814661134163
2008-10-17,5.748663101604274,-1.5505452903598966,5.748663101604274
2008-10-20,-3.2869785082174436,-1.510585455935692,3.2869785082174436
2008-10-21,-7.18954248366014,-1.5332687114636423,7.18954248366014
2008-10-22,-2.6760563380281623,-1.6434539970191226,2.6760563380281623
2008-10-23,-13.169319826338642,-1.672440554708399,13.169319826338642
2008-10-24,9.500000000000004,-1.7280351842605326,9.500000000000004
2008-10-27,11.719939117199385,-1.813658262911978,11.719939117199385
2008-10-28,8.58310626702997,-1.8005457435818462,8.58310626702997
2008-10-29,9.78670012547052,-1.7307039566270452,9.78670012547052
2008-10-30,-4.4571428571428635,-1.6680562128367402,4.4571428571428635
2008-10-31,7.057416267942583,-1.5880288835794207,7.057416267942583
2008-11-03,-2.4581005586592055,-1.420822046580446,2.4581005586592055
2008-11-04,-0.9163802978235976,-1.3746204063053775,0.9163802978235976
2008-11-05,-7.398843930635844,-1.384015893933632,7.398843930635844
2008-11-06,8.3645443196005,-1.472287613735378,8.3645443196005
2008-11-07,4.262672811059919,-1.3134510393981114,4.262672811059919
2008-11-10,-11.160220994475155,-1.2372834349024202,11.160220994475155
2008-11-11,-5.970149253731338,-1.349989846031877,5.970149253731338
2008-11-12,-7.407407407407402,-1.4138971225073915,7.407407407407402
2008-11-13,8.85714285714286,-1.511712386988075,8.85714285714286
2008-11-14,-6.824146981627302,-1.4700541406137124,6.824146981627302
2008-11-17,0.8450704225352184,-1.4261575827374569,0.8450704225352184
2008-11-18,-6.005586592178767,-0.6139272390465328,6.005586592178767
2008-11-19,-8.172362555720664,-0.6405611120174475,8.172362555720664
2008-11-20,-1.4563106796116485,-0.7415317985531367,1.4563106796116485
2008-11-21,11.165845648604265,-0.862843471221476,11.165845648604265
2008-11-24,4.874446085672084,-0.4265155705480642,4.874446085672084
2008-11-25,-3.2394366197183033,-0.3537639415424866,3.2394366197183033
2008-11-26,9.024745269286756,-0.2817881527351232,9.024745269286756
2008-11-28,-4.272363150867827,-0.2107330368527406,4.272363150867827
2008-12-01,-2.9288702928870287,-0.196336514330669,2.9288702928870287
2008-12-02,-0.4310344827586242,-0.1594982582105502,0.4310344827586242
2008-12-03,7.215007215007216,-0.2075021819148838,7.215007215007216
2008-12-04,-7.671601615074016,0.027443024385711,7.671601615074016
2008-12-05,9.329446064139937,-0.0843039013732567,9.329446064139937
2008-12-08,-6.266666666666663,-0.0773840807463138,6.266666666666663
2008-12-09,13.229018492176383,-0.0686499901640598,13.229018492176383
2008-12-10,6.78391959798995,-0.1238516793255728,6.78391959798995
2008-12-11,-6.470588235294116,-0.0378252460384122,6.470588235294116
2008-12-12,8.805031446540882,-0.0446077598626244,8.805031446540882
2008-12-15,-2.890173410404624,-0.037886653385984,2.890173410404624
2008-12-16,3.809523809523813,0.0695049835707334,3.809523809523813
2008-12-17,6.192660550458705,0.0300332764582713,6.192660550458705
2008-12-18,-7.451403887688979,0.0399071109314496,7.451403887688979
2008-12-19,0.9334889148191372,-0.0825614383269873,0.9334889148191372
2008-12-22,-6.705202312138729,0.014637719242292,6.705202312138729
2008-12-23,-3.965303593556385,0.0202476608607198,3.965303593556385
2008-12-24,-0.3870967741935516,0.0329658157768054,0.3870967741935516
2008-12-26,-1.4248704663212362,-0.0110571567796988,1.4248704663212362
2008-12-29,3.1537450722733156,-0.1661710208894308,3.1537450722733156
2008-12-30,0.8917197452229336,-0.193472037356819,0.8917197452229336
2008-12-31,1.8939393939393985,-0.2247261272610482,1.8939393939393985
2009-01-02,6.691449814126384,-0.1837606252696537,6.691449814126384
2009-01-05,6.039488966318251,-0.1064268314341861,6.039488966318251
2009-01-06,-1.8619934282584876,-0.101051424641835,1.8619934282584876
2009-01-07,-5.02232142857144,-0.1551302289742655,5.02232142857144
2009-01-08,-1.2925969447708512,-0.3466046901590015,1.2925969447708512
2009-01-09,-5.595238095238103,-0.3531175439228161,5.595238095238103
2009-01-12,-7.313997477931905,-0.4478742165866013,7.313997477931905
2009-01-13,0.4081632653061258,-0.6404883762282041,0.4081632653061258
2009-01-14,-0.4065040650406538,-0.6821780187221977,0.4065040650406538
2009-01-15,5.85034013605443,-0.6838223188467218,5.85034013605443
2009-01-16,2.4421593830334127,-0.5703395506027645,2.4421593830334127
2009-01-20,-7.77917189460477,-0.5239720428413915,7.77917189460477
2009-01-21,-0.4081632653061137,-0.5667459003627984,0.4081632653061137
2009-01-22,-1.5027322404371628,-0.6190017133746086,1.5027322404371628
2009-01-23,7.42302357836338,-0.6075281588246509,7.42302357836338
2009-01-26,4.580901719774829,-0.4709277594754862,4.580901719774829
2009-01-27,7.901234567901242,-0.3498753846833667,7.901234567901242
2009-01-28,-2.7459954233409634,-0.2185409569478097,2.7459954233409634
2009-01-29,-3.294117647058816,-0.2010989830599583,3.294117647058816
2009-01-30,-4.744525547445262,-0.255608837564489,4.744525547445262
2009-02-02,7.279693486590042,-0.2470365957573392,7.279693486590042
2009-02-03,1.1904761904761862,-0.1101111737283654,1.1904761904761862
2009-02-04,-0.1176470588235269,0.0172875329022441,0.1176470588235269
2009-02-05,10.60070671378092,0.1499199873188053,10.60070671378092
2009-02-06,4.685835995740144,0.2194076873508571,4.685835995740144
2009-02-09,-1.0172939979654083,0.3905104991702685,1.0172939979654083
2009-02-10,-11.868448098663924,0.3766720360931901,11.868448098663924
2009-02-11,-7.057561339677218,0.0532268757299751,7.057561339677218
2009-02-12,2.0075282308657596,-0.1174652205636383,2.0075282308657596
2009-02-13,-1.599015990159911,-0.099708165867971,1.599015990159911
2009-02-17,-2.124999999999999,-0.0956261247898297,2.124999999999999
2009-02-18,4.725415070242646,0.0075610806933332,4.725415070242646
2009-02-19,-10.73170731707316,0.0610676465880351,10.73170731707316
2009-02-20,5.737704918032786,-0.0869886248174505,5.737704918032786
2009-02-23,-5.684754521963829,0.0022075861010858,5.684754521963829
2009-02-24,8.082191780821915,-0.0267535935823472,8.082191780821915
2009-02-25,4.942965779467677,0.0841417950588328,4.942965779467677
2009-02-26,-2.7777777777777617,0.165850898802386,2.7777777777777617
2009-02-27,0.3726708074534082,0.1727386278182499,0.3726708074534082
2009-03-02,-4.4554455445544585,0.2185966557283539,4.4554455445544585
2009-03-03,4.792746113989639,0.1815950420542188,4.792746113989639
2009-03-04,3.0902348578491967,0.3044543139318389,3.0902348578491967
2009-03-05,-0.9592326139088738,0.3000111217443036,0.9592326139088738
2009-03-06,0.8474576271186476,0.3720876564882613,0.8474576271186476
2009-03-09,3.2412965186074376,0.296613112654211,3.2412965186074376
2009-03-10,5.232558139534897,0.2580929660230033,5.232558139534897
2009-03-11,2.430939226519324,0.374592014850331,2.430939226519324
2009-03-12,4.7464940668824305,0.4562642118804726,4.7464940668824305
2009-03-13,1.9567456230689957,0.5076336324057432,1.9567456230689957
2009-03-16,-4.545454545454556,0.5071980489621488,4.545454545454556
2009-03-17,3.0687830687830786,0.4540479636778707,3.0687830687830786
2009-03-18,5.441478439425045,0.5404476678792944,5.441478439425045
2009-03-19,-0.3894839337877229,0.6458823956094439,0.3894839337877229
2009-03-20,-3.9100684261974616,0.6933935199793161,3.9100684261974616
2009-03-23,1.4242115971515823,0.5698210069587529,1.4242115971515823
2009-03-24,1.1033099297893625,0.5125941198680973,1.1033099297893625
2009-03-25,0.1984126984126941,0.472060049327658,0.1984126984126941
2009-03-26,3.4653465346534618,0.4474860870237364,3.4653465346534618
2009-03-27,-3.7320574162679314,0.5381666954847752,3.7320574162679314
2009-03-30,-1.1928429423459344,0.4176249087058214,1.1928429423459344
2009-03-31,-2.012072434607638,0.409213958621158,2.012072434607638
2009-04-01,7.700205338809035,0.3707344202234391,7.700205338809035
2009-04-02,0.9532888465204924,0.5398593700639998,0.9532888465204924
2009-04-03,5.099150141643069,0.4907665105999645,5.099150141643069
2009-04-06,0.0,0.5708553393444299,0.0
2009-04-07,-0.4492362982929084,0.6289886532009983,0.4492362982929084
2009-04-08,5.595667870036094,0.618280024760254,5.595667870036094
2009-04-09,1.623931623931635,0.7627793088108693,1.623931623931635
2009-04-13,-3.3641715727502133,0.7043117771306809,3.3641715727502133
2009-04-14,-1.5665796344647491,0.680506353734302,1.5665796344647491
2009-04-15,2.5641025641025563,0.6522126499332329,2.5641025641025563
2009-04-16,0.6896551724137937,0.7218640077300535,0.6896551724137937
2009-04-17,-3.1678082191780756,0.7664153362118554,3.1678082191780756
2009-04-20,-3.625110521662247,0.7123991628897774,3.625110521662247
2009-04-21,0.1834862385321062,0.5863232886361086,0.1834862385321062
2009-04-22,4.945054945054953,0.5557425412731642,4.945054945054953
2009-04-23,-1.5706806282722643,0.6501081442150202,1.5706806282722643
2009-04-24,0.0,0.5674373466097818,0.0
2009-04-27,-3.5460992907801296,0.5847267911211121,3.5460992907801296
2009-04-28,2.022058823529401,0.5293494209442846,2.022058823529401
2009-04-29,-0.0900900900900881,0.557502004902472,0.0900900900900881
2009-04-30,3.2461677186654594,0.5153764494172531,3.2461677186654594
2009-05-01,3.6681222707423577,0.6033097614300982,3.6681222707423577
2009-05-04,1.347935973041282,0.619055868807965,1.347935973041282
2009-05-05,-0.831255195344968,0.6650446066553061,0.831255195344968
2009-05-06,-0.92204526404023,0.5786289043639128,0.92204526404023
2009-05-07,-11.167512690355332,0.5196139861644555,11.167512690355332
2009-05-08,-13.333333333333336,0.385019804273035,13.333333333333336
2009-05-11,5.934065934065944,0.2870806359135993,5.934065934065944
2009-05-12,-7.468879668049798,0.3338404364140662,7.468879668049798
2009-05-13,-5.941704035874432,0.2791960075646718,5.941704035874432
2009-05-14,2.2646007151370617,0.186482485457224,2.2646007151370617
2009-05-15,4.428904428904438,0.2457366257845812,4.428904428904438
2009-05-18,4.129464285714277,0.2778290998201059,4.129464285714277
2009-05-19,3.108252947481234,0.3783537698006238,3.108252947481234
2009-05-20,-0.1039501039501017,0.4586671658660469,0.1039501039501017
2009-05-21,0.624349635796051,0.4702853324057792,0.624349635796051
2009-05-22,0.6204756980351654,0.4937466887074813,0.6204756980351654
2009-05-26,5.858170606372048,0.468329628037486,5.858170606372048
2009-05-27,2.2330097087378507,0.5160551483918772,2.2330097087378507
2009-05-28,-0.0949667616334262,0.5238572175214324,0.0949667616334262
2009-05-29,0.2851711026616078,0.476515084634027,0.2851711026616078
2009-06-01,3.6966824644549647,0.434313169154013,3.6966824644549647
2009-06-02,-2.102376599634357,0.51150893651339,2.102376599634357
2009-06-03,-1.5873015873016032,0.5252114968547338,1.5873015873016032
2009-06-04,5.218216318785586,0.528294352000045,5.218216318785586
2009-06-05,-3.065825067628493,0.6230959515402085,3.065825067628493
2009-06-08,1.5813953488372086,0.653358170106891,1.5813953488372086
2009-06-09,4.5787545787545785,0.6566761400332438,4.5787545787545785
2009-06-10,2.8441330998248664,0.7077056901840729,2.8441330998248664
2009-06-11,-2.9357673183025623,0.7059324130092985,2.9357673183025623
2009-06-12,-0.8771929824561372,0.6729303892204294,0.8771929824561372
2009-06-15,0.1769911504424741,0.7267604698646956,0.1769911504424741
2009-06-16,-1.2367491166077789,0.707839974645284,1.2367491166077789
2009-06-17,0.53667262969589,0.6762649660508689,0.53667262969589
2009-06-18,-0.6227758007117463,0.6354753922074327,0.6227758007117463
2009-06-19,0.447627573858556,0.5906025519647662,0.447627573858556
2009-06-22,-5.080213903743318,0.547863018396498,5.080213903743318
2009-06-23,-0.1877934272300429,0.4833316150982793,0.1877934272300429
2009-06-24,1.128880526810905,0.4671528078061434,1.128880526810905
2009-06-25,5.767441860465109,0.4763420444960592,5.767441860465109
2009-06-26,2.0228671943711563,0.5291892056631409,2.0228671943711563
2009-06-29,-0.6034482758620714,0.5397073696597062,0.6034482758620714
2009-06-30,-1.4744145706851686,0.5355845182989044,1.4744145706851686
2009-07-01,-3.4330985915492853,0.458948509655932,3.4330985915492853
2009-07-02,-0.7292616226071109,0.420401091757198,0.7292616226071109
2009-07-06,-2.754820936639125,0.4406498492753619,2.754820936639125
2009-07-07,-4.154863078375822,0.4151350749263571,4.154863078375822
2009-07-08,1.2807881773398917,0.4261081604080261,1.2807881773398917
2009-07-09,0.4863813229572054,0.42654770518523,0.4863813229572054
2009-07-10,2.420135527589545,0.4625258630831602,2.420135527589545
2009-07-13,-0.0945179584120962,0.499898095702655,0.0945179584120962
2009-07-14,5.014191106906332,0.5149333348996903,5.014191106906332
2009-07-15,1.531531531531531,0.6566753410485446,1.531531531531531
2009-07-16,4.081632653061233,0.6377196711404349,4.081632653061233
2009-07-17,3.7510656436487593,0.7249908509249661,3.7510656436487593
2009-07-20,0.1643385373870137,0.6979332393570292,0.1643385373870137
2009-07-21,-3.77358490566037,0.6513701156489637,3.77358490566037
2009-07-22,4.774083546462052,0.6331854721487667,4.774083546462052
2009-07-23,2.5223759153783605,0.6872734214002186,2.5223759153783605
2009-07-24,1.9047619047619064,0.7659429093258356,1.9047619047619064
2009-07-27,0.7009345794392512,0.7387784580788569,0.7009345794392512
2009-07-28,-0.3093580819798851,0.7153888058411575,0.3093580819798851
2009-07-29,0.8533747090767992,0.7225052216207065,0.8533747090767992
2009-07-30,-0.923076923076917,0.7155269488562219,0.923076923076917
2009-07-31,2.7950310559006164,0.6702120080720138,2.7950310559006164
2009-08-03,-1.43504531722054,0.6530329971296839,1.43504531722054
2009-08-04,1.839080459770103,0.6113238067740098,1.839080459770103
2009-08-05,1.2039127163280674,0.5841574066597732,1.2039127163280674
2009-08-06,2.825278810408928,0.5979297135292483,2.825278810408928
2009-08-07,-0.1446131597975385,0.682628809414601,0.1446131597975385
2009-08-10,-4.634322954380887,0.6571032069685673,4.634322954380887
2009-08-11,-1.5945330296127491,0.5350676635641753,1.5945330296127491
2009-08-12,4.398148148148136,0.5302040759886516,4.398148148148136
2009-08-13,2.069475240206956,0.6268526306979507,2.069475240206956
2009-08-14,-5.792903692976109,0.6292572732963528,5.792903692976109
2009-08-17,-1.152959262106075,0.5321335167743445,1.152959262106075
2009-08-18,2.0995334370140073,0.5115037128721976,2.0995334370140073
2009-08-19,-0.076161462300088,0.5050205205098485,0.076161462300088
2009-08-20,5.259146341463425,0.5406622785298297,5.259146341463425
2009-08-21,0.289645184648799,0.6008091774536078,0.289645184648799
2009-08-24,-1.7328519855595683,0.6023776888725638,1.7328519855595683
2009-08-25,0.1469507714915602,0.5281922038467448,0.1469507714915602
2009-08-26,1.834189288334556,0.5102698337723233,1.834189288334556
2009-08-27,3.6743515850144073,0.4813722872894172,3.6743515850144073
2009-08-28,1.1813759555246697,0.5196510004287788,1.1813759555246697
2009-08-31,-0.3434065934065983,0.5282969872600944,0.3434065934065983
2009-09-01,-3.1702274293590564,0.4752517687337821,3.1702274293590564
2009-09-02,1.281138790035585,0.4326603041360769,1.281138790035585
2009-09-03,1.9676739283204452,0.4726689169247668,1.9676739283204452
2009-09-04,4.893177119228125,0.5057962552353917,4.893177119228125
2009-09-08,1.8396846254927683,0.5376362612601302,1.8396846254927683
2009-09-09,3.2903225806451712,0.5693705355350361,3.2903225806451712
2009-09-10,2.6233603997501445,0.6322235496634052,2.6233603997501445
2009-09-11,-2.1302495435179636,0.6926677430396364,2.1302495435179636
2009-09-14,0.7462686567164242,0.6547497686354312,0.7462686567164242
2009-09-15,0.864197530864201,0.6180239852910862,0.864197530864201
2009-09-16,-2.692778457772335,0.6482012144294879,2.692778457772335
2009-09-17,-3.207547169811319,0.6242198091506347,3.207547169811319
2009-09-18,-2.2742040285900025,0.6200944287330971,2.2742040285900025
2009-09-21,1.4627659574468128,0.5754703474080776,1.4627659574468128
2009-09-22,0.0655307994757522,0.4751574088391165,0.0655307994757522
2009-09-23,-0.5239030779305833,0.4654424178723074,0.5239030779305833
2009-09-24,-3.489137590520075,0.4476128328482677,3.489137590520075
2009-09-25,-0.7503410641200506,0.4016320652220198,0.7503410641200506
2009-09-28,2.5429553264604756,0.400150073065178,2.5429553264604756
2009-09-29,-0.4021447721179658,0.4392423605455359,0.4021447721179658
2009-09-30,0.807537012113062,0.4599143516706167,0.807537012113062
2009-10-01,-7.743658210947931,0.5113800616625425,7.743658210947931
2009-10-02,1.3024602026049183,0.4079889177007114,1.3024602026049183
2009-10-05,-0.3571428571428622,0.4774711032723441,0.3571428571428622
2009-10-06,-0.2867383512544741,0.5450684251979241,0.2867383512544741
2009-10-07,0.503235082674337,0.5153205999864829,0.503235082674337
2009-10-08,-0.5007153075822623,0.4800761868109385,0.5007153075822623
2009-10-09,0.143781452192664,0.4352353933475487,0.143781452192664
2009-10-12,1.148600143575019,0.4049785530442787,1.148600143575019
2009-10-13,2.909865152590491,0.4167870567494504,2.909865152590491
2009-10-14,-4.000000000000001,0.4226106783871087,4.000000000000001
2009-10-15,-4.02298850574713,0.3788867820263321,4.02298850574713
2009-10-16,-0.224550898203588,0.2957752343382922,0.224550898203588
2009-10-19,4.501125281320327,0.2705143626790252,4.501125281320327
2009-10-20,-1.93826274228284,0.3162455575816396,1.93826274228284
2009-10-21,-2.562225475841871,0.2914178818376032,2.562225475841871
2009-10-22,2.554470323065363,0.2317463310657222,2.554470323065363
2009-10-23,-2.930402930402933,0.2768337248471793,2.930402930402933
2009-10-26,-2.4905660377358494,0.2597239338691121,2.4905660377358494
2009-10-27,-5.108359133126936,0.1877702004125615,5.108359133126936
2009-10-28,-0.4078303425774791,0.1675767331663871,0.4078303425774791
2009-10-29,2.2932022932022877,0.1475011512384581,2.2932022932022877
2009-10-30,-4.40352281825461,0.1227700550056409,4.40352281825461
2009-11-02,-2.17755443886097,0.0748696184664958,2.17755443886097
2009-11-03,3.5958904109589036,0.0558623196271774,3.5958904109589036
2009-11-04,0.1652892561983436,0.1302051130744086,0.1652892561983436
2009-11-05,7.590759075907592,0.1025048661721347,7.590759075907592
2009-11-06,2.300613496932521,0.1909993321069215,2.300613496932521
2009-11-09,1.274362818590704,0.2097136325522396,1.274362818590704
2009-11-10,-1.1843079200592164,0.2296846758476151,1.1843079200592164
2009-11-11,2.0224719101123565,0.2153716514137823,2.0224719101123565
2009-11-12,-1.2481644640234943,0.2846013953145755,1.2481644640234943
2009-11-13,1.7100371747211929,0.2732009308310068,1.7100371747211929
2009-11-16,0.5701754385964869,0.2774254774653659,0.5701754385964869
2009-11-17,-1.148422735862767,0.2593344403270449,1.148422735862767
2009-11-18,-2.720588235294112,0.1914305014258213,2.720588235294112
2009-11-19,-4.1572184429327335,0.173600973906427,4.1572184429327335
2009-11-20,3.2334384858044176,0.1472683705430551,3.2334384858044176
2009-11-23,-1.1459129106187955,0.2125291543179855,1.1459129106187955
2009-11-24,1.0046367851622937,0.2099216159638492,1.0046367851622937
2009-11-25,-3.596021423106355,0.2473913466419115,3.596021423106355
2009-11-27,1.9047619047619064,0.2972935520830476,1.9047619047619064
2009-11-30,2.2585669781931537,0.2612847572891421,2.2585669781931537
2009-12-01,1.6755521706016667,0.2774417692439129,1.6755521706016667
2009-12-02,3.9700374531835294,0.2694401400276062,3.9700374531835294
2009-12-03,1.5129682997118088,0.3046855844362518,1.5129682997118088
2009-12-04,12.491128459900636,0.2756427681643615,12.491128459900636
2009-12-07,-0.1261829652996818,0.3849023900823428,0.1261829652996818
2009-12-08,-2.2741629816803504,0.3539960849786037,2.2741629816803504
2009-12-09,2.133160956690369,0.2907368439484308,2.133160956690369
2009-12-10,-1.6455696202531744,0.3020243762482522,1.6455696202531744
2009-12-11,-0.7078507078507043,0.3484964193567713,0.7078507078507043
2009-12-14,0.8425145819831548,0.2879687137074757,0.8425145819831548
2009-12-15,4.17737789203085,0.2584648383933876,4.17737789203085
2009-12-16,4.626773596545342,0.2623330113738442,4.626773596545342
2009-12-17,0.0589622641509316,0.2883109551406943,0.0589622641509316
2009-12-18,-0.2946375957572019,0.2962746113437037,0.2946375957572019
2009-12-21,2.9550827423167845,0.286428556504291,2.9550827423167845
2009-12-22,3.616532721010327,0.3249173360926563,3.616532721010327
2009-12-23,0.7202216066481939,0.3217484948112287,0.7202216066481939
2009-12-24,-0.6600660066006655,0.3500279654103919,0.6600660066006655
2009-12-28,-1.7718715393134017,0.350260916443503,1.7718715393134017
2009-12-29,2.5366403607666452,0.3204296799140594,2.5366403607666452
2009-12-30,2.858713578889497,0.3167328547923488,2.858713578889497
2009-12-31,-1.0689470871191835,0.3482570126890693,1.0689470871191835
2010-01-04,-0.4862236628849262,0.3824257680081269,0.4862236628849262
2010-01-05,1.7915309446253975,0.3937083364422319,1.7915309446253975
2010-01-06,0.160000000000006,0.3675250944051438,0.160000000000006
2010-01-07,-2.2364217252396257,0.3483496161469031,2.2364217252396257
2010-01-08,1.5795206971677511,0.3838056181675826,1.5795206971677511
2010-01-11,-3.37801608579088,0.4171307757952262,3.37801608579088
2010-01-12,-1.2763596004439537,0.3587039086364725,1.2763596004439537
2010-01-13,-0.5621135469364692,0.3446440135187447,0.5621135469364692
2010-01-14,-1.0740531373657505,0.2832468337955353,1.0740531373657505
2010-01-15,-2.971428571428569,0.2719317488668809,2.971428571428569
2010-01-19,1.3545347467608977,0.2686971416249515,1.3545347467608977
2010-01-20,0.813480534572926,0.2794279406720318,0.813480534572926
2010-01-21,-2.881844380403458,0.2656024981887861,2.881844380403458
2010-01-22,-0.7121661721068308,0.1952491749853439,0.7121661721068308
2010-01-25,-0.4184100418410059,0.1753631154555165,0.4184100418410059
2010-01-26,-2.7611044417767157,0.1762649177366124,2.7611044417767157
2010-01-27,3.5802469135802584,0.1887280987945808,3.5802469135802584
2010-01-28,-3.0393325387366,0.2045825910148872,3.0393325387366
2010-01-29,-5.039950829748005,0.1540827944549871,5.039950829748005
2010-02-01,6.860841423948235,0.047763251699918,6.860841423948235
2010-02-02,0.4845548152634663,0.0828267533236973,0.4845548152634663
2010-02-03,0.8438818565400878,0.0445738740554808,0.8438818565400878
2010-02-04,-5.080693365212192,0.0198646568650339,5.080693365212192
2010-02-05,1.826196473551643,-0.0058401546947651,1.826196473551643
2010-02-08,1.7316017316017165,0.0089494705642691,1.7316017316017165
2010-02-09,-1.762917933130694,0.0229780117058129,1.762917933130694
2010-02-10,2.9084158415841515,0.0379100956718526,2.9084158415841515
2010-02-11,2.2248947684906857,0.1021868735277137,2.2248947684906857
2010-02-12,3.411764705882343,0.1532046655563044,3.411764705882343
2010-02-16,1.7633674630261793,0.1733239233808378,1.7633674630261793
2010-02-17,-5.75740637227502,0.1992567704786405,5.75740637227502
2010-02-18,-1.542111506524306,0.1475376794742071,1.542111506524306
2010-02-19,0.3012048192770913,0.16403877979761,0.3012048192770913
2010-02-22,0.0600600600600694,0.1786703101407011,0.0600600600600694
2010-02-23,-1.86074429771908,0.1548543863426817,1.86074429771908
2010-02-24,-1.1009174311926586,0.1425816057056363,1.1009174311926586
2010-02-25,0.927643784786633,0.127779565825345,0.927643784786633
2010-02-26,-0.6740196078431338,0.2014983005071914,0.6740196078431338
2010-03-01,4.8735348550277555,0.1816446341102606,4.8735348550277555
2010-03-02,-0.3529411764705807,0.2356382979645011,0.3529411764705807
2010-03-03,-1.416765053128701,0.2376218770266319,1.416765053128701
2010-03-04,-0.9580838323353302,0.2195176756894845,0.9580838323353302
2010-03-05,3.869407496977029,0.2150139723295065,3.869407496977029
2010-03-08,-0.5238649592549468,0.2518330744127161,0.5238649592549468
2010-03-09,2.399063779988298,0.2353465855521449,2.399063779988298
2010-03-10,-0.2857142857142897,0.2417127547253778,0.2857142857142897
2010-03-11,-0.4011461318051592,0.2679809537600303,0.4011461318051592
2010-03-12,-0.86306098964326,0.3035966081196153,0.86306098964326
2010-03-15,-0.4643064422518969,0.2802381274811896,0.4643064422518969
2010-03-16,4.139941690962105,0.2476967947594426,4.139941690962105
2010-03-17,1.5117581187010054,0.3058386839572468,1.5117581187010054
2010-03-18,-2.2614451185879765,0.3424797154798569,2.2614451185879765
2010-03-19,-3.8939051918735768,0.2911654930997783,3.8939051918735768
2010-03-22,3.671168526130355,0.2616715521478894,3.671168526130355
2010-03-23,0.4803117495128787,0.3263286721236534,0.4803117495128787
2010-03-24,-1.1273957158962755,0.3799650938648009,1.1273957158962755
2010-03-25,-0.2850627137970394,0.3582941828327081,0.2850627137970394
2010-03-26,-0.2287021154945634,0.3277993808992574,0.2287021154945634
2010-03-29,1.7765042979942824,0.3641199122918063,1.7765042979942824
2010-03-30,-1.126126126126142,0.3971185712563344,1.126126126126142
2010-03-31,-0.455580865603635,0.3501645160245167,0.455580865603635
2010-04-01,-0.8581235697940626,0.386935746846013,0.8581235697940626
2010-04-05,-0.40392383150604,0.3192592012643558,0.40392383150604
2010-04-06,-1.8539976825028983,0.2922358511672938,1.8539976825028983
2010-04-07,0.6493506493506459,0.2608765218192488,0.6493506493506459
2010-04-08,-1.2316715542522043,0.2792691420321636,1.2316715542522043
2010-04-09,1.0095011876484663,0.1882906828250779,1.0095011876484663
2010-04-12,2.1164021164021127,0.2002652157450352,2.1164021164021127
2010-04-13,3.8572251007484057,0.2125970692064085,3.8572251007484057
2010-04-14,-0.5543237250554206,0.2646605542832122,0.5543237250554206
2010-04-15,-3.678929765886288,0.2552676119028392,3.678929765886288
2010-04-16,-2.0254629629629712,0.2126477958254538,2.0254629629629712
2010-04-19,1.004134672179573,0.2110224175025523,1.004134672179573
2010-04-20,0.1754385964912139,0.1991756318266111,0.1754385964912139
2010-04-21,-4.670169293636898,0.195457646964319,4.670169293636898
2010-04-22,1.775872627066765,0.1305464232251396,1.775872627066765
2010-04-23,-0.9626955475330936,0.1742054649400302,0.9626955475330936
2010-04-26,0.1215066828675551,0.1361532808156999,0.1215066828675551
2010-04-27,-2.184466019417472,0.1128483491336609,2.184466019417472
2010-04-28,0.5583126550868477,0.100434255584196,0.5583126550868477
2010-04-29,1.4805675508944998,0.0925160411072887,1.4805675508944998
2010-04-30,-4.012158054711247,0.103397813463315,4.012158054711247
2010-05-03,-3.103229892336912,0.0027837251680094,3.103229892336912
2010-05-04,-5.555555555555564,-0.0282337798786463,5.555555555555564
2010-05-05,-0.3460207612456674,-0.0759851834344606,0.3460207612456674
2010-05-06,-0.486111111111113,-0.0740484913343145,0.486111111111113
2010-05-07,3.279832519190514,-0.0827265721882368,3.279832519190514
2010-05-10,-2.567567567567573,-0.0223998955401124,2.567567567567573
2010-05-11,0.5547850208044388,-0.0608518122652395,0.5547850208044388
2010-05-12,0.8275862068965464,-0.0791507617991084,0.8275862068965464
2010-05-13,-6.566347469220241,-0.1129328858609053,6.566347469220241
2010-05-14,-4.9780380673499245,-0.1696521823112143,4.9780380673499245
2010-05-17,0.9244992295839692,-0.2183458012177462,0.9244992295839692
2010-05-18,-4.580152671755722,-0.2270482746112886,4.580152671755722
2010-05-19,-0.8799999999999955,-0.2814704317924933,0.8799999999999955
2010-05-20,-2.3405972558515007,-0.3134600493024378,2.3405972558515007
2010-05-21,4.876033057851239,-0.3373429633321167,4.876033057851239
2010-05-24,-5.673758865248218,-0.2530825415311745,5.673758865248218
2010-05-25,10.27568922305763,-0.3057898442669024,10.27568922305763
2010-05-26,-0.9848484848484772,-0.2625141902674041,0.9848484848484772
2010-05-27,3.136954858454477,-0.2480023991369753,3.136954858454477
2010-05-28,-3.857566765578632,-0.2348328851905543,3.857566765578632
2010-06-01,-2.777777777777787,-0.2726383698186844,2.777777777777787
2010-06-02,-1.1111111111111016,-0.2858996156650164,1.1111111111111016
2010-06-03,-1.0433386837881282,-0.3385942395077187,1.0433386837881282
2010-06-04,-1.459854014598538,-0.3721693732248627,1.459854014598538
2010-06-07,-5.800823045267493,-0.3555906767211315,5.800823045267493
2010-06-08,-1.7928913430957922,-0.3854612811146395,1.7928913430957922
2010-06-09,-0.9786476868327352,-0.3882272957020556,0.9786476868327352
2010-06-10,0.8984725965858009,-0.3838050556471818,0.8984725965858009
2010-06-11,4.89759572573463,-0.3461244979217175,4.89759572573463
2010-06-14,-2.461799660441419,-0.3112449704857653,2.461799660441419
2010-06-15,3.046127067014792,-0.3196292029458776,3.046127067014792
2010-06-16,2.8716216216216206,-0.1897967607939061,2.8716216216216206
2010-06-17,0.9031198686371054,-0.1649356029674454,0.9031198686371054
2010-06-18,2.1969080553295472,-0.1547560525984097,2.1969080553295472
2010-06-21,-3.184713375796181,-0.1210947074771309,3.184713375796181
2010-06-22,-4.0296052631578965,-0.1688999760337869,4.0296052631578965
2010-06-23,-0.4284490145672726,-0.1882530097501456,0.4284490145672726
2010-06-24,-3.7005163511187584,-0.1548397456403034,3.7005163511187584
2010-06-25,-0.2680965147453026,-0.2431571467883617,0.2680965147453026
2010-06-28,-2.688172043010759,-0.2541028625427238,2.688172043010759
2010-06-29,-3.3149171270718183,-0.2850219671171252,3.3149171270718183
2010-06-30,-2.476190476190474,-0.2439942677309786,2.476190476190474
2010-07-01,1.7578124999999971,-0.2921574602074492,1.7578124999999971
2010-07-02,-2.015355086372352,-0.2985192604438266,2.015355086372352
2010-07-06,-0.2938295788442814,-0.3076938137340499,0.2938295788442814
2010-07-07,5.108055009823179,-0.3426821162259769,5.108055009823179
2010-07-08,-3.177570093457943,-0.2935293473156606,3.177570093457943
2010-07-09,-0.0965250965250944,-0.3656536211182222,0.0965250965250944
2010-07-12,3.4782608695652293,-0.3902963005889192,3.4782608695652293
2010-07-13,6.442577030812319,-0.2569536264155266,6.442577030812319
2010-07-14,-3.157894736842116,-0.263583692074384,3.157894736842116
2010-07-15,-2.898550724637668,-0.2972144542056543,2.898550724637668
2010-07-16,-4.944029850746279,-0.3267971695460532,4.944029850746279
2010-07-19,0.0,-0.3356652258802578,0.0
2010-07-20,6.182531894013747,-0.240978580602722,6.182531894013747
2010-07-21,-3.1423290203327157,-0.2009951756006597,3.1423290203327157
2010-07-22,0.4770992366412112,-0.220723396217661,0.4770992366412112
2010-07-23,-1.8993352326685593,-0.3687692495690444,1.8993352326685593
2010-07-26,2.420135527589545,-0.3852796493262901,2.420135527589545
2010-07-27,-2.7410207939508595,-0.3534727936686573,2.7410207939508595
2010-07-28,-8.649173955296394,-0.27323525225312,8.649173955296394
2010-07-29,-3.617021276595743,-0.4636646225941802,3.617021276595743
2010-07-30,3.200883002207496,-0.4893897241558067,3.200883002207496
2010-08-02,-2.5668449197860985,-0.5084872221860514,2.5668449197860985
2010-08-03,-0.9879253567508218,-0.5309501919337007,0.9879253567508218
2010-08-04,3.6585365853658542,-0.5425527539280773,3.6585365853658542
2010-08-05,0.5347593582887776,-0.512678441147476,0.5347593582887776
2010-08-06,2.6595744680851063,-0.5118838753139775,2.6595744680851063
2010-08-09,-1.761658031088082,-0.5523758289460359,1.761658031088082
2010-08-10,-4.535864978902951,-0.594112746051451,4.535864978902951
2010-08-11,-3.646408839779006,-0.5933888084082429,3.646408839779006
2010-08-12,6.077981651376139,-0.5507571132115997,6.077981651376139
2010-08-13,0.1081081081081058,-0.5695103558932371,0.1081081081081058
2010-08-16,-0.2159827213822848,-0.5860279068895581,0.2159827213822848
2010-08-17,0.0,-0.5718616435804985,0.0
2010-08-18,1.948051948051945,-0.5728806125816165,1.948051948051945
2010-08-19,4.140127388535038,-0.5590278826095725,4.140127388535038
2010-08-20,1.9367991845056016,-0.563679950104664,1.9367991845056016
2010-08-23,-5.0,-0.5300612017499791,5.0
2010-08-24,1.157894736842099,-0.5680713619980865,1.157894736842099
2010-08-25,4.5785639958376825,-0.5456491444133744,4.5785639958376825
2010-08-26,-1.8905472636816043,-0.5057727995718978,1.8905472636816043
2010-08-27,1.4198782961460503,-0.4930098694715273,1.4198782961460503
2010-08-30,-5.0,-0.4889482904816389,5.0
2010-08-31,-0.3157894736842038,-0.5213152454497678,0.3157894736842038
2010-09-01,-0.4223864836325335,-0.536568417282705,0.4223864836325335
2010-09-02,3.923647932131506,-0.5665218522269275,3.923647932131506
2010-09-03,0.714285714285699,-0.5889248321703481,0.714285714285699
2010-09-07,1.4184397163120626,-0.569313991830136,1.4184397163120626
2010-09-08,4.395604395604391,-0.5089463797047532,4.395604395604391
2010-09-09,-1.9138755980861175,-0.4404812297392793,1.9138755980861175
2010-09-10,0.0,-0.4687681358424006,0.0
2010-09-13,2.92682926829269,-0.4671305497384967,2.92682926829269
2010-09-14,-1.0426540284360304,-0.3876147468416437,1.0426540284360304
2010-09-15,-0.1915708812260495,-0.4172569523796215,0.1915708812260495
2010-09-16,2.399232245681382,-0.4057893104847404,2.399232245681382
2010-09-17,-1.1246485473289525,-0.3797231597777841,1.1246485473289525
2010-09-20,0.9478672985781956,-0.3690463036358786,0.9478672985781956
2010-09-21,5.6338028169014045,-0.3648837889102124,5.6338028169014045
2010-09-22,2.3999999999999964,-0.3195234813977922,2.3999999999999964
2010-09-23,3.1250000000000107,-0.2564584389620521,3.1250000000000107
2010-09-24,3.9562289562289465,-0.193537840648322,3.9562289562289465
2010-09-27,-2.7530364372469625,-0.102105492751922,2.7530364372469625
2010-09-28,-1.2489592006661143,-0.0537807962263759,1.2489592006661143
2010-09-29,1.4333895446880265,-0.0413456921216477,1.4333895446880265
2010-09-30,-1.4962593516209453,-0.0392730537823385,1.4962593516209453
2010-10-01,-5.1476793248945105,-0.0224366319799538,5.1476793248945105
2010-10-04,2.1352313167259807,-0.0990265995346228,2.1352313167259807
2010-10-05,-1.3937282229965169,-0.0638238085887627,1.3937282229965169
2010-10-06,-4.32862190812721,-0.0427129954815136,4.32862190812721
2010-10-07,-1.5697137580794085,-0.0748352051589682,1.5697137580794085
2010-10-08,2.345215759849906,-0.0927033425865418,2.345215759849906
2010-10-11,-1.7415215398716728,-0.0284598878260531,1.7415215398716728
2010-10-12,4.477611940298495,-0.0383916461382567,4.477611940298495
2010-10-13,1.3392857142857175,-0.0308055383847785,1.3392857142857175
2010-10-14,-0.0881057268722448,-0.0528699081641387,0.0881057268722448
2010-10-15,-0.3527336860670119,-0.0204010196407091,0.3527336860670119
2010-10-18,-1.681415929203551,-0.1177700883107674,1.681415929203551
2010-10-19,1.7101710171017217,-0.1194068078815313,1.7101710171017217
2010-10-20,0.0,-0.1363635404156566,0.0
2010-10-21,-1.2389380530973502,-0.0982654049489639,1.2389380530973502
2010-10-22,6.541218637992835,-0.0799016881002432,6.541218637992835
2010-10-25,-1.0092514718250714,-0.0004140048835952,1.0092514718250714
2010-10-26,-0.084961767204756,0.0213187515480235,0.084961767204756
2010-10-27,3.741496598639451,0.0181463260092156,3.741496598639451
2010-10-28,-1.3934426229508192,0.1089358721505305,1.3934426229508192
2010-10-29,0.581878636741482,0.1137974443115317,0.581878636741482
2010-11-01,-0.0826446280991718,0.1501283841476083,0.0826446280991718
2010-11-02,2.3159636062861817,0.1530102578569573,2.3159636062861817
2010-11-03,1.050929668552957,0.1239908305835466,1.050929668552957
2010-11-04,-0.0799999999999983,0.1658179010536905,0.0799999999999983
2010-11-05,0.8807045636509162,0.1438647990849338,0.8807045636509162
2010-11-08,0.4761904761904801,0.1377824964329779,0.4761904761904801
2010-11-09,0.1579778830963631,0.1557899842207302,0.1579778830963631
2010-11-10,-1.89274447949527,0.1548172657198929,1.89274447949527
2010-11-11,5.225080385852093,0.1537675461993331,5.225080385852093
2010-11-12,1.757066462948819,0.2346253010496077,1.757066462948819
2010-11-15,-3.3033033033032995,0.2784640585625281,3.3033033033032995
2010-11-16,-1.397515527950322,0.2501379450319085,1.397515527950322
2010-11-17,3.070866141732288,0.2425733626499719,3.070866141732288
2010-11-18,1.527883880825052,0.3057417387497534,1.527883880825052
2010-11-19,2.784048156508661,0.3500751831010535,2.784048156508661
2010-11-22,-0.4392386530014677,0.4081478352867442,0.4392386530014677
2010-11-23,-0.1470588235294086,0.3972674292543542,0.1470588235294086
2010-11-24,1.325478645066272,0.4103736473050544,1.325478645066272
2010-11-26,-1.5988372093023302,0.4393589009795319,1.5988372093023302
2010-11-29,0.0,0.3761126954779182,0.0
2010-11-30,2.511078286558358,0.3923548882122189,2.511078286558358
2010-12-01,2.377521613832853,0.4391546504337701,2.377521613832853
2010-12-02,0.7037297677691741,0.463771643570524,0.7037297677691741
2010-12-03,3.7037037037036993,0.4256538708693758,3.7037037037036993
2010-12-06,0.0673854447439338,0.499464920334943,0.0673854447439338
2010-12-07,0.7407407407407489,0.5168418861289826,0.7407407407407489
2010-12-08,-1.403743315508027,0.5416649767181446,1.403743315508027
2010-12-09,0.7457627118644029,0.5185307159301923,0.7457627118644029
2010-12-10,1.0094212651413217,0.4837159098611165,1.0094212651413217
2010-12-13,-1.0659560293137915,0.5155349340228049,1.0659560293137915
2010-12-14,-1.5488215488215518,0.4963896389377422,1.5488215488215518
2010-12-15,-1.3679890560875465,0.4727355983007932,1.3679890560875465
2010-12-16,-0.832177531206652,0.4321332480044925,0.832177531206652
2010-12-17,0.8391608391608336,0.4220029936678896,0.8391608391608336
2010-12-20,0.2080443828016599,0.4683117522266499,0.2080443828016599
2010-12-21,2.698961937716267,0.4883869489355671,2.698961937716267
2010-12-22,1.2803234501347676,0.5066555117580247,1.2803234501347676
2010-12-23,-0.9980039920159588,0.5369692356915371,0.9980039920159588
2010-12-27,0.8064516129032205,0.5204626050350241,0.8064516129032205
2010-12-28,-0.4666666666666685,0.5081299930635216,0.4666666666666685
2010-12-29,-0.0669792364367032,0.490858315534439,0.0669792364367032
2010-12-30,0.5361930294906171,0.4699662691807243,0.5361930294906171
2010-12-31,3.4666666666666637,0.4802862773838797,3.4666666666666637
2011-01-03,2.126288659793815,0.5598503561455415,2.126288659793815
2011-01-04,1.324921135646682,0.6088377140327739,1.324921135646682
2011-01-05,8.468244084682459,0.5877871923726953,8.468244084682459
2011-01-06,9.712973593570588,0.6775037272595313,9.712973593570588
2011-01-07,2.082461280870674,0.7029607314030241,2.082461280870674
2011-01-10,7.175807278318803,0.716033232371557,7.175807278318803
2011-01-11,-2.8216164514586315,0.7224564080689353,2.8216164514586315
2011-01-12,13.68110236220473,0.6921809969560698,13.68110236220473
2011-01-13,-0.4761904761904891,0.7074673038029613,0.4761904761904891
2011-01-14,1.2179208351457205,0.751587543635402,1.2179208351457205
2011-01-18,-0.945423291792002,0.7547576001985234,0.945423291792002
2011-01-19,-3.73101952277657,0.7205188109190525,3.73101952277657
2011-01-20,2.163136547994594,0.7170154310347322,2.163136547994594
2011-01-21,2.5143361270401265,0.7351559630223492,2.5143361270401265
2011-01-24,5.93803786574872,0.8093652206016326,5.93803786574872
2011-01-25,-1.6246953696182052,0.841157035164179,1.6246953696182052
2011-01-26,2.766308835673005,0.8408567189691927,2.766308835673005
2011-01-27,-1.446364001607069,0.821371456360796,1.446364001607069
2011-01-28,-2.975947818997148,0.8054047811591708,2.975947818997148
2011-01-31,1.3865546218487323,0.7684814471105308,1.3865546218487323
2011-02-01,0.8288437629506809,0.7241180963831739,0.8288437629506809
2011-02-02,5.302096177558582,0.7543370728480743,5.302096177558582
2011-02-03,-0.6635441061670636,0.8072895308433772,0.6635441061670636
2011-02-04,-0.5108055009823144,0.7779598449018682,0.5108055009823144
2011-02-07,-2.725118483412327,0.7877264922152851,2.725118483412327
2011-02-08,-2.7202598457165985,0.7590970068744672,2.7202598457165985
2011-02-09,-4.958263772954934,0.7194382771076073,4.958263772954934
2011-02-10,-0.1405234498506939,0.7103510273411873,0.1405234498506939
2011-02-11,4.441512752858406,0.6851619189813789,4.441512752858406
2011-02-14,-2.5263157894736903,0.6771771170827607,2.5263157894736903
2011-02-15,-1.2958963282937244,0.644708655527156,1.2958963282937244
2011-02-16,-0.5689277899343657,0.612727890032045,0.5689277899343657
2011-02-17,12.411971830985916,0.5664718121523576,12.411971830985916
2011-02-18,-2.936570086139389,0.7621474501724167,2.936570086139389
2011-02-22,-6.373537716821292,0.7696092211583938,6.373537716821292
2011-02-23,-4.265402843601904,0.7634966894392384,4.265402843601904
2011-02-24,4.680468046804693,0.7625048586216491,4.680468046804693
2011-02-25,1.0318142734307756,0.8006141247672489,1.0318142734307756
2011-02-28,-3.4042553191489393,0.7976221272462212,3.4042553191489393
2011-03-01,-4.757709251101314,0.7974308996753755,4.757709251101314
2011-03-02,-1.8038852913968573,0.8335113940140769,1.8038852913968573
2011-03-03,-1.6015073009891656,0.8555258310391088,1.6015073009891656
2011-03-04,0.0957395883197681,0.8262198360801027,0.0957395883197681
2011-03-07,-1.0521281683405015,0.8530731918065186,1.0521281683405015
2011-03-08,-5.799903334944431,0.7766323943093969,5.799903334944431
2011-03-09,-4.053360697793736,0.7460440449866712,4.053360697793736
2011-03-10,-3.394652406417104,0.7431782935041598,3.394652406417104
2011-03-11,0.690830989969668,0.7398282422795271,0.690830989969668
2011-03-14,-4.837822979659167,0.7618293400287552,4.837822979659167
2011-03-15,1.0976314269208625,0.7317048807565778,1.0976314269208625
2011-03-16,2.857142857142857,0.7193732920425085,2.857142857142857
2011-03-17,0.7777777777777809,0.7339010537627042,0.7777777777777809
2011-03-18,-0.7717750826901906,0.6333975545982842,0.7717750826901906
2011-03-21,-1.6111111111111065,0.6527118243010966,1.6111111111111065
2011-03-22,-1.637492941840763,0.6409143547843265,1.637492941840763
2011-03-23,4.420206659012626,0.5454128398554158,4.420206659012626
2011-03-24,6.6520065970313205,0.6344976055747306,6.6520065970313205
2011-03-25,-1.7010309278350428,0.6770083450215328,1.7010309278350428
2011-03-28,1.3109596224436286,0.6810870223232297,1.3109596224436286
2011-03-29,0.0,0.6479303359543537,0.0
2011-03-30,-4.347826086956521,0.6369299688940713,4.347826086956521
2011-03-31,1.1904761904761842,0.5983118356681166,1.1904761904761842
2011-04-01,-2.6737967914438503,0.5905346179594307,2.6737967914438503
2011-04-04,-2.142857142857146,0.5627720569724984,2.142857142857146
2011-04-05,-0.561482313307119,0.5402925023564673,0.561482313307119
2011-04-06,-1.185770750988147,0.5508233959390384,1.185770750988147
2011-04-07,4.22857142857142,0.4440458856198999,4.22857142857142
2011-04-08,-3.3991228070175303,0.4741998911320512,3.3991228070175303
2011-04-11,-2.6674233825198774,0.5215723099785208,2.6674233825198774
2011-04-12,2.332361516034998,0.5330311724408617,2.332361516034998
2011-04-13,0.2849002849002889,0.4871308914053098,0.2849002849002889
2011-04-14,4.374999999999997,0.4518006937414864,4.374999999999997
2011-04-15,-0.5443658138268994,0.4403376293861451,0.5443658138268994
2011-04-18,-0.930487137383679,0.4497191049452417,0.930487137383679
2011-04-19,3.204419889502753,0.4424530852549364,3.204419889502753
2011-04-20,0.4817987152034254,0.452687750679236,0.4817987152034254
2011-04-21,-0.905700586041546,0.4970038781939594,0.905700586041546
2011-04-25,1.989247311827943,0.4790837687808646,1.989247311827943
2011-04-26,2.2667369530838153,0.4621826876139915,2.2667369530838153
2011-04-27,-0.5154639175257623,0.4541152281270648,0.5154639175257623
2011-04-28,1.761658031088082,0.4380135830473385,1.761658031088082
2011-04-29,3.9714867617108,0.4044889422366737,3.9714867617108
2011-05-02,-4.505386875612153,0.4513575673811319,4.505386875612153
2011-05-03,-3.333333333333326,0.3552632207202674,3.333333333333326
2011-05-04,-1.8567639257294504,0.3457804911701688,1.8567639257294504
2011-05-05,2.972972972972977,0.3080898368060616,2.972972972972977
2011-05-06,1.73228346456692,0.3215724614357913,1.73228346456692
2011-05-09,2.734778121775032,0.3562889921976618,2.734778121775032
2011-05-10,-0.1506780512305431,0.4112745837599139,0.1506780512305431
2011-05-11,-0.4024144869215206,0.4314452076460653,0.4024144869215206
2011-05-12,-3.0303030303030374,0.4346417364778174,3.0303030303030374
2011-05-13,-5.156249999999992,0.3691390173934251,5.156249999999992
2011-05-16,-3.1301482701812207,0.2986783516655755,3.1301482701812207
2011-05-17,0.3401360544217614,0.231959965777736,0.3401360544217614
2011-05-18,2.7118644067796636,0.2077279751552777,2.7118644067796636
2011-05-19,-2.420242024202427,0.0940598202888549,2.420242024202427
2011-05-20,0.5073280721533251,0.0311758844074062,0.5073280721533251
2011-05-23,1.8508132361189111,0.0218371285707323,1.8508132361189111
2011-05-24,-0.6057268722466929,0.0399037943814605,0.6057268722466929
2011-05-25,1.7174515235456993,0.0090726612558812,1.7174515235456993
2011-05-26,2.9411764705882306,0.0201843681142186,2.9411764705882306
2011-05-27,5.185185185185188,0.0584794105572783,5.185185185185188
2011-05-31,0.3521126760563395,0.1150452956689211,0.3521126760563395
2011-06-01,-3.909774436090214,0.1005831973768571,3.909774436090214
2011-06-02,-1.7736045905060165,0.0014748029059824,1.7736045905060165
2011-06-03,-2.12426978226234,-0.0412322088683229,2.12426978226234
2011-06-06,-1.1937059142702056,-0.1023909393053004,1.1937059142702056
2011-06-07,-1.317957166392103,-0.108790691016375,1.317957166392103
2011-06-08,-2.281580411797441,-0.2002011112364018,2.281580411797441
2011-06-09,-0.9111617312072902,-0.2230620885163193,0.9111617312072902
2011-06-10,-1.6091954022988368,-0.2428034204944265,1.6091954022988368
2011-06-13,0.1752336448597989,-0.2574159436656913,0.1752336448597989
2011-06-14,-1.3994169096209823,-0.2291467170243753,1.3994169096209823
2011-06-15,-0.768775872264926,-0.2634479973079213,0.768775872264926
2011-06-16,-2.383790226460084,-0.2893144936534589,2.383790226460084
2011-06-17,-4.33455433455433,-0.357765341103386,4.33455433455433
2011-06-20,0.0638162093171652,-0.4079420785312557,0.0638162093171652
2011-06-21,1.0841836734693873,-0.4225193028655423,1.0841836734693873
2011-06-22,-1.9558359621451136,-0.3953192234483357,1.9558359621451136
2011-06-23,3.796653796653796,-0.4080733444430832,3.796653796653796
2011-06-24,-2.4178549287042705,-0.3489495538426291,2.4178549287042705
2011-06-27,-2.0965692503176623,-0.3907664966165293,2.0965692503176623
2011-06-28,1.2329656067488612,-0.4483446039188693,1.2329656067488612
2011-06-29,1.153846153846152,-0.41920200284008,1.153846153846152
2011-06-30,1.0139416983523457,-0.3893785933768568,1.0139416983523457
2011-07-01,1.1919698870765338,-0.3504599759752685,1.1919698870765338
2011-07-05,-1.6119032858028506,-0.3096766172603379,1.6119032858028506
2011-07-06,-0.7561436672967815,-0.3156798392135092,0.7561436672967815
2011-07-07,-1.523809523809525,-0.3259941809452539,1.523809523809525
2011-07-08,-2.385557704706636,-0.3718222741127018,2.385557704706636
2011-07-11,-2.1136063408190244,-0.3973019119752993,2.1136063408190244
2011-07-12,0.4723346828610005,-0.420471725306255,0.4723346828610005
2011-07-13,-1.1417058428475482,-0.4036694544870841,1.1417058428475482
2011-07-14,-3.80434782608696,-0.4800938732127038,3.80434782608696
2011-07-15,-1.200564971751412,-0.5221287045838157,1.200564971751412
2011-07-18,-1.0721944245889947,-0.4941409451801573,1.0721944245889947
2011-07-19,3.1069364161849693,-0.4799146392794288,3.1069364161849693
2011-07-20,-1.4716187806587182,-0.4532872642415897,1.4716187806587182
2011-07-21,5.476529160739684,-0.4783785507497187,5.476529160739684
2011-07-22,-0.4045853000674342,-0.3756953178347582,0.4045853000674342
2011-07-25,-2.911306702775895,-0.3456621723016112,2.911306702775895
2011-07-26,-0.9762900976290138,-0.3665611228059613,0.9762900976290138
2011-07-27,-2.746478873239428,-0.3675563115757341,2.746478873239428
2011-07-28,-0.8689355539464229,-0.4010408135665237,0.8689355539464229
2011-07-29,3.3601168736303935,-0.4066267938774461,3.3601168736303935
2011-08-01,2.261484098939931,-0.3110036799753822,2.261484098939931
2011-08-02,-0.1382170006910943,-0.2489146663628294,0.1382170006910943
2011-08-03,0.6228373702422135,-0.2247553884649162,0.6228373702422135
2011-08-04,-5.708390646492424,-0.2269159383952342,5.708390646492424
2011-08-05,-10.138584974471192,-0.2326158707452054,10.138584974471192
2011-08-08,-1.2987012987012998,-0.1964374486786274,1.2987012987012998
2011-08-09,3.2072368421052677,-0.2474620329509685,3.2072368421052677
2011-08-10,-1.6733067729083733,-0.218953536981423,1.6733067729083733
2011-08-11,20.25931928687196,-0.2209476413337661,20.25931928687196
2011-08-12,-12.331536388140162,-0.1555225817232527,12.331536388140162
2011-08-15,1.6141429669485077,-0.1662995409289522,1.6141429669485077
2011-08-16,-1.4372163388804935,-0.179049789129062,1.4372163388804935
2011-08-17,-6.139677666922478,-0.2801999478616606,6.139677666922478
2011-08-18,-4.006541291905153,-0.2662554797014516,4.006541291905153
2011-08-19,2.7086882453151584,-0.2850979875127121,2.7086882453151584
2011-08-22,1.4264388787527005,-0.2784148579856971,1.4264388787527005
2011-08-23,7.931316434995902,-0.2196445323171129,7.931316434995902
2011-08-24,-3.1818181818181817,-0.2204373353926643,3.1818181818181817
2011-08-25,-2.7386541471048487,-0.1918819237015855,2.7386541471048487
2011-08-26,7.642799678197917,-0.1757306594628707,7.642799678197917
2011-08-29,-0.8221225710015038,-0.161606481196452,0.8221225710015038
2011-08-30,3.843255463451393,-0.1598040028348807,3.843255463451393
2011-08-31,-2.104499274310589,-0.2007860379745002,2.104499274310589
2011-09-01,-3.780578206078575,-0.1517819973256838,3.780578206078575
2011-09-02,-3.697996918335905,-0.1254839596276327,3.697996918335905
2011-09-06,14.0,-0.1664911321351901,14.0
2011-09-07,-0.9824561403508812,-0.1134287686138919,0.9824561403508812
2011-09-08,-0.3543586109142377,-0.1642483524642747,0.3543586109142377
2011-09-09,-2.631578947368428,-0.1648148994307602,2.631578947368428
2011-09-12,4.67494521548576,-0.1665940871661498,4.67494521548576
2011-09-13,4.047452896022331,-0.2016426864305781,4.047452896022331
2011-09-14,4.7619047619047565,-0.2044622444497278,4.7619047619047565
2011-09-15,-0.5761843790012795,-0.1852229733800881,0.5761843790012795
2011-09-16,-2.124919510624598,-0.2088350433006991,2.124919510624598
2011-09-19,0.855263157894742,-0.2410595486791289,0.855263157894742
2011-09-20,-3.2615786040443573,-0.2289278421372793,3.2615786040443573
2011-09-21,-6.271072151045177,-0.2584603836459587,6.271072151045177
2011-09-22,-3.3812949640287817,-0.3604352456607327,3.3812949640287817
2011-09-23,3.946388682055109,-0.3183397010499762,3.946388682055109
2011-09-26,1.5042979942693342,-0.2498981138625986,1.5042979942693342
2011-09-27,-2.117148906139737,-0.2224286430191969,2.117148906139737
2011-09-28,-1.5140591204037426,-0.2789293997640112,1.5140591204037426
2011-09-29,-5.71010248901903,-0.3151696281488825,5.71010248901903
2011-09-30,-4.1149068322981455,-0.4059756725420411,4.1149068322981455
2011-10-03,-6.759514170040483,-0.4234430973214501,6.759514170040483
2011-10-04,11.765318882867852,-0.4401608289848616,11.765318882867852
2011-10-05,4.3512043512043554,-0.2919410480655672,4.3512043512043554
2011-10-06,3.871928518242737,-0.2016320120348567,3.871928518242737
2011-10-07,3.1541218637992925,-0.1265138276896178,3.1541218637992925
2011-10-10,1.8763029881862376,-0.1294415829944184,1.8763029881862376
2011-10-11,1.6371077762619386,-0.174161652121572,1.6371077762619386
2011-10-12,-2.4161073825503436,-0.1157070310746687,2.4161073825503436
2011-10-13,8.184319119669885,-0.1362359174987847,8.184319119669885
2011-10-14,-1.2078830260648523,-0.1418432685671235,1.2078830260648523
2011-10-17,-4.375804375804374,-0.1334784572907489,4.375804375804374
2011-10-18,4.306864064602965,-0.175748396696302,4.306864064602965
2011-10-19,-4.774193548387099,-0.2029974040468285,4.774193548387099
2011-10-20,-1.1517615176151756,-0.4289729564469331,1.1517615176151756
2011-10-21,-0.3427004797806766,-0.4269318564443368,0.3427004797806766
2011-10-24,1.8569463548830905,-0.3627225475336195,1.8569463548830905
2011-10-25,-0.5401755570560437,-0.2967296545878359,0.5401755570560437
2011-10-26,2.9192124915139153,-0.2368766093390767,2.9192124915139153
2011-10-27,-0.2638522427440694,-0.1682052363408685,0.2638522427440694
2011-10-28,-0.1322751322751294,-0.1146335905551576,0.1322751322751294
2011-10-31,-5.562913907284767,-0.0452333294869088,5.562913907284767
2011-11-01,-0.4207573632538604,-0.1078119940762078,0.4207573632538604
2011-11-02,-1.6197183098591454,-0.0754560765916321,1.6197183098591454
2011-11-03,3.93700787401574,-0.0861708991783132,3.93700787401574
2011-11-04,1.3085399449035902,-0.0040341206368299,1.3085399449035902
2011-11-07,1.4955812372535613,0.0385188637408132,1.4955812372535613
2011-11-08,-1.3395847287340876,0.1012898491198015,1.3395847287340876
2011-11-09,-0.4073319755600848,0.1624853019801881,0.4073319755600848
2011-11-10,1.4314928425357931,0.1615413095021184,1.4314928425357931
2011-11-11,0.6720430107526858,0.1702838601792212,0.6720430107526858
2011-11-14,-2.870493991989317,0.2171805865054031,2.870493991989317
2011-11-15,0.3436426116838414,0.0873124722302406,0.3436426116838414
2011-11-16,-0.3424657534246502,0.1350214444457312,0.3424657534246502
2011-11-17,-2.817869415807561,0.1655479862319962,2.817869415807561
2011-11-18,-3.0410183875530388,0.0984121109627688,3.0410183875530388
2011-11-21,7.8774617067833566,0.0485761127522264,7.8774617067833566
2011-11-22,0.8789722785666044,0.2546084817292129,0.8789722785666044
2011-11-23,-4.490616621983914,0.2560167243942366,4.490616621983914
2011-11-25,1.7543859649122806,0.2504291250570394,1.7543859649122806
2011-11-28,2.137931034482762,0.2785597947693171,2.137931034482762
2011-11-29,3.7137069547602897,0.327795609439406,3.7137069547602897
2011-11-30,0.911458333333337,0.4059561488939408,0.911458333333337
2011-12-01,3.1612903225806464,0.4590322096106222,3.1612903225806464
2011-12-02,-0.0625390869293295,0.5112731611508721,0.0625390869293295
2011-12-05,-2.565707133917398,0.555429207263084,2.565707133917398
2011-12-06,-2.6332691072575476,0.5687378466911356,2.6332691072575476
2011-12-07,-0.9234828496042252,0.5436676211422972,0.9234828496042252
2011-12-08,-2.929427430093206,0.5322641441284877,2.929427430093206
2011-12-09,0.0,0.1195465798580558,0.0
2011-12-12,0.9602194787380012,0.1240359614347048,0.9602194787380012
2011-12-13,-4.823369565217397,0.1107226054779638,4.823369565217397
2011-12-14,-1.427551748750887,0.0256408926369039,1.427551748750887
2011-12-15,-1.7378711078928328,0.0072668614158576,1.7378711078928328
2011-12-16,0.0,-0.0310102745478497,0.0
2011-12-19,-0.8106116433308728,-0.0299747142834899,0.8106116433308728
2011-12-20,2.67459138187221,-0.0570058340784237,2.67459138187221
2011-12-21,-0.4341534008683104,-0.0138318314397889,0.4341534008683104
2011-12-22,4.50581395348838,-0.0393252322104167,4.50581395348838
2011-12-23,-1.8776077885952804,0.0685870663623928,1.8776077885952804
2011-12-27,-0.3543586109142377,0.020657722679197,0.3543586109142377
2011-12-28,-1.4935988620199208,0.0211473129052201,1.4935988620199208
2011-12-29,0.5054151624548757,0.0077451147540372,0.5054151624548757
2011-12-30,2.72988505747127,0.0128447799997931,2.72988505747127
2012-01-03,-1.748251748251748,0.0761048908457428,1.748251748251748
2012-01-04,0.5693950177935948,0.0327920441081208,0.5693950177935948
2012-01-05,4.033970276008482,0.0126110838367151,4.033970276008482
2012-01-06,-1.0204081632652966,0.1531269673603733,1.0204081632652966
2012-01-09,1.4432989690721585,0.1219294518643493,1.4432989690721585
2012-01-10,-2.7777777777777786,0.1509829733450327,2.7777777777777786
2012-01-11,-0.9059233449477284,0.1257083051635254,0.9059233449477284
2012-01-12,-1.547116736990159,0.1202049128109618,1.547116736990159
2012-01-13,-0.4285714285714321,0.0682618727843391,0.4285714285714321
2012-01-17,-1.1477761836441904,0.0418203302210385,1.1477761836441904
2012-01-18,2.3222060957910036,-0.0052371922865464,2.3222060957910036
2012-01-19,1.6312056737588685,0.0514431755946259,1.6312056737588685
2012-01-20,-0.6978367062107442,0.0902383807509446,0.6978367062107442
2012-01-23,1.9676739283204452,0.0496699928988967,1.9676739283204452
2012-01-24,0.2067539627842823,0.0906814298306122,0.2067539627842823
2012-01-25,3.645116918844575,0.0797923487129042,3.645116918844575
2012-01-26,-2.9860650298606575,0.1674450028611826,2.9860650298606575
2012-01-27,0.2051983584131405,0.1057012537430622,0.2051983584131405
2012-01-30,1.2969283276450478,0.1181325468494155,1.2969283276450478
2012-01-31,0.6738544474393507,0.0953686407679549,0.6738544474393507
2012-02-01,0.468540829986615,0.112496301019698,0.468540829986615
2012-02-02,4.730179880079953,0.1234482514242589,4.730179880079953
2012-02-03,0.1272264631043229,0.2213711468147569,0.1272264631043229
2012-02-06,-0.1270648030495525,0.2014767580369159,0.1270648030495525
2012-02-07,0.1272264631043229,0.1818362348017141,0.1272264631043229
2012-02-08,4.891994917407887,0.1625948218984281,4.891994917407887
2012-02-09,-2.2410660205935855,0.2361119280443762,2.2410660205935855
2012-02-10,0.9913258983890962,0.1987388164730789,0.9913258983890962
2012-02-13,-0.9202453987730193,0.2143533354200756,0.9202453987730193
2012-02-14,1.4860681114551209,0.2098154974424604,1.4860681114551209
2012-02-15,-8.11470408785845,0.2597016866319055,8.11470408785845
2012-02-16,9.2828685258964,0.1263644448292036,9.2828685258964
2012-02-17,-3.755012759752088,0.2393060901790157,3.755012759752088
2012-02-21,0.0631313131313117,0.2140484360984804,0.0631313131313117
2012-02-22,0.0,0.2119260376031027,0.0
2012-02-23,0.6940063091482727,0.2075089922202117,0.6940063091482727
2012-02-24,-2.318295739348377,0.2829096899168922,2.318295739348377
2012-02-27,-0.7697241821680514,0.2625440574616602,0.7697241821680514
2012-02-28,-0.5817711700064632,0.2212967598766076,0.5817711700064632
2012-02-29,-1.1053315994798434,0.2326691108863492,1.1053315994798434
2012-03-01,-0.0657462195923837,0.1883361756557378,0.0657462195923837
2012-03-02,0.4605263157894755,0.154374597055788,0.4605263157894755
2012-03-05,-3.7982973149967263,0.1291083624767894,3.7982973149967263
2012-03-06,0.7488087134104916,0.0689680877032264,0.7488087134104916
2012-03-07,0.3378378378378306,0.0731759695441163,0.3378378378378306
2012-03-08,0.3367003367003415,0.0658029633128196,0.3367003367003415
2012-03-09,-0.1342281879194602,-0.0242854315583602,0.1342281879194602
2012-03-12,-1.5456989247311856,-0.0152187388669751,1.5456989247311856
2012-03-13,0.9556313993173978,0.0107775455112044,0.9556313993173978
2012-03-14,-2.56930358350236,-0.0183052312727315,2.56930358350236
2012-03-15,1.2491325468424683,-0.0012203649109474,1.2491325468424683
2012-03-16,0.6168608636052081,0.021224918599943,0.6168608636052081
2012-03-19,-0.8174386920980873,0.0296034321201575,0.8174386920980873
2012-03-20,-1.0989010989011,0.0027126816377681,1.0989010989011
2012-03-21,-0.3472222222222271,-0.010348712849407,0.3472222222222271
2012-03-22,0.3484320557491339,-0.0460636046689588,0.3484320557491339
2012-03-23,2.013888888888883,-0.0392384640072595,2.013888888888883
2012-03-26,0.6126616746085763,-0.0142303038509047,0.6126616746085763
2012-03-27,1.5561569688768635,0.0432256757175583,1.5561569688768635
2012-03-28,0.8660892738174603,0.0668616113150308,0.8660892738174603
2012-03-29,1.4531043593130704,0.0817152177926165,1.4531043593130704
2012-03-30,0.0,0.0607827174914284,0.0
2012-04-02,0.5208333333333338,0.0481956302576973,0.5208333333333338
2012-04-03,-3.8212435233160615,0.0400513511644224,3.8212435233160615
2012-04-04,-1.2121212121212102,0.0139954453382127,1.2121212121212102
2012-04-05,-1.8404907975460096,0.0051610722065438,1.8404907975460096
2012-04-09,-0.1388888888888859,-0.0290975886530131,0.1388888888888859
2012-04-10,-0.2086230876217047,-0.0339684763064924,0.2086230876217047
2012-04-11,0.0696864111498243,-0.0099519389087193,0.0696864111498243
2012-04-12,1.3231197771587833,-0.0112774103481886,1.3231197771587833
2012-04-13,-1.9931271477663293,0.0191025642458725,1.9931271477663293
2012-04-16,-1.6129032258064546,0.0019962185181953,1.6129032258064546
2012-04-17,-0.7127583749109027,-0.0097854912026388,0.7127583749109027
2012-04-18,-1.7229002153625286,-0.0827897480698068,1.7229002153625286
2012-04-19,0.3652300949598299,-0.1049980065633301,0.3652300949598299
2012-04-20,-4.221251819505095,-0.0546573914865613,4.221251819505095
2012-04-23,0.835866261398172,-0.1170921310413403,0.835866261398172
2012-04-24,-1.959306706857572,-0.1268564240835997,1.959306706857572
2012-04-25,0.4611837048424327,-0.1827852271429703,0.4611837048424327
2012-04-26,0.0,-0.1923900715715233,0.0
2012-04-27,-1.224177505738333,-0.2254525975315865,1.224177505738333
2012-04-30,0.1549186676994544,-0.2355148889674379,0.1549186676994544
2012-05-01,1.9334880123743232,-0.2134327771651727,1.9334880123743232
2012-05-02,-2.276176024279203,-0.1659905814213096,2.276176024279203
2012-05-03,-2.5621118012422364,-0.177191330355365,2.5621118012422364
2012-05-04,-0.5577689243027911,-0.1707078038725662,0.5577689243027911
2012-05-07,-0.9615384615384694,-0.1792405079053942,0.9615384615384694
2012-05-08,-0.9708737864077608,-0.1910730404070018,0.9708737864077608
2012-05-09,3.1862745098039262,-0.1613477772412879,3.1862745098039262
2012-05-10,6.492478226444961,-0.108923854439071,6.492478226444961
2012-05-11,-2.6022304832713727,-0.0889828851792138,2.6022304832713727
2012-05-14,0.2290076335877949,-0.089292681053672,0.2290076335877949
2012-05-15,-0.8377760853008469,-0.0922442026569847,0.8377760853008469
2012-05-16,-1.7665130568356409,-0.1315810522246715,1.7665130568356409
2012-05-17,-0.8600469116497219,-0.1875902945433975,0.8600469116497219
2012-05-18,-4.5741324921135655,-0.2487798353819773,4.5741324921135655
2012-05-21,1.4876033057851217,-0.2606495160018623,1.4876033057851217
2012-05-22,-2.1986970684039053,-0.2431773655856429,2.1986970684039053
2012-05-23,4.163197335553705,-0.2479866315907855,4.163197335553705
2012-05-24,-3.2773780975219835,-0.2130174381018085,3.2773780975219835
2012-05-25,4.132231404958678,-0.2609008503872462,4.132231404958678
2012-05-29,-0.1587301587301553,-0.2109912798224281,0.1587301587301553
2012-05-30,-0.0794912559618425,-0.2241887463220053,0.0794912559618425
2012-05-31,-3.182179793158316,-0.267590802500696,3.182179793158316
2012-06-01,-1.0682004930156186,-0.2955880376406054,1.0682004930156186
2012-06-04,-3.0730897009966713,-0.3132798555470888,3.0730897009966713
2012-06-05,4.198800342759213,-0.3139369712855889,4.198800342759213
2012-06-06,3.3717105263157907,-0.2654190212346776,3.3717105263157907
2012-06-07,-5.091487669053306,-0.237030388214318,5.091487669053306
2012-06-08,4.861693210393965,-0.2787736198179663,4.861693210393965
2012-06-11,-0.8792965627497956,-0.2728084983516947,0.8792965627497956
2012-06-12,0.8064516129032229,-0.2801671635080661,0.8064516129032229
2012-06-13,-2.719999999999999,-0.2897678915753966,2.719999999999999
2012-06-14,-0.3289473684210602,-0.3279245750952518,0.3289473684210602
2012-06-15,0.6600660066006607,-0.353373899448147,0.6600660066006607
2012-06-18,5.8196721311475486,-0.388298823311551,5.8196721311475486
2012-06-19,3.5631293570875218,-0.3591036891212698,3.5631293570875218
2012-06-20,0.5235602094240859,-0.3165178787382253,0.5235602094240859
2012-06-21,-3.27380952380952,-0.3060446721849492,3.27380952380952
2012-06-22,0.0769230769230752,-0.3574221804809804,0.0769230769230752
2012-06-25,-2.690238278247499,-0.3649977625329072,2.690238278247499
2012-06-26,0.6319115323854666,-0.4649761983705908,0.6319115323854666
2012-06-27,2.1978021978021927,-0.4823222566464097,2.1978021978021927
2012-06-28,4.0706605222734344,-0.4546239462276379,4.0706605222734344
2012-06-29,2.5092250922509214,-0.450548103051121,2.5092250922509214
2012-07-02,-3.167746580273587,-0.543962425212294,3.167746580273587
2012-07-03,1.933085501858748,-0.5712108905960279,1.933085501858748
2012-07-05,-1.094091903719915,-0.5518591034042738,1.094091903719915
2012-07-06,-1.7699115044247802,-0.5511295482943811,1.7699115044247802
2012-07-09,-1.8018018018018032,-0.5960499387295495,1.8018018018018032
2012-07-10,-1.6819571865443474,-0.5418055060576403,1.6819571865443474
2012-07-11,-3.0326594090202086,-0.5135834930606401,3.0326594090202086
2012-07-12,-0.4811547714514875,-0.3185101422200112,0.4811547714514875
2012-07-13,0.5640612409347323,-0.2670961794491772,0.5640612409347323
2012-07-16,1.282051282051283,-0.2678592305093707,1.282051282051283
2012-07-17,-2.373417721518993,-0.262083775183733,2.373417721518993
2012-07-18,6.56401944894652,-0.2931085264192805,6.56401944894652
2012-07-19,-0.3041825095057104,-0.2212338544415791,0.3041825095057104
2012-07-20,-4.881769641495033,-0.208075217897203,4.881769641495033
2012-07-23,4.250200481154766,-0.2268254641516781,4.250200481154766
2012-07-24,-1.538461538461533,-0.1833404192530665,1.538461538461533
2012-07-25,4.140624999999995,-0.1918412140355867,4.140624999999995
2012-07-26,-0.975243810952744,-0.1775941393203159,0.975243810952744
2012-07-27,2.12121212121213,-0.1157341682846143,2.12121212121213
2012-07-30,-1.1127596439169165,-0.1230971422744142,1.1127596439169165
2012-07-31,2.175543885971486,-0.1381205675691897,2.175543885971486
2012-08-01,-2.2026431718061596,-0.1342936917799675,2.2026431718061596
2012-08-02,2.477477477477478,-0.1443392081498502,2.477477477477478
2012-08-03,1.46520146520146,-0.1014317471465685,1.46520146520146
2012-08-06,2.382671480144405,-0.1120720744175075,2.382671480144405
2012-08-07,-0.2820874471085977,-0.049532301148462,0.2820874471085977
2012-08-08,0.7779349363507739,-0.0711784582335471,0.7779349363507739
2012-08-09,5.9649122807017525,-0.0722062725775932,5.9649122807017525
2012-08-10,-3.0463576158940335,-0.0333179232783835,3.0463576158940335
2012-08-13,1.5027322404371506,-0.0279019748518768,1.5027322404371506
2012-08-14,-1.4804845222072602,-0.0037731660482239,1.4804845222072602
2012-08-15,-0.204918032786893,-0.0132784901409332,0.204918032786893
2012-08-16,1.1635865845311426,-0.045262091330864,1.1635865845311426
2012-08-17,-1.2178619756427589,-0.0392466574025818,1.2178619756427589
2012-08-20,0.6849315068493127,-0.0711132916254013,0.6849315068493127
2012-08-21,-1.2244897959183654,-0.0722214459008524,1.2244897959183654
2012-08-22,0.6198347107438007,-0.1027098427297197,0.6198347107438007
2012-08-23,-2.0533880903490687,-0.0870353887135034,2.0533880903490687
2012-08-24,1.9566736547868575,-0.1077926439308423,1.9566736547868575
2012-08-27,-2.3989033584646995,-0.0495296948774946,2.3989033584646995
2012-08-28,0.2808988764044884,-0.0492638041211029,0.2808988764044884
2012-08-29,0.0700280112044803,-0.0159612388492003,0.0700280112044803
2012-08-30,-0.9797060881735395,-0.0078543818694207,0.9797060881735395
2012-08-31,-2.4734982332155453,-0.0097256980476987,2.4734982332155453
2012-09-04,-3.40579710144928,-0.0313039993769868,3.40579710144928
2012-09-05,0.6751687921980485,-0.0819010479487637,0.6751687921980485
2012-09-06,-0.298062593144554,-0.0486448443437259,0.298062593144554
2012-09-07,-0.0747384155456021,-0.0294516496843738,0.0747384155456021
2012-09-10,-0.7479431563201171,-0.0594265865769543,0.7479431563201171
2012-09-11,2.110022607385088,-0.052213324890357,2.110022607385088
2012-09-12,1.180811808118082,-0.0372932444246367,1.180811808118082
2012-09-13,-0.2917578409919834,0.0165720624666835,0.2917578409919834
2012-09-14,1.463057790782731,0.007617305642095,1.463057790782731
2012-09-17,-4.037490987743322,0.0440677867920148,4.037490987743322
2012-09-18,2.0285499624342567,0.0015386015307485,2.0285499624342567
2012-09-19,0.7363770250368162,0.024356122132086,0.7363770250368162
2012-09-20,-0.365497076023384,0.0909531515070915,0.365497076023384
2012-09-21,-1.3206162876008911,0.0842500407060732,1.3206162876008911
2012-09-24,2.8996282527881085,0.0516707900951752,2.8996282527881085
2012-09-25,-3.4682080924855523,0.1066468470702043,3.4682080924855523
2012-09-26,-1.1227544910179534,0.0783245293808072,1.1227544910179534
2012-09-27,0.0757002271006796,0.0617957986359192,0.0757002271006796
2012-09-28,1.361573373676246,0.0625192966724333,1.361573373676246
2012-10-01,-1.4179104477611904,0.0834891644340661,1.4179104477611904
2012-10-02,-0.0757002271006931,0.0404824885040403,0.0757002271006931
2012-10-03,-0.9848484848484772,0.0075870612210517,0.9848484848484772
2012-10-04,4.5141545524100986,0.0109360589142175,4.5141545524100986
2012-10-05,-3.001464128843339,0.0724867435511721,3.001464128843339
2012-10-08,-0.7547169811320728,0.0347514145886988,0.7547169811320728
2012-10-09,-2.4334600760456295,0.0320849203468943,2.4334600760456295
2012-10-10,-0.3117692907248708,-0.0026602110204502,0.3117692907248708
2012-10-11,-1.0946051602814606,0.0267727034984782,1.0946051602814606
2012-10-12,0.0,-0.0073390103621921,0.0
2012-10-15,1.976284584980237,-0.0009920671461548,1.976284584980237
2012-10-16,0.7751937984496097,0.0108411219593954,0.7751937984496097
2012-10-17,0.2307692307692258,0.0419068605520111,0.2307692307692258
2012-10-18,-2.762854950115115,0.0227662259211845,2.762854950115115
2012-10-19,-4.025256511444355,-0.0227369309172008,4.025256511444355
2012-10-22,-2.4671052631579005,-0.0725713568494249,2.4671052631579005
2012-10-23,4.637436762225976,-0.0849393547537354,4.637436762225976
2012-10-24,-1.1281224818694646,0.0033301286956569,1.1281224818694646
2012-10-25,-0.5704971475142647,0.0046230236123759,0.5704971475142647
2012-10-26,-0.8196721311475381,-0.0288171039678578,0.8196721311475381
2012-10-31,-0.4958677685950454,-0.0630841125055764,0.4958677685950454
2012-11-01,5.315614617940205,-0.031318477696286,5.315614617940205
2012-11-02,-1.7350157728706534,0.024686523532668,1.7350157728706534
2012-11-05,4.735152487961475,0.0076931267642315,4.735152487961475
2012-11-06,-1.0727969348659048,0.0563073900910284,1.0727969348659048
2012-11-07,-1.2393493415956631,0.0644496747081891,1.2393493415956631
2012-11-08,0.0,0.0468641897691023,0.0
2012-11-09,-4.235294117647052,0.0355091561176271,4.235294117647052
2012-11-12,-2.866502866502878,-0.0396261555226012,2.866502866502878
2012-11-13,0.3372681281618965,-0.097713789724932,0.3372681281618965
2012-11-14,-2.436974789915974,-0.1012981237709982,2.436974789915974
2012-11-15,-0.1722652885443546,-0.0971564898462624,0.1722652885443546
2012-11-16,0.0,-0.1048910558443149,0.0
2012-11-19,-0.0862812769628972,-0.0846095196559281,0.0862812769628972
2012-11-20,-0.7772020725388589,-0.0971241999948466,0.7772020725388589
2012-11-21,3.307223672758912,-0.1250003150701405,3.307223672758912
2012-11-23,0.4212299915754062,-0.1138939166276557,0.4212299915754062
2012-11-26,1.1744966442953069,-0.1302117812177759,1.1744966442953069
2012-11-27,0.4145936981757788,-0.0914033700153233,0.4145936981757788
2012-11-28,1.4037985136251028,-0.1037788739685223,1.4037985136251028
2012-11-29,-2.035830618892508,-0.0803328662599223,2.035830618892508
2012-11-30,0.7481296758104726,-0.0899923515799088,0.7481296758104726
2012-12-03,-2.887788778877885,-0.0706505650020545,2.887788778877885
2012-12-04,1.9541206457094344,-0.0912076539811461,1.9541206457094344
2012-12-05,-0.5833333333333357,-0.0484817718492699,0.5833333333333357
2012-12-06,0.5029337803855868,-0.0576910176668535,0.5029337803855868
2012-12-07,-0.2502085070892357,-0.0612438775435744,0.2502085070892357
2012-12-10,3.6789297658862834,-0.0756850898066028,3.6789297658862834
2012-12-11,2.338709677419348,-0.0207433194755542,2.338709677419348
2012-12-12,-1.4972419227738338,-0.0248834544670207,1.4972419227738338
2012-12-13,0.6400000000000006,-0.0404760761989761,0.6400000000000006
2012-12-14,-0.158982511923685,0.0104661028738396,0.158982511923685
2012-12-17,-0.1592356687898196,-0.0197347310861715,0.1592356687898196
2012-12-18,0.8771929824561501,-0.0112478187098584,0.8771929824561501
2012-12-19,0.395256916996039,-0.031732203398133,0.395256916996039
2012-12-20,-1.8110236220472335,0.0158675699087411,1.8110236220472335
2012-12-21,-1.042502004811554,-0.0271295607298493,1.042502004811554
2012-12-24,-0.9724473257698478,-0.0603004601903167,0.9724473257698478
2012-12-26,0.3273322422258523,-0.0944693913572892,0.3273322422258523
2012-12-27,-1.7128874388254411,-0.0730458699494109,1.7128874388254411
2012-12-28,0.0829875518672181,-0.1120397893788822,0.0829875518672181
2012-12-31,4.1459369817578775,-0.1268172769209677,4.1459369817578775
2013-01-02,1.2738853503184724,-0.1040754439866575,1.2738853503184724
2013-01-03,0.2358490566037685,-0.0913380707493061,0.2358490566037685
2013-01-04,3.0588235294117694,-0.0984785719769276,3.0588235294117694
2013-01-07,-2.587519025875189,-0.1392966484488457,2.587519025875189
2013-01-08,-1.6406250000000069,-0.1281801322587674,1.6406250000000069
2013-01-09,-2.1445591739475742,-0.1654072163786885,2.1445591739475742
2013-01-10,-0.3246753246753321,-0.1640279520782613,0.3246753246753321
2013-01-11,0.0814332247556986,-0.1629901612093995,0.0814332247556986
2013-01-14,-1.2205044751830645,-0.1772052925977382,1.2205044751830645
2013-01-15,-1.4827018121911013,-0.1724455660475534,1.4827018121911013
2013-01-16,1.4214046822742468,-0.1945222856516447,1.4214046822742468
2013-01-17,0.9892827699917496,-0.1652264598762804,0.9892827699917496
2013-01-18,-0.7346938775510192,-0.1610217455146476,0.7346938775510192
2013-01-22,-0.0822368421052614,-0.1458210221830285,0.0822368421052614
2013-01-23,-0.4938271604938312,-0.1688410127813499,0.4938271604938312
2013-01-24,0.9925558312655168,-0.1422612811492144,0.9925558312655168
2013-01-25,2.1294021294021275,-0.1298349703659109,2.1294021294021275
2013-01-28,0.7217321571772242,-0.1067122265229709,0.7217321571772242
2013-01-29,-1.6719745222930005,-0.0838070651639768,1.6719745222930005
2013-01-30,-0.2429149797570798,-0.0709764885171654,0.2429149797570798
2013-01-31,0.3246753246753177,-0.0250315175771216,0.3246753246753177
2013-02-01,-0.4854368932038732,-0.0246477047707178,0.4854368932038732
2013-02-04,-0.6504065040650412,-0.0584458972001488,0.6504065040650412
2013-02-05,-0.654664484451719,-0.062964274511011,0.654664484451719
2013-02-06,1.3179571663920933,-0.0639312734239385,1.3179571663920933
2013-02-07,0.5691056910568985,-0.0601839269262291,0.5691056910568985
2013-02-08,0.8084074373484351,-0.05646375166669,0.8084074373484351
2013-02-11,-0.5998396150761809,-0.0369831348120803,0.5998396150761809
2013-02-12,0.3614302310571722,-0.0508696304605523,0.3614302310571722
2013-02-13,-1.9292604501607735,0.0230683484843956,1.9292604501607735
2013-02-14,4.0983606557377055,-0.0670004485897005,4.0983606557377055
2013-02-15,0.3149606299212671,-0.0199830907188703,0.3149606299212671
2013-02-19,-1.0989010989011034,-0.0055396245352572,1.0989010989011034
2013-02-20,-1.9047619047619064,-0.0091811145211686,1.9047619047619064
2013-02-21,0.0809061488673121,-0.0597510754030669,0.0809061488673121
2013-02-22,1.4551333872271746,-0.0383933777162932,1.4551333872271746
2013-02-25,-2.3904382470119576,-0.0071734701017126,2.3904382470119576
2013-02-26,0.9795918367346876,-0.0412619646370394,0.9795918367346876
2013-02-27,1.5359741309620152,-0.0327867773546336,1.5359741309620152
2013-02-28,0.0796178343949027,0.0016885279159536,0.0796178343949027
2013-03-01,0.3977724741447807,0.0075262859604656,0.3977724741447807
2013-03-04,0.8716323296355089,0.0221026192245829,0.8716323296355089
2013-03-05,1.178318931657505,0.0038098568171945,1.178318931657505
2013-03-06,-0.1552795031056005,0.0373060779738315,0.1552795031056005
2013-03-07,-0.5443234836702977,0.0448039572820379,0.5443234836702977
2013-03-08,-0.7818608287724758,0.0492738543839557,0.7818608287724758
2013-03-11,-0.0788022064617792,0.0404032800636824,0.0788022064617792
2013-03-12,0.473186119873821,0.0462271109085245,0.473186119873821
2013-03-13,0.6279434850863428,0.057156764293711,0.6279434850863428
2013-03-14,-0.5460218408736371,0.0622397980510974,0.5460218408736371
2013-03-15,-1.4901960784313686,0.0504697700865359,1.4901960784313686
2013-03-18,0.0,0.0190155558296902,0.0
2013-03-19,0.2388535031847082,0.028218982366646,0.2388535031847082
2013-03-20,-0.3177124702144491,0.0469762004486684,0.3177124702144491
2013-03-21,-0.7171314741035845,0.0481112131691698,0.7171314741035845
2013-03-22,0.7223113964686987,0.0168307681876562,0.7223113964686987
2013-03-25,-0.876494023904392,0.035016153481874,0.876494023904392
2013-03-26,0.0803858520900304,0.0176723923592716,0.0803858520900304
2013-03-27,1.3654618473895577,0.0202271402074246,1.3654618473895577
2013-03-28,1.4263074484944651,0.0513803662559875,1.4263074484944651
2013-04-01,-2.9687500000000058,0.0575778129955371,2.9687500000000058
2013-04-02,-1.2882447665056371,0.0131943838109977,1.2882447665056371
2013-04-03,-1.386623164763458,-0.0392961161511144,1.386623164763458
2013-04-04,-0.1654259718775812,-0.0521173795987462,0.1654259718775812
2013-04-05,3.3140016570008313,-0.0478930823812138,3.3140016570008313
2013-04-08,-0.2405773857257508,0.0087586845216079,0.2405773857257508
2013-04-09,1.6077170418006517,0.028428884755171,1.6077170418006517
2013-04-10,0.0791139240506312,0.0774636442254987,0.0791139240506312
2013-04-11,1.4229249011857683,0.077102762770142,1.4229249011857683
2013-04-12,1.7147310989867548,0.114863347072977,1.7147310989867548
2013-04-15,-0.8429118773946452,0.1264937606797085,0.8429118773946452
2013-04-16,-0.6182380216383313,0.1142741155802521,0.6182380216383313
2013-04-17,-0.3110419906687336,0.1047878734493406,0.3110419906687336
2013-04-18,-2.262090483619352,0.103854299875871,2.262090483619352
2013-04-19,0.2394253790901926,0.0693752996512848,0.2394253790901926
2013-04-22,1.1146496815286528,0.0545222280100851,1.1146496815286528
2013-04-23,2.0472440944882013,0.0583256728087757,2.0472440944882013
2013-04-24,3.6265432098765342,0.078768487376674,3.6265432098765342
2013-04-25,0.1489203276247176,0.1062207938305744,0.1489203276247176
2013-04-26,-0.1486988847583611,0.1229759221636788,0.1486988847583611
2013-04-29,1.265822784810126,0.1155466831518435,1.265822784810126
2013-04-30,1.2499999999999996,0.1546614820327978,1.2499999999999996
2013-05-01,-0.9440813362381918,0.1498361262553365,0.9440813362381918
2013-05-02,1.9061583577712593,0.1432245781218662,1.9061583577712593
2013-05-03,-0.2158273381295045,0.1578945031779182,0.2158273381295045
2013-05-06,-0.2883922134102318,0.1542411108958795,0.2883922134102318
2013-05-07,-1.1569052783803335,0.1265597652468761,1.1569052783803335
2013-05-08,-0.1463057790782704,0.0913661763386674,0.1463057790782704
2013-05-09,4.029304029304021,0.1055168122625917,4.029304029304021
2013-05-10,1.690140845070424,0.1348377058941149,1.690140845070424
2013-05-13,-0.2077562326869761,0.1496781109443651,0.2077562326869761
2013-05-14,-0.2081887578070739,0.1560511303287098,0.2081887578070739
2013-05-15,2.0862308762169604,0.1487911363997817,2.0862308762169604
2013-05-16,0.1362397820163458,0.1692063575961499,0.1362397820163458
2013-05-17,0.7482993197278994,0.1842559234073166,0.7482993197278994
2013-05-20,0.2700877785280158,0.2006963100468498,0.2700877785280158
2013-05-21,0.8754208754208807,0.210432497865879,0.8754208754208807
2013-05-22,-5.006675567423231,0.2167153501234082,5.006675567423231
2013-05-23,2.248770203794802,0.1732952955387246,2.248770203794802
2013-05-24,0.6872852233676952,0.1929469577728112,0.6872852233676952
2013-05-28,-1.433447098976115,0.1653377466637005,1.433447098976115
2013-05-29,-0.1385041551246507,0.1391675436040264,0.1385041551246507
2013-05-30,0.9015256588072176,0.1369348700756037,0.9015256588072176
2013-05-31,-0.412371134020622,0.1083178473559226,0.412371134020622
2013-06-03,0.3450655624568594,0.1303366785911817,0.3450655624568594
2013-06-04,-0.6189821182943595,0.1505773852405525,0.6189821182943595
2013-06-05,-2.006920415224908,0.1480524123475039,2.006920415224908
2013-06-06,1.3418079096045163,0.1396006926790986,1.3418079096045163
2013-06-07,0.4181184668989582,0.151511613636647,0.4181184668989582
2013-06-10,-1.1103400416377525,0.1716180102523947,1.1103400416377525
2013-06-11,-0.0701754385964897,0.183558525931959,0.0701754385964897
2013-06-12,-1.6853932584269675,0.1644562029606783,1.6853932584269675
2013-06-13,2.9999999999999996,0.1393741458211536,2.9999999999999996
2013-06-14,0.2773925104022255,0.1727367256643065,0.2773925104022255
2013-06-17,0.6915629322268302,0.1782098447811753,0.6915629322268302
2013-06-18,-0.2060439560439638,0.1915046257030518,0.2060439560439638
2013-06-19,1.3076393668272628,0.1826288249323916,1.3076393668272628
2013-06-20,-1.3586956521739202,0.1614937140793986,1.3586956521739202
2013-06-21,-2.134986225895308,0.143872321924601,2.134986225895308
2013-06-24,0.4222378606614969,0.1465602566316888,0.4222378606614969
2013-06-25,0.770847932726007,0.1547164894325136,0.770847932726007
2013-06-26,-1.3908205841446526,0.1585678001227522,1.3908205841446526
2013-06-27,-1.198871650211565,0.1519113970427471,1.198871650211565
2013-06-28,0.9279086366880857,0.1473974329549323,0.9279086366880857
2013-07-01,-0.8486562942008556,0.1636778807827512,0.8486562942008556
2013-07-02,-0.3566333808844432,0.1414520896259289,0.3566333808844432
2013-07-03,1.4316392269148124,0.130385345184625,1.4316392269148124
2013-07-05,0.776287932251231,0.1387321960675966,0.776287932251231
2013-07-08,-0.5602240896358549,0.1520824503875732,0.5602240896358549
2013-07-09,0.2816901408450769,0.1430542728590348,0.2816901408450769
2013-07-10,1.896067415730334,0.1617393982633267,1.896067415730334
2013-07-11,0.6202618883528591,0.1337315805679866,0.6202618883528591
2013-07-12,0.4794520547945225,0.1458031005542553,0.4794520547945225
2013-07-15,0.0,0.160767429514127,0.0
2013-07-16,0.136332651670072,0.1795863153270238,0.136332651670072
2013-07-17,-0.6807351940095279,0.1805779900578953,0.6807351940095279
2013-07-18,-0.8910212474297395,0.1562216240382802,0.8910212474297395
2013-07-19,-0.7607192254495242,0.183176720837754,0.7607192254495242
2013-07-22,0.4181184668989582,0.1622788895224205,0.4181184668989582
2013-07-23,-0.4857737682165183,0.1437898054392354,0.4857737682165183
2013-07-24,-0.9762900976290138,0.1390771315495065,0.9762900976290138
2013-07-25,-0.7746478873239397,0.1249534027580039,0.7746478873239397
2013-07-26,0.5677785663591205,0.1059903966831172,0.5677785663591205
2013-07-29,0.3528581510232936,0.0954186717229562,0.3528581510232936
2013-07-30,0.8438818565400789,0.1022912935337699,0.8438818565400789
2013-07-31,1.0460251046025129,0.1182899504145185,1.0460251046025129
2013-08-01,0.8281573498964749,0.1385695963120371,0.8281573498964749
2013-08-02,0.7529089664613362,0.1486803027992637,0.7529089664613362
2013-08-05,0.8152173913043425,0.1520619322060789,0.8152173913043425
2013-08-06,-2.088948787061998,0.1551330536333059,2.088948787061998
2013-08-07,1.0323468685478343,0.1356148878866959,1.0323468685478343
2013-08-08,-3.814713896457769,0.1602847902209484,3.814713896457769
2013-08-09,-1.5580736543909268,0.1267294221722906,1.5580736543909268
2013-08-12,3.5251798561151095,0.1067683479386545,3.5251798561151095
2013-08-13,0.0,0.1452860344625939,0.0
2013-08-14,3.335649756775529,0.1547321057222226,3.335649756775529
2013-08-15,1.546738399462007,0.1807365992857518,1.546738399462007
2013-08-16,0.0,0.2015511304455028,0.0
2013-08-19,-1.5231788079470228,0.1984060930412859,1.5231788079470228
2013-08-20,-0.0672494956287813,0.1699275522872768,0.0672494956287813
2013-08-21,0.0672947510094198,0.1563216869651054,0.0672947510094198
2013-08-22,0.7397444519166188,0.185073426033956,0.7397444519166188
2013-08-23,-0.0667556742323083,0.2031613769401256,0.0667556742323083
2013-08-26,-0.8016032064128322,0.2219849098935324,0.8016032064128322
2013-08-27,-0.1346801346801318,0.2114025086101466,0.1346801346801318
2013-08-28,-0.5394470667565749,0.1744420209027304,0.5394470667565749
2013-08-29,0.2033898305084702,0.1694269218408816,0.2033898305084702
2013-08-30,0.0676589986468185,0.1527606394108471,0.0676589986468185
2013-09-03,-0.2028397565922877,0.1490199495291696,0.2028397565922877
2013-09-04,0.542005420054201,0.1295759840521647,0.542005420054201
2013-09-05,0.7412398921832846,0.1158697487806283,0.7412398921832846
2013-09-06,0.3344481605351218,0.1323167724266871,0.3344481605351218
2013-09-09,1.6000000000000014,0.1399352917139504,1.6000000000000014
2013-09-10,1.2467191601049836,0.1596009157968743,1.2467191601049836
2013-09-11,1.2961762799740837,0.1945737706332252,1.2961762799740837
2013-09-12,0.7677543186180372,0.199371140396789,0.7677543186180372
2013-09-13,1.142857142857141,0.193184679230194,1.142857142857141
2013-09-16,-0.3766478342749561,0.1922166573968296,0.3766478342749561
2013-09-17,0.0,0.1551188257489279,0.0
2013-09-18,1.2602394454946508,0.1524794535236489,1.2602394454946508
2013-09-19,-0.6222775357809561,0.1649342086033721,0.6222775357809561
2013-09-20,-1.1897307451471588,0.1448583449538256,1.1897307451471588
2013-09-23,-0.8238276299112738,0.1202621903695575,0.8238276299112738
2013-09-24,0.1277955271565468,0.1500088332060596,0.1277955271565468
2013-09-25,0.5743458838544981,0.1387863942630024,0.5743458838544981
2013-09-26,-1.332487309644664,0.1092216997006746,1.332487309644664
2013-09-27,-0.8360128617363394,0.0849529431177135,0.8360128617363394
2013-09-30,1.0376134889753577,0.0720369791733512,1.0376134889753577
2013-10-01,-1.219512195121948,0.0731568502342123,1.219512195121948
2013-10-02,1.0396361273554264,0.0182035907865548,1.0396361273554264
2013-10-03,-1.221864951768497,0.0125501176084065,1.221864951768497
2013-10-04,1.1067708333333328,-0.0034777897138291,1.1067708333333328
2013-10-07,0.1287830006439237,0.0268527828209525,0.1287830006439237
2013-10-08,0.0643086816720243,0.0285098295505701,0.0643086816720243
2013-10-09,-1.478149100257072,0.0237918051399749,1.478149100257072
2013-10-10,-1.1741682974559668,-0.0023149150919129,1.1741682974559668
2013-10-11,0.4620462046204639,-0.0268724684830673,0.4620462046204639
2013-10-14,1.773981603153742,-0.0189737044836556,1.773981603153742
2013-10-15,0.0645577792123937,0.0421133460486507,0.0645577792123937
2013-10-16,-0.1290322580645133,0.0224621249441363,0.1290322580645133
2013-10-17,0.7751937984496073,0.0199188763808009,0.7751937984496073
2013-10-18,2.5641025641025665,0.0441404577055934,2.5641025641025665
2013-10-21,-0.9375000000000022,0.0689522721603786,0.9375000000000022
2013-10-22,-0.6940063091482614,0.059792286583119,0.6940063091482614
2013-10-23,-1.2706480304955594,0.0618424827971364,1.2706480304955594
2013-10-24,-0.4504504504504408,0.0509644881212375,0.4504504504504408
2013-10-25,-1.6160310277957337,0.0492670884243449,1.6160310277957337
2013-10-28,-0.1971090670170902,0.0552772159766024,0.1971090670170902
2013-10-29,0.5924950625411446,0.0393433485844336,0.5924950625411446
2013-10-30,-0.2617801047120363,0.041028186872981,0.2617801047120363
2013-10-31,0.1968503937007832,0.0413771693583944,0.1968503937007832
2013-11-01,0.2619515389652975,0.0355343564268044,0.2619515389652975
2013-11-04,-3.788373612018289,0.0484575366453814,3.788373612018289
2013-11-05,0.4752206381534303,-0.0036472505563833,0.4752206381534303
2013-11-06,0.3378378378378306,-0.0030147601631715,0.3378378378378306
2013-11-07,1.0101010101010126,-0.0070176495630094,1.0101010101010126
2013-11-08,3.3333333333333335,0.0027663975920223,3.3333333333333335
2013-11-11,1.6774193548387084,0.0154442686752783,1.6774193548387084
2013-11-12,-0.50761421319797,0.0363879250177287,0.50761421319797
2013-11-13,2.6785714285714395,0.0626156012830771,2.6785714285714395
2013-11-14,1.1180124223602466,0.0700644679298949,1.1180124223602466
2013-11-15,-2.8255528255528306,0.0720147510673703,2.8255528255528306
2013-11-18,-1.264222503160563,0.0581711280326125,1.264222503160563
2013-11-19,-1.0883482714468626,0.0726264012577225,1.0883482714468626
2013-11-20,-1.4239482200647176,0.0529677056734063,1.4239482200647176
2013-11-21,0.7879185817465477,0.0563872614258459,0.7879185817465477
2013-11-22,-1.107491856677524,0.0618944707544539,1.107491856677524
2013-11-25,3.2938076416337285,0.0330938892285096,3.2938076416337285
2013-11-26,-0.3188775510204014,0.0672301658589216,0.3188775510204014
2013-11-27,0.4478566858605151,0.0752452345151709,0.4478566858605151
2013-11-29,-1.019108280254778,0.0726767167956975,1.019108280254778
2013-12-02,1.3513513513513569,0.035667964595043,1.3513513513513569
2013-12-03,-0.317460317460322,0.0382062975534402,0.317460317460322
2013-12-04,1.8471337579617897,0.031701093885686,1.8471337579617897
2013-12-05,-0.6253908692933061,0.0541812606652259,0.6253908692933061
2013-12-06,-2.643171806167401,0.0526251838476637,2.643171806167401
2013-12-09,-1.6806722689075615,0.0359648673374131,1.6806722689075615
2013-12-10,2.498356344510184,0.036819914593012,2.498356344510184
2013-12-11,-1.4753046824887777,0.0680124881363982,1.4753046824887777
2013-12-12,-1.4322916666666594,0.0562810291169322,1.4322916666666594
2013-12-13,-0.726552179656547,0.0537993427547066,0.726552179656547
2013-12-16,0.0,0.058755154607751,0.0
2013-12-17,0.7318695941450513,0.0642689901417926,0.7318695941450513
2013-12-18,1.0568031704095122,0.0627409390134501,1.0568031704095122
2013-12-19,0.7189542483660093,0.0697558906965186,0.7189542483660093
2013-12-20,2.4010382868267306,0.0716307987412959,2.4010382868267306
2013-12-23,0.570342205323193,0.0916608148392183,0.570342205323193
2013-12-24,0.063011972274742,0.0943705246191187,0.063011972274742
2013-12-26,-0.8186397984886699,0.0937615622961253,0.8186397984886699
2013-12-27,0.1269841269841242,0.0835294145470818,0.1269841269841242
2013-12-30,1.458465440710212,0.0938414225848922,1.458465440710212
2013-12-31,-0.5000000000000004,0.1060946794630411,0.5000000000000004
2014-01-02,-0.1884422110552723,0.1355616392163601,0.1884422110552723
2014-01-03,-0.3775959723096318,0.1441745722173841,0.3775959723096318
2014-01-06,1.3265950726468672,0.125631744279266,1.3265950726468672
2014-01-07,0.997506234413966,0.1375456481545147,0.997506234413966
2014-01-08,-0.5555555555555547,0.0942021593217032,0.5555555555555547
2014-01-09,-1.9242706393544304,0.0629304914145328,1.9242706393544304
2014-01-10,-0.4430379746835461,0.0520376399371834,0.4430379746835461
2014-01-13,-1.843610934520031,0.0807026979830987,1.843610934520031
2014-01-14,3.0440414507772062,0.0714939456281508,3.0440414507772062
2014-01-15,0.6285355122564514,0.0909252366887404,0.6285355122564514
2014-01-16,0.3123048094940484,0.0808572626557291,0.3123048094940484
2014-01-17,-0.3113325031133073,0.0848439458469811,0.3113325031133073
2014-01-21,0.4372267332916722,0.0994749881873968,0.4372267332916722
2014-01-22,-0.6218905472636684,0.1054505097896462,0.6218905472636684
2014-01-23,-0.8760951188986268,0.1114499627407501,0.8760951188986268
2014-01-24,-1.7676767676767635,0.1005122809717845,1.7676767676767635
2014-01-27,-0.8354755784061747,0.0847073802736781,0.8354755784061747
2014-01-28,0.7777057679844523,0.0793095224716437,0.7777057679844523
2014-01-29,0.0,0.0763946766917266,0.0
2014-01-30,-0.3215434083601332,0.0644882365059723,0.3215434083601332
2014-01-31,2.000000000000003,0.0550596417006078,2.000000000000003
2014-02-03,-2.087286527514232,0.0542882111608378,2.087286527514232
2014-02-04,-0.0645994832041329,0.0189116647201545,0.0645994832041329
2014-02-05,-0.0646412411118279,-0.0001766035934243,0.0646412411118279
2014-02-06,1.4230271668822694,-0.0120487191255918,1.4230271668822694
2014-02-07,1.0841836734693873,-0.0163897630866947,1.0841836734693873
2014-02-10,1.0094637223974885,-0.0002298697016514,1.0094637223974885
2014-02-11,1.8113678950655785,0.0103168295648608,1.8113678950655785
2014-02-12,5.828220858895701,0.0089318739890454,5.828220858895701
2014-02-13,-0.2898550724637722,0.0444603853471121,0.2898550724637722
2014-02-14,4.1860465116279215,0.0618282597009375,4.1860465116279215
2014-02-18,-0.1116071428571603,0.0994492814479511,0.1116071428571603
2014-02-19,1.5642458100558725,0.1019258026050373,1.5642458100558725
2014-02-20,3.135313531353137,0.1102002268778514,3.135313531353137
2014-02-21,-0.7999999999999924,0.1488113601148398,0.7999999999999924
2014-02-24,1.0752688172042972,0.1575830182704365,1.0752688172042972
2014-02-25,-0.5319148936170288,0.1551137257300209,0.5319148936170288
2014-02-26,0.0534759358288853,0.1682932461053919,0.0534759358288853
2014-02-27,-1.656867985034753,0.1590185415733299,1.656867985034753
2014-02-28,-2.336956521739129,0.1618066513781115,2.336956521739129
2014-03-03,2.281580411797441,0.1297173324511285,2.281580411797441
2014-03-04,0.4352557127312397,0.1500036229198615,0.4352557127312397
2014-03-05,1.1375947995666351,0.1589654298664942,1.1375947995666351
2014-03-06,-1.1247991430101811,0.1861986627493147,1.1247991430101811
2014-03-07,-0.8667388949079097,0.1923020286878823,0.8667388949079097
2014-03-10,-0.6557377049180382,0.1835763766943985,0.6557377049180382
2014-03-11,0.0,0.1569804619009082,0.0
2014-03-12,0.9900990099009884,0.1696581155089532,0.9900990099009884
2014-03-13,-4.357298474945538,0.1730994940525625,4.357298474945538
2014-03-14,1.765375854214136,0.1246313755925184,1.765375854214136
2014-03-17,0.1119194180190239,0.1043793648988406,0.1119194180190239
2014-03-18,2.7389603130240268,0.1200198541043766,2.7389603130240268
2014-03-19,0.4352557127312397,0.1539881442867541,0.4352557127312397
2014-03-20,1.462621885157094,0.1825040010139731,1.462621885157094
2014-03-21,-0.9610250934329936,0.2033512664504532,0.9610250934329936
2014-03-24,0.539083557951471,0.2104299392811732,0.539083557951471
2014-03-25,-0.160857908847172,0.218273070011378,0.160857908847172
2014-03-26,-3.383458646616555,0.2107736580040002,3.383458646616555
2014-03-27,-1.2784880489160473,0.180205026623436,1.2784880489160473
2014-03-28,0.9572072072071968,0.1659458430089935,0.9572072072071968
2014-03-31,3.067484662576691,0.1737204099918218,3.067484662576691
2014-04-01,0.91991341991341,0.2411799452221998,0.91991341991341
2014-04-02,-0.4289544235924842,0.2448221278112594,0.4289544235924842
2014-04-03,1.4001077005923426,0.2351890365501651,1.4001077005923426
2014-04-04,-3.5581518852894223,0.238097266861342,3.5581518852894223
2014-04-07,0.2753303964757748,0.1726407885613252,0.2753303964757748
2014-04-08,4.063701263042276,0.1580756391115209,4.063701263042276
2014-04-09,-1.0026385224274286,0.1948706486689872,1.0026385224274286
2014-04-10,-2.771855010660998,0.1503118424086095,2.771855010660998
2014-04-11,0.0,0.1136811175582237,0.0
2014-04-14,0.5482456140350955,0.1419948178541665,0.5482456140350955
2014-04-15,1.0905125408942165,0.1643618463057934,1.0905125408942165
2014-04-16,-0.6472491909384975,0.188723258424464,0.6472491909384975
2014-04-17,0.8143322475569955,0.2030300792503595,0.8143322475569955
2014-04-21,0.9154550350026824,0.2010895132916685,0.9154550350026824
2014-04-22,0.8537886872998941,0.223362974558498,0.8537886872998941
2014-04-23,1.6931216931216948,0.1822776510502927,1.6931216931216948
2014-04-24,0.0,0.2027992860711364,0.0
2014-04-25,-1.7689906347554625,0.2009230757510954,1.7689906347554625
2014-04-28,-0.8474576271186449,0.2015836297616588,0.8474576271186449
2014-04-29,-0.3205128205128137,0.1857168893595017,0.3205128205128137
2014-04-30,0.4823151125401921,0.18667066813501,0.4823151125401921
2014-05-01,-0.4799999999999992,0.1720946878918989,0.4799999999999992
2014-05-02,-1.339764201500536,0.1683693203020761,1.339764201500536
2014-05-05,2.172732210755017,0.1863196674051375,2.172732210755017
2014-05-06,-2.977139819245076,0.228713541308276,2.977139819245076
2014-05-07,-0.2739726027397299,0.1683820933432671,0.2739726027397299
2014-05-08,-1.4285714285714175,0.1896373864636051,1.4285714285714175
2014-05-09,0.8361204013377846,0.2048813700632676,0.8361204013377846
2014-05-12,1.326699834162512,0.2244983466705137,1.326699834162512
2014-05-13,-0.2182214948172348,0.234895749212802,0.2182214948172348
2014-05-14,-1.257517769272829,0.220725786793583,1.257517769272829
2014-05-15,-1.107419712070871,0.1937600920397165,1.107419712070871
2014-05-16,1.6237402015677445,0.1726762256433436,1.6237402015677445
2014-05-19,1.707988980716266,0.1527836957298357,1.707988980716266
2014-05-20,-0.8125677139761762,0.1598544562727867,0.8125677139761762
2014-05-21,-0.6007646095030008,0.1522437464178822,0.6007646095030008
2014-05-22,1.208791208791222,0.1587348220069389,1.208791208791222
2014-05-23,0.9771986970684022,0.1688035389521975,0.9771986970684022
2014-05-27,1.5591397849462318,0.1589066111453436,1.5591397849462318
2014-05-28,0.4235044997353006,0.1811495346513814,0.4235044997353006
2014-05-29,-0.1054296257248264,0.1884932402794071,0.1054296257248264
2014-05-30,0.5804749340369363,0.1925059081242862,0.5804749340369363
2014-06-02,-0.4197271773347235,0.1839516733539867,0.4197271773347235
2014-06-03,-0.8956796628029594,0.1702186560224394,0.8956796628029594
2014-06-04,0.5316321105794866,0.1617147131559725,0.5316321105794866
2014-06-05,0.740349021681653,0.1846746558814992,0.740349021681653
2014-06-06,-0.2099737532808354,0.1911545849571836,0.2099737532808354
2014-06-09,-0.1578116780641827,0.2048521053928395,0.1578116780641827
2014-06-10,0.5268703898840773,0.1486972790124867,0.5268703898840773
2014-06-11,1.6771488469601694,0.1408877317438235,1.6771488469601694
2014-06-12,1.649484536082476,0.1651756069958206,1.649484536082476
2014-06-13,-1.3691683569979696,0.2163077063807323,1.3691683569979696
2014-06-16,0.2570694087403635,0.1933505348112893,0.2570694087403635
2014-06-17,0.3076923076923011,0.197862873651132,0.3076923076923011
2014-06-18,-1.6871165644171693,0.2045634598654964,1.6871165644171693
2014-06-19,-0.2080083203328088,0.1930617860284408,0.2080083203328088
2014-06-20,-2.6576341844710867,0.1894631523974497,2.6576341844710867
2014-06-23,0.0,0.1453004316277491,0.0
2014-06-24,-1.124197002141332,0.1353283380584758,1.124197002141332
2014-06-25,0.7579859231185738,0.1111249883727666,0.7579859231185738
2014-06-26,-1.4508328855454034,0.107784409634857,1.4508328855454034
2014-06-27,-0.1635768811341392,0.0971299606357554,0.1635768811341392
2014-06-30,1.1469142545057394,0.0830698557693359,1.1469142545057394
2014-07-01,0.8639308855291584,0.0952745774404393,0.8639308855291584
2014-07-02,-0.910064239828684,0.0976186711689843,0.910064239828684
2014-07-03,1.998919502971353,0.0683311662546323,1.998919502971353
2014-07-07,-1.2182203389830533,0.1016382241981899,1.2182203389830533
2014-07-08,0.3217158176943822,0.070480627052561,0.3217158176943822
2014-07-09,0.2137894174238329,0.0619289918158833,0.2137894174238329
2014-07-10,1.4933333333333394,0.0629777205991913,1.4933333333333394
2014-07-11,0.5254860746190113,0.0669437212654057,0.5254860746190113
2014-07-14,0.9932043910088934,0.0744674425595228,0.9932043910088934
2014-07-15,0.6728778467908851,0.0795188819649026,0.6728778467908851
2014-07-16,-1.645244215938305,0.0647393466865446,1.645244215938305
2014-07-17,-1.2023000522739176,0.0472031393798987,1.2023000522739176
2014-07-18,-2.804232804232792,0.0230393921912446,2.804232804232792
2014-07-21,1.7419706042460548,-0.0118880112339438,1.7419706042460548
2014-07-22,-1.123595505617982,0.0129554523162692,1.123595505617982
2014-07-23,-1.6233766233766271,0.0085000793417727,1.6233766233766271
2014-07-24,-0.7150715071507097,0.0035060179053559,0.7150715071507097
2014-07-25,-0.9972299168975052,-0.0212356980753041,0.9972299168975052
2014-07-28,-0.7834359261331872,-0.0380759612960545,0.7834359261331872
2014-07-29,0.9024252679075022,-0.0565232537041078,0.9024252679075022
2014-07-30,-0.1676914477361718,-0.0372597400054051,0.1676914477361718
2014-07-31,-2.0156774916013407,-0.0358869165593908,2.0156774916013407
2014-08-01,0.9714285714285812,-0.0556555579869407,0.9714285714285812
2014-08-04,-0.396151669496323,-0.0430973609245461,0.396151669496323
2014-08-05,-0.3409090909091038,-0.0537078607060586,0.3409090909091038
2014-08-06,1.4253135689851768,-0.0319301985003976,1.4253135689851768
2014-08-07,2.4170882518268675,-0.0224395786552952,2.4170882518268675
2014-08-08,4.390779363336996,0.0088426448284073,4.390779363336996
2014-08-11,-0.6834910620399527,0.0146612315002985,0.6834910620399527
2014-08-12,0.2117522498676503,0.0336019891213105,0.2117522498676503
2014-08-13,0.7923930269413554,0.0261748568314785,0.7923930269413554
2014-08-14,-1.1530398322851094,0.0414953947436631,1.1530398322851094
2014-08-15,1.3785790031813443,0.0258267022115558,1.3785790031813443
2014-08-18,0.5230125523012441,0.0423174755160116,0.5230125523012441
2014-08-19,0.4162330905307068,0.0685594346040549,0.4162330905307068
2014-08-20,-0.5181347150259141,0.079724910412234,0.5181347150259141
2014-08-21,-0.7812499999999927,0.053652075020884,0.7812499999999927
2014-08-22,0.5774278215223068,0.0209756599576981,0.5774278215223068
2014-08-25,0.0,0.0233052400670828,0.0
2014-08-26,0.887265135699364,0.0326823023111199,0.887265135699364
2014-08-27,-0.724262803931697,0.0549192998614518,0.724262803931697
2014-08-28,1.40698280354351,0.0642262161933082,1.40698280354351
2014-08-29,0.2055498458376112,0.0708559793226321,0.2055498458376112
2014-09-02,0.5128205128205201,0.0165201047060315,0.5128205128205201
2014-09-03,0.255102040816312,0.0257920917924131,0.255102040816312
2014-09-04,1.8320610687023051,0.0704687129568246,1.8320610687023051
2014-09-05,-0.2998500749625301,0.0855055196397419,0.2998500749625301
2014-09-08,-1.2531328320802009,0.0775911064236037,1.2531328320802009
2014-09-09,-0.2538071065989883,0.05005800627553,0.2538071065989883
2014-09-10,-0.9160305343511436,0.0506347676576356,0.9160305343511436
2014-09-11,0.3081664098613368,0.0271569710142224,0.3081664098613368
2014-09-12,-1.792114695340509,0.0189365231561686,1.792114695340509
2014-09-15,-1.929092805005219,-0.0160250756266034,1.929092805005219
2014-09-16,1.488569909622547,-0.0495264682115131,1.488569909622547
2014-09-17,0.9429020429544248,-0.0336734900396051,0.9429020429544248
2014-09-18,1.1935651271406351,-0.0083847786065725,1.1935651271406351
2014-09-19,-0.1538461538461596,0.0155143455192218,0.1538461538461596
2014-09-22,-3.492552645095017,0.0182983275504666,3.492552645095017
2014-09-23,0.0532197977647768,-0.0221579378240281,0.0532197977647768
2014-09-24,0.5319148936170099,-0.0152578597109662,0.5319148936170099
2014-09-25,-1.7460317460317372,-0.0021760652372843,1.7460317460317372
2014-09-26,-0.9154550350027016,-0.0346775219375006,0.9154550350027016
2014-09-29,0.2173913043478408,-0.0152760411404698,0.2173913043478408
2014-09-30,0.2169197396963077,-0.0107454026842814,0.2169197396963077
2014-10-01,-1.2987012987013091,0.0070162962715034,1.2987012987013091
2014-10-02,0.3289473684210651,-0.017058686186529,0.3289473684210651
2014-10-03,0.0,-0.0312389353433213,0.0
2014-10-06,-1.4207650273224128,-0.0280174625288452,1.4207650273224128
2014-10-07,-0.7206208425720566,-0.0309792502662418,0.7206208425720566
2014-10-08,1.5075376884422087,-0.0289549258724082,1.5075376884422087
2014-10-09,-2.255225522552256,-0.0228522078195088,2.255225522552256
2014-10-10,-4.558244231851428,-0.0705210454508559,4.558244231851428
2014-10-13,0.3537735849056528,-0.070968164850824,0.3537735849056528
2014-10-14,-0.528789659224441,-0.0702181529289579,0.528789659224441
2014-10-15,1.1813349084465403,-0.0873578426926024,1.1813349084465403
2014-10-16,3.0939871570344493,-0.080914607376876,3.0939871570344493
2014-10-17,-1.359003397508485,-0.0854823308217408,1.359003397508485
2014-10-20,1.6073478760045783,-0.0939934828426216,1.6073478760045783
2014-10-21,3.3333333333333326,-0.077814686837845,3.3333333333333326
2014-10-22,-0.4920721705850184,-0.0864453852618041,0.4920721705850184
2014-10-23,1.098901098901095,-0.0670956901176088,1.098901098901095
2014-10-24,0.3804347826086972,-0.0437601106169575,0.3804347826086972
2014-10-27,-0.1624255549539663,-0.0444472849948047,0.1624255549539663
2014-10-28,2.223427331887202,-0.0545025672850972,2.223427331887202
2014-10-29,-0.4774535809018559,-0.0205141431576891,0.4774535809018559
2014-10-30,1.9189765458422143,-0.018151891401002,1.9189765458422143
2014-10-31,4.550209205020907,-0.0017207688709946,4.550209205020907
2014-11-03,0.0500250125062609,-0.014937171021007,0.0500250125062609
2014-11-04,1.25,-0.0109374673929795,1.25
2014-11-05,-0.3950617283950533,0.0167159352522656,0.3950617283950533
2014-11-06,1.3882002974714802,0.0148968254024842,1.3882002974714802
2014-11-07,-3.3251833740831285,0.0268968836552257,3.3251833740831285
2014-11-10,0.6575619625695448,0.0154788015173479,0.6575619625695448
2014-11-11,-0.9547738693467224,0.0269832426003908,0.9547738693467224
2014-11-12,0.0507356671740132,0.0482335751251942,0.0507356671740132
2014-11-13,-0.7606490872210881,0.0506899344382891,0.7606490872210881
2014-11-14,0.6642820643842565,0.0613847047918062,0.6642820643842565
2014-11-17,0.0507614213198048,0.0572800854701384,0.0507614213198048
2014-11-18,1.978691019786913,0.0773160094027789,1.978691019786913
2014-11-19,-1.1442786069651762,0.0958136724418365,1.1442786069651762
2014-11-20,3.271263210870652,0.072587018478209,3.271263210870652
2014-11-21,-0.097465886939569,0.0875276073149377,0.097465886939569
2014-11-24,0.195121951219508,0.1002108433463526,0.195121951219508
2014-11-25,-0.438169425511197,0.0742083764569222,0.438169425511197
2014-11-26,2.6405867970660104,0.0875865744906772,2.6405867970660104
2014-11-28,-0.5240590757503546,0.1066215176512029,0.5240590757503546
2014-12-01,-1.5325670498084305,0.1038313369439615,1.5325670498084305
2014-12-02,0.7295719844358081,0.0727224726363612,0.7295719844358081
2014-12-03,1.9314340898116784,0.0909063114235556,1.9314340898116784
2014-12-04,-0.7105637138796712,0.1001575664092131,0.7105637138796712
2014-12-05,0.3816793893129689,0.0865223021666054,0.3816793893129689
2014-12-08,-1.758555133079836,0.1068037975470784,1.758555133079836
2014-12-09,0.0,0.1013043918839838,0.0
2014-12-10,-1.3546202225447563,0.1206602286004098,1.3546202225447563
2014-12-11,-1.9617459538989803,0.0874297139062391,1.9617459538989803
2014-12-12,-0.6503251625812857,0.085346532620183,0.6503251625812857
2014-12-15,-1.560926485397778,0.1005830601548439,1.560926485397778
2014-12-16,0.9718670076726226,0.0965309677514992,0.9718670076726226
2014-12-17,3.292806484295857,0.116879895128289,3.292806484295857
2014-12-18,-0.1471309465424283,0.1550405615072062,0.1471309465424283
2014-12-19,0.1964636542239644,0.1400302408500304,0.1964636542239644
2014-12-22,2.647058823529425,0.144059163233885,2.647058823529425
2014-12-23,-1.1461318051576026,0.1928168245765899,1.1461318051576026
2014-12-24,-0.6280193236714928,0.1702247068927387,0.6280193236714928
2014-12-26,-0.1944579484686395,0.1680254556309957,0.1944579484686395
2014-12-29,-0.5358012664393542,0.1694726450263279,0.5358012664393542
2014-12-30,-0.0979431929481054,0.148792443001119,0.0979431929481054
2014-12-31,-1.3235294117647038,0.1259682459254177,1.3235294117647038
2015-01-02,0.0,0.0597751585755024,0.0
2015-01-05,-1.5399900645802225,0.0736408837515389,1.5399900645802225
2015-01-06,-2.472250252270444,0.0580322454553256,2.472250252270444
2015-01-07,0.1551991722710871,0.0244686369330042,0.1551991722710871
2015-01-08,2.9442148760330595,0.0461074845640805,2.9442148760330595
2015-01-09,0.3010536879076704,0.0478257658905366,0.3010536879076704
2015-01-12,-0.7503751875937898,0.0427519053097613,0.7503751875937898
2015-01-13,-1.965725806451616,0.0306053410990298,1.965725806451616
2015-01-14,2.210796915167094,0.021922210787344,2.210796915167094
2015-01-15,-1.5593561368209192,0.0542534122887667,1.5593561368209192
2015-01-16,2.7082268778743033,0.0320542035158994,2.7082268778743033
2015-01-20,-0.9452736318408024,0.0567658538565286,0.9452736318408024
2015-01-21,2.159718734304368,0.0364834724501004,2.159718734304368
2015-01-22,1.6224188790560563,0.067278518427831,1.6224188790560563
2015-01-23,-0.241896468311566,0.0641719270549611,0.241896468311566
2015-01-26,-1.551891367604269,0.0614337633439209,1.551891367604269
2015-01-27,-2.11822660098522,0.0412421009584357,2.11822660098522
2015-01-28,-2.7679919476597923,0.0183676720855705,2.7679919476597923
2015-01-29,1.656314699792962,-0.0344292228121025,1.656314699792962
2015-01-30,-1.6293279022403273,-0.012270645173368,1.6293279022403273
2015-02-02,2.2774327122153273,-0.0129673688423578,2.2774327122153273
2015-02-03,1.467611336032384,0.0138519458001265,1.467611336032384
2015-02-04,0.6483790523690723,0.0400098493012101,0.6483790523690723
2015-02-05,1.4370664023785884,0.0462746280725618,1.4370664023785884
2015-02-06,-0.9281875915974488,0.0785438442357088,0.9281875915974488
2015-02-09,0.5917159763313483,0.0900468834589984,0.5917159763313483
2015-02-10,2.9411764705882426,0.0791091225968975,2.9411764705882426
2015-02-11,4.761904761904762,0.0997061529784651,4.761904761904762
2015-02-12,1.1363636363636365,0.1352624379213898,1.1363636363636365
2015-02-13,0.0898876404494362,0.1496468594310791,0.0898876404494362
2015-02-17,0.3592276605298691,0.1780086992272724,0.3592276605298691
2015-02-18,0.2237136465324257,0.18354136617493,0.2237136465324257
2015-02-19,-1.0714285714285643,0.182466825636693,1.0714285714285643
2015-02-20,0.7671480144404249,0.1892089448298609,0.7671480144404249
2015-02-23,-0.7613076578593738,0.2073256411971056,0.7613076578593738
2015-02-24,0.2707581227436765,0.1978844720022592,0.2707581227436765
2015-02-25,-0.2700270027002643,0.1984033136074801,0.2700270027002643
2015-02-26,-0.0902527075812255,0.2087375838813837,0.0902527075812255
2015-02-27,-0.6323396567299032,0.2072076740141942,0.6323396567299032
2015-03-02,1.9545454545454533,0.2005875932698164,1.9545454545454533
2015-03-03,-1.4712438698172017,0.2319505823930426,1.4712438698172017
2015-03-04,1.4932126696832502,0.2211546867832269,1.4932126696832502
2015-03-05,1.337494427106557,0.2269296394753084,1.337494427106557
2015-03-06,-0.7479102507699151,0.25633661107857,0.7479102507699151
2015-03-09,0.6648936170212861,0.2981748220959352,0.6648936170212861
2015-03-10,1.2769704975781555,0.2958581835918165,1.2769704975781555
2015-03-11,-1.4782608695652169,0.3122638632696516,1.4782608695652169
2015-03-12,-0.4413062665489912,0.2784495295773499,0.4413062665489912
2015-03-13,1.418439716312058,0.2525738478907577,1.418439716312058
2015-03-16,0.1748251748251866,0.2798202198615145,0.1748251748251866
2015-03-17,1.4397905759162228,0.2658822641210078,1.4397905759162228
2015-03-18,-1.2903225806451644,0.2519708436333651,1.2903225806451644
2015-03-19,2.00435729847495,0.2440344369432418,2.00435729847495
2015-03-20,-2.7338744126441714,0.2530296335632247,2.7338744126441714
2015-03-23,-0.5709266578831753,0.2198774769867253,0.5709266578831753
2015-03-24,-1.1042402826855124,0.2079596252666524,1.1042402826855124
2015-03-25,-7.94997766860206,0.1778685236798109,7.94997766860206
2015-03-26,2.328966521106261,0.1085223790625902,2.328966521106261
2015-03-27,1.8492176386913255,0.1130327794159574,1.8492176386913255
2015-03-30,-0.32588454376164,0.0869118139917448,0.32588454376164
2015-03-31,-1.8682858477346969,0.0844843303051972,1.8682858477346969
2015-04-01,0.5711565920989883,0.0538366813302674,0.5711565920989883
2015-04-02,-0.7572172266919079,0.0570145067157702,0.7572172266919079
2015-04-06,3.338102050548416,0.0358582402913118,3.338102050548416
2015-04-07,0.9690816797415656,0.1117004383867349,0.9690816797415656
2015-04-08,-0.1371115173674478,0.1092204714202031,0.1371115173674478
2015-04-09,3.2036613272311176,0.1230693147989373,3.2036613272311176
2015-04-10,0.709534368070954,0.1463307233179386,0.709534368070954
2015-04-13,-1.1008366358432409,0.1632531327697245,1.1008366358432409
2015-04-14,-0.1780943900267103,0.1465872286580882,0.1780943900267103
2015-04-15,0.3568242640499477,0.1435678549605861,0.3568242640499477
2015-04-16,-2.133333333333335,0.1271069486652322,2.133333333333335
2015-04-17,1.2715712988192605,0.1168425711151412,1.2715712988192605
2015-04-20,0.2690582959641198,0.0850463898887701,0.2690582959641198
2015-04-21,-0.7602862254024962,0.0908215844141027,0.7602862254024962
2015-04-22,-1.3068949977467448,0.0845618463132659,1.3068949977467448
2015-04-23,1.4155251141552616,0.0800511735396286,1.4155251141552616
2015-04-24,-0.4952723998198983,0.0534874493656359,0.4952723998198983
2015-04-27,0.2714932126696774,0.0593288239194797,0.2714932126696774
2015-04-28,-0.0451263537906207,0.0819427409276582,0.0451263537906207
2015-04-29,-0.5417607223476183,0.0735004616808829,0.5417607223476183
2015-04-30,1.5887426236949516,0.0418951687570871,1.5887426236949516
2015-05-01,1.563896336014305,0.0684819228683444,1.563896336014305
2015-05-04,-0.8798944126704764,0.0815422364157954,0.8798944126704764
2015-05-05,-1.6866400355082225,0.0934077800360153,1.6866400355082225
2015-05-06,-0.6320541760722214,0.0791765096848934,0.6320541760722214
2015-05-07,-4.543389368468877,0.0860336196511518,4.543389368468877
2015-05-08,-2.2370299857210965,0.0765707021887482,2.2370299857210965
2015-05-11,-0.2921129503407922,0.0484442552411311,0.2921129503407922
2015-05-12,2.44140625,0.0610224829938135,2.44140625
2015-05-13,0.1429933269780797,0.0762423129965909,0.1429933269780797
2015-05-14,1.761066158971906,0.0480740004418761,1.761066158971906
2015-05-15,-0.6080449017773574,0.0662295241391033,0.6080449017773574
2015-05-18,-0.2352941176470621,0.0558326194962896,0.2352941176470621
2015-05-19,-0.707547169811314,0.0175870413641232,0.707547169811314
2015-05-20,0.0,0.0253496026974759,0.0
2015-05-21,-0.5225653206650804,0.0335248601225536,0.5225653206650804
2015-05-22,-0.8595988538681935,0.0315434035766156,0.8595988538681935
2015-05-26,0.5298651252408451,0.0304475992232688,0.5298651252408451
2015-05-27,4.647819837086722,0.0370245114334104,4.647819837086722
2015-05-28,1.373626373626377,0.0991423606187488,1.373626373626377
2015-05-29,0.5871725383920461,0.1118100543339113,0.5871725383920461
2015-06-01,-0.1347103726987029,0.1331540607776777,0.1347103726987029
2015-06-02,-1.079136690647475,0.1566334433818382,1.079136690647475
2015-06-03,-1.9545454545454533,0.1433518950072302,1.9545454545454533
2015-06-04,2.086230876216965,0.0946562926754296,2.086230876216965
2015-06-05,0.7720254314259841,0.1127494467995924,0.7720254314259841
2015-06-08,-1.8927444794952757,0.1247768639208167,1.8927444794952757
2015-06-09,-0.7808911345888753,0.1279023672536238,0.7808911345888753
2015-06-10,-0.6018518518518636,0.0985911993072078,0.6018518518518636
2015-06-11,0.4191895668374469,0.1024284739575519,0.4191895668374469
2015-06-12,-2.5974025974025916,0.0811143381581392,2.5974025974025916
2015-06-15,0.1428571428571482,0.0635601516754151,0.1428571428571482
2015-06-16,1.378982406086539,0.0431857841217604,1.378982406086539
2015-06-17,2.0637898686679232,0.0465066040729683,2.0637898686679232
2015-06-18,0.8272058823529398,0.0706257562388741,0.8272058823529398
2015-06-19,-0.1367365542388383,0.0871123292468455,0.1367365542388383
2015-06-22,-0.4107713372889085,0.1051110722936504,0.4107713372889085
2015-06-23,-2.8872593950504077,0.1316860152719547,2.8872593950504077
2015-06-24,-0.8494572911750812,0.0911260263141883,0.8494572911750812
2015-06-25,-0.0475963826749241,0.0995369682497617,0.0475963826749241
2015-06-26,-2.380952380952381,0.0765423957995759,2.380952380952381
2015-06-29,-1.2682926829268368,0.0374783769827991,1.2682926829268368
2015-06-30,1.8280632411067244,0.0060194313008857,1.8280632411067244
2015-07-01,-1.0674429888403634,0.0195262063919574,1.0674429888403634
2015-07-02,-0.6866110838646423,0.0141334207926722,0.6866110838646423
2015-07-06,-0.9876543209876508,-0.0029008538492517,0.9876543209876508
2015-07-07,-1.8453865336658404,-0.0365510382182042,1.8453865336658404
2015-07-08,1.4227642276422825,-0.0873847339288174,1.4227642276422825
2015-07-09,-1.5030060120240516,-0.0896454344448539,1.5030060120240516
2015-07-10,1.475076297049843,-0.1064434940843027,1.475076297049843
2015-07-13,-0.2005012531328278,-0.0974822001013549,0.2005012531328278
2015-07-14,-0.351582119537922,-0.1028038080494267,0.351582119537922
2015-07-15,0.1512096774193605,-0.0944373951263738,0.1512096774193605
2015-07-16,1.2581781580271765,-0.1020627495724311,1.2581781580271765
2015-07-17,-0.2485089463220711,-0.0869619976261127,0.2485089463220711
2015-07-20,-2.0428500249128057,-0.0880517395536887,2.0428500249128057
2015-07-21,-0.0508646998982785,-0.1057912391196193,0.0508646998982785
2015-07-22,-1.017811704834602,-0.1051417674762462,1.017811704834602
2015-07-23,1.7480719794344466,-0.1102006276091626,1.7480719794344466
2015-07-24,-2.728650833754417,-0.1113179171100889,2.728650833754417
2015-07-27,0.5714285714285685,-0.1241035481184879,0.5714285714285685
2015-07-28,1.704545454545464,-0.1331709472705142,1.704545454545464
2015-07-29,1.1681056373793826,-0.1388324462353041,1.1681056373793826
2015-07-30,0.9036144578313238,-0.1173602790628724,0.9036144578313238
2015-07-31,0.0497512437810846,-0.1076841302940526,0.0497512437810846
2015-08-03,0.5469915464942786,-0.1130234757971695,0.5469915464942786
2015-08-04,3.21463897131554,-0.0940605638224101,3.21463897131554
2015-08-05,-1.6291327264015325,-0.0545318181332326,1.6291327264015325
2015-08-06,9.400876765708716,-0.0831279761218734,9.400876765708716
2015-08-07,1.6028495102404248,0.0101955788835172,1.6028495102404248
2015-08-10,2.6730937773882535,0.0191955470616078,2.6730937773882535
2015-08-11,-0.6402048655569722,0.057867207970228,0.6402048655569722
2015-08-12,2.0189003436426067,0.0409448357506983,2.0189003436426067
2015-08-13,-1.0526315789473684,0.0801597561818023,1.0526315789473684
2015-08-14,0.0,0.0764297009327945,0.0
2015-08-17,-1.1914893617021325,0.0874403155954712,1.1914893617021325
2015-08-18,-0.7321274763135149,0.1306303024010326,0.7321274763135149
2015-08-19,-1.3882863340564002,0.0962416823105924,1.3882863340564002
2015-08-20,-3.211614606247252,0.0580035635598054,3.211614606247252
2015-08-21,-7.863636363636366,0.0315281273071057,7.863636363636366
2015-08-24,6.660088801184023,0.0993253667503126,6.660088801184023
2015-08-25,-3.1452358926919506,0.1056918579540602,3.1452358926919506
2015-08-26,5.253104106972291,0.1013674283801941,5.253104106972291
2015-08-27,2.6769509981851174,0.078394782966955,2.6769509981851174
2015-08-28,-0.0441891294741405,0.0753149383816189,0.0441891294741405
2015-08-31,-3.4924845269672975,0.0815224804806594,3.4924845269672975
2015-09-01,1.4658726523133316,-0.0204950610349281,1.4658726523133316
2015-09-02,1.7607223476297995,-0.0269719017574199,1.7607223476297995
2015-09-03,-2.883762200532381,0.0075657942044447,2.883762200532381
2015-09-04,1.7816354499771612,-0.0179926858424016,1.7816354499771612
2015-09-08,2.1095152603231546,-0.0081903868232021,2.1095152603231546
2015-09-09,-2.857142857142851,0.0438597908297593,2.857142857142851
2015-09-10,1.0407239819004384,-0.0053980628780381,1.0407239819004384
2015-09-11,1.9256605463502163,-0.0041900084660368,1.9256605463502163
2015-09-14,-0.2636203866432437,0.0267603139815687,0.2636203866432437
2015-09-15,0.8810572687224638,0.0512477278458564,0.8810572687224638
2015-09-16,2.620087336244548,0.0393787371396379,2.620087336244548
2015-09-17,-2.1702127659574533,0.0776824218681353,2.1702127659574533
2015-09-18,1.4354066985646017,0.0580863402419973,1.4354066985646017
2015-09-21,-1.28644939965695,0.068379529689681,1.28644939965695
2015-09-22,-0.4778453518679385,0.0614516198968242,0.4778453518679385
2015-09-23,-0.218245307725887,0.0333739766394013,0.218245307725887
2015-09-24,3.805774278215228,0.0071378114337056,3.805774278215228
2015-09-25,-0.5056890012642267,0.0789555816930092,0.5056890012642267
2015-09-28,-0.2541296060991051,0.0939151485972312,0.2541296060991051
2015-09-29,1.613588110403393,0.1030903230210088,1.613588110403393
2015-09-30,3.008775595486832,0.148255996043004,3.008775595486832
2015-10-01,-2.4746450304259615,0.2043369392710095,2.4746450304259615
2015-10-02,3.8269550748752152,0.186978392765519,3.8269550748752152
2015-10-05,0.7612179487179396,0.1816768116754219,0.7612179487179396
2015-10-06,2.6242544731610344,0.1891863052206938,2.6242544731610344
2015-10-07,0.3874467260751701,0.1824745501860274,0.3874467260751701
2015-10-08,0.4631416441528406,0.2076200664864621,0.4631416441528406
2015-10-09,0.2689204763734164,0.2261195104350422,0.2689204763734164
2015-10-12,0.1532567049808396,0.2442797243653363,0.1532567049808396
2015-10-13,1.1094108645753602,0.2495768036289151,1.1094108645753602
2015-10-14,3.707907680665912,0.2704101896495199,3.707907680665912
2015-10-15,0.4013133892739855,0.3142138091650217,0.4013133892739855
2015-10-16,1.562499999999999,0.3156784089414059,1.562499999999999
2015-10-19,-0.9302325581395278,0.278683119731591,0.9302325581395278
2015-10-20,0.9028530155290718,0.2526358470794601,0.9028530155290718
2015-10-21,-0.7516105941302822,0.2542891754475436,0.7516105941302822
2015-10-22,3.31770645510277,0.2526294006185915,3.31770645510277
2015-10-23,-0.1396160558464193,0.3113897407460118,0.1396160558464193
2015-10-26,-1.0136315973435832,0.3402416508739729,1.0136315973435832
2015-10-27,1.0593220338983076,0.3056302511899915,1.0593220338983076
2015-10-28,-1.4325646401118104,0.3153436063168819,1.4325646401118104
2015-10-29,-0.8153137185395265,0.3174656795732033,0.8153137185395265
2015-10-30,1.715511079342389,0.318145183956645,1.715511079342389
2015-11-02,0.2459592410400572,0.3410368496610808,0.2459592410400572
2015-11-03,-0.385559060637923,0.3614370657413546,0.385559060637923
2015-11-04,-0.8796622097114707,0.3856736283782372,0.8796622097114707
2015-11-05,8.093716719914795,0.3663932327173153,8.093716719914795
2015-11-06,2.594417077175695,0.5455253437129014,2.594417077175695
2015-11-09,-0.7682458386683689,0.5228908690475468,0.7682458386683689
2015-11-10,-0.5483870967741991,0.5195274950702755,0.5483870967741991
2015-11-11,-1.265001621796941,0.5144798110533255,1.265001621796941
2015-11-12,-0.0328515111695189,0.5130976557570455,0.0328515111695189
2015-11-13,-0.7886953664147172,0.528072919939303,0.7886953664147172
2015-11-16,0.960582974494863,0.5289856788300559,0.960582974494863
2015-11-17,-0.2296587926509195,0.5425731734629122,0.2296587926509195
2015-11-18,2.4005261427162132,0.5560813366754852,2.4005261427162132
2015-11-19,0.6743737957610817,0.5857733612372736,0.6743737957610817
2015-11-20,0.9569377990430532,0.5882094277387165,0.9569377990430532
2015-11-23,-2.3064770932069414,0.6084834666338832,2.3064770932069414
2015-11-24,0.6144890038809758,0.585264954465872,0.6144890038809758
2015-11-25,0.2571520411443325,0.5884785455038869,0.2571520411443325
2015-11-27,0.737415838409748,0.6052937366580857,0.737415838409748
2015-11-30,1.8459579885423243,0.6110463269814557,1.8459579885423243
2015-12-01,2.499999999999991,0.6388067316104447,2.499999999999991
2015-12-02,-0.1219512195121925,0.6483107187996525,0.1219512195121925
2015-12-03,-1.0073260073260022,0.6610352215995282,1.0073260073260022
2015-12-04,4.039469626888691,0.6563579753289771,4.039469626888691
2015-12-07,-3.0823947836395944,0.686367221387332,3.0823947836395944
2015-12-08,2.5993883792048753,0.6715483016974615,2.5993883792048753
2015-12-09,-2.2056631892697314,0.6834475709411697,2.2056631892697314
2015-12-10,-0.4876562023773352,0.6805568457640682,0.4876562023773352
2015-12-11,-0.3981623277182097,0.6823261346095428,0.3981623277182097
2015-12-14,1.2915129151291345,0.6796710738463152,1.2915129151291345
2015-12-15,0.3035822707953899,0.7057745373007849,0.3035822707953899
2015-12-16,0.5447941888619846,0.7236613181219242,0.5447941888619846
2015-12-17,-2.3479831426851328,0.7141807280191854,2.3479831426851328
2015-12-18,0.1541307028360181,0.6732711788900904,0.1541307028360181
2015-12-21,1.5697137580794027,0.657550676944745,1.5697137580794027
2015-12-22,-0.06060606060607,0.6653007871043214,0.06060606060607
2015-12-23,-0.0606428138265494,0.6682484099123166,0.0606428138265494
2015-12-24,-0.4247572815533997,0.6448648804638619,0.4247572815533997
2015-12-28,1.0359536867763446,0.6272308837215151,1.0359536867763446
2015-12-29,1.477683956574192,0.5367128252441646,1.477683956574192
2015-12-30,-0.9212481426448592,0.5165833856016598,0.9212481426448592
2015-12-31,-3.1493701259748175,0.4942208404401447,3.1493701259748175
2016-01-04,2.136884484360476,0.4625728522821761,2.136884484360476
2016-01-05,-1.9102486355366752,0.462025542013113,1.9102486355366752
2016-01-06,-4.976816074188571,0.4367685147109968,4.976816074188571
2016-01-07,-0.2277163305139776,0.4543639432839271,0.2277163305139776
2016-01-08,-3.2931203130094606,0.4536448515745788,3.2931203130094606
2016-01-11,1.8543492919757272,0.4310001654575885,1.8543492919757272
2016-01-12,0.6620324395895375,0.3291198270980458,0.6620324395895375
2016-01-13,-5.754685958566261,0.3450437911669991,5.754685958566261
2016-01-14,-3.9776692254012582,0.297027917173362,3.9776692254012582
2016-01-15,0.5450581395348915,0.3694437802877664,0.5450581395348915
2016-01-19,-3.1080592699674843,0.2660626044314296,3.1080592699674843
2016-01-20,3.61805296531146,0.2869621620037411,3.61805296531146
2016-01-21,1.979841612670976,0.2856568049008625,1.979841612670976
2016-01-22,0.3882809742322732,0.267744451348528,0.3882809742322732
2016-01-25,0.140646976090011,0.2614755715114198,0.140646976090011
2016-01-26,0.6320224719101114,0.3178629590709693,0.6320224719101114
2016-01-27,-0.2442428471737623,0.2939075013361439,0.2442428471737623
2016-01-28,-1.0493179433368336,0.2774572872886742,1.0493179433368336
2016-01-29,3.428773418168973,0.319107810170532,3.428773418168973
2016-02-01,-0.8885850991114203,0.315054992198622,0.8885850991114203
2016-02-02,-2.4827586206896513,0.2869166347459718,2.4827586206896513
2016-02-03,-0.141442715700151,0.3251514954564695,0.141442715700151
2016-02-04,-0.7790368271954634,0.3026060482930998,0.7790368271954634
2016-02-05,-7.102069950035683,0.2671795854698576,7.102069950035683
2016-02-08,-4.264310411064154,0.2484503171457519,4.264310411064154
2016-02-09,2.9293739967897143,0.1610863485755217,2.9293739967897143
2016-02-10,-3.3918128654970663,0.161051625870161,3.3918128654970663
2016-02-11,3.7126715092816713,0.1788938224580657,3.7126715092816713
2016-02-12,1.5564202334630433,0.2054939293807177,1.5564202334630433
2016-02-16,4.712643678160907,0.2296330309744734,4.712643678160907
2016-02-17,9.513355287230157,0.2949204804424998,9.513355287230157
2016-02-18,-0.1670564650852011,0.413251742340777,0.1670564650852011
2016-02-19,3.346720214190094,0.3542821065774854,3.346720214190094
2016-02-22,1.2629533678756495,0.3848654151699217,1.2629533678756495
2016-02-23,0.6395906619763329,0.3868772805531321,0.6395906619763329
2016-02-24,1.4934858595487843,0.3210454252883462,1.4934858595487843
2016-02-25,0.313087038196612,0.3072287875469193,0.313087038196612
2016-02-26,-1.3420724094881389,0.3460230948761665,1.3420724094881389
2016-02-29,-0.5378044922492824,0.321602609920703,0.5378044922492824
2016-03-01,3.5941475826971976,0.280636408847297,3.5941475826971976
2016-03-02,1.0132023334356717,0.3205136349152314,1.0132023334356717
2016-03-03,0.0,0.3244945722770635,0.0
2016-03-04,-1.610942249240125,0.2988555523318629,1.610942249240125
2016-03-07,-1.112140871177014,0.2596104257733125,1.112140871177014
2016-03-08,0.0624804748516186,0.2406769123487689,0.0624804748516186
2016-03-09,-0.3434280362160457,0.2229777024006649,0.3434280362160457
2016-03-10,0.7205513784461055,0.1923161843980931,0.7205513784461055
2016-03-11,-0.2488335925349869,0.1899870161938758,0.2488335925349869
2016-03-14,0.1870907390084261,0.1710517355387344,0.1870907390084261
2016-03-15,-0.7158418923124928,0.1871790620333649,0.7158418923124928
2016-03-16,3.3855799373040703,0.1699461530670205,3.3855799373040703
2016-03-17,0.69739235900547,0.203747181071194,0.69739235900547
2016-03-18,0.9033423667569924,0.1868708299261526,0.9033423667569924
2016-03-21,0.8654133094598603,0.1950537467490327,0.8654133094598603
2016-03-22,0.5917159763313694,0.2204383882744559,0.5917159763313694
2016-03-23,0.3529411764705807,0.2217310793112115,0.3529411764705807
2016-03-24,0.879249706916777,0.252139827461403,0.879249706916777
2016-03-28,0.7553747821034225,0.276717242444835,0.7553747821034225
2016-03-29,2.422145328719733,0.3201369695725556,2.422145328719733
2016-03-30,1.126126126126122,0.3644133434773008,1.126126126126122
2016-03-31,-1.4198218262806377,0.3963560072225727,1.4198218262806377
2016-04-01,2.9370234397063157,0.3589247593588952,2.9370234397063157
2016-04-04,-2.6611796982167513,0.3302767812268232,2.6611796982167513
2016-04-05,-0.5073280721533251,0.2486398777933458,0.5073280721533251
2016-04-06,0.7648725212464679,0.2558518172107656,0.7648725212464679
2016-04-07,0.4217036828788265,0.2722061793723899,0.4217036828788265
2016-04-08,0.419932810750276,0.3032608819692578,0.419932810750276
2016-04-11,0.3624198494563774,0.3130635922338586,0.3624198494563774
2016-04-12,0.0,0.3382949373783352,0.0
2016-04-13,1.7777777777777797,0.3323003727367857,1.7777777777777797
2016-04-14,0.5185589519650593,0.3673664387714302,0.5185589519650593
2016-04-15,0.6244909041542329,0.3522461890163298,0.6244909041542329
2016-04-18,0.1349163518618379,0.3877679805489213,0.1349163518618379
2016-04-19,-2.317434653732146,0.4277242151837794,2.317434653732146
2016-04-20,0.5793103448275886,0.3627882736739631,0.5793103448275886
2016-04-21,0.1919912232583661,0.3268704731760766,0.1919912232583661
2016-04-22,-0.684369011771147,0.3074006558292807,0.684369011771147
2016-04-25,1.074972436604191,0.2780345665018658,1.074972436604191
2016-04-26,-0.763566948459234,0.2738916138662998,0.763566948459234
2016-04-27,1.8961253091508592,0.2419337846284541,1.8961253091508592
2016-04-28,-2.777777777777781,0.2715796687758031,2.777777777777781
2016-04-29,-0.4993065187239937,0.232530458656385,0.4993065187239937
2016-05-02,-0.7805965988290885,0.1680384711456614,0.7805965988290885
2016-05-03,-1.264400112391129,0.1825327920627976,1.264400112391129
2016-05-04,-0.2561183836084331,0.1313541480482941,0.2561183836084331
2016-05-05,-0.3994293865905865,0.1510056987281216,0.3994293865905865
2016-05-06,1.4608994557433548,0.1481791512245565,1.4608994557433548
2016-05-09,0.225861095426308,0.175904244730939,0.225861095426308
2016-05-10,1.6056338028169022,0.1690560382038452,1.6056338028169022
2016-05-11,0.6930967563071805,0.2028050092542527,0.6930967563071805
2016-05-12,7.901982378854619,0.2255428767268752,7.901982378854619
2016-05-13,3.776473590201592,0.2194261851562159,3.776473590201592
2016-05-16,3.2702237521514586,0.2272081933325826,3.2702237521514586
2016-05-17,0.0,0.2246702864806665,0.0
2016-05-18,2.8333333333333277,0.2369431129922045,2.8333333333333277
2016-05-19,1.4586709886547873,0.2705844597917156,1.4586709886547873
2016-05-20,1.5974440894568755,0.3077848344144592,1.5974440894568755
2016-05-23,-0.2246181491464542,0.3382558270135714,0.2246181491464542
2016-05-24,2.4313372354795098,0.3455770884271143,2.4313372354795098
2016-05-25,-0.5494505494505495,0.3903555456325278,0.5494505494505495
2016-05-26,0.9944751381215532,0.3994349645655569,0.9944751381215532
2016-05-27,0.8752735229759269,0.4030420515636839,0.8752735229759269
2016-05-31,0.8676789587852464,0.4168675087842803,0.8676789587852464
2016-06-01,1.204301075268822,0.427557753478717,1.204301075268822
2016-06-02,-0.8074798130046803,0.4516955728271061,0.8074798130046803
2016-06-03,-0.1713796058269029,0.4486476600969378,0.1713796058269029
2016-06-06,-0.1716738197424856,0.4375388423458369,0.1716738197424856
2016-06-07,-0.3869303525365428,0.4548953834288147,0.3869303525365428
2016-06-08,-0.6905481225722924,0.4506816212844223,0.6905481225722924
2016-06-09,1.7383746197305456,0.451386821456003,1.7383746197305456
2016-06-10,-1.2174284493806071,0.4875553355023628,1.2174284493806071
2016-06-13,0.9297297297297292,0.4932591276393075,0.9297297297297292
2016-06-14,1.2639245929734435,0.4678459145055292,1.2639245929734435
2016-06-15,-0.5500317325999685,0.4658431170423594,0.5500317325999685
2016-06-16,1.2763241863433343,0.4581006538909851,1.2763241863433343
2016-06-17,-0.2940558706154181,0.5172235309976103,0.2940558706154181
2016-06-20,0.61091215504529,0.5666141871576764,0.61091215504529
2016-06-21,-0.8165829145728656,0.5710380457613152,0.8165829145728656
2016-06-22,0.6544226303567707,0.558280649819541,0.6544226303567707
2016-06-23,-2.4748322147651,0.5509882809602127,2.4748322147651
2016-06-24,-2.4731182795698894,0.519081434802028,2.4731182795698894
2016-06-27,1.6538037486218302,0.4937701349272874,1.6538037486218302
2016-06-28,0.4338394793926154,0.5097681975980057,0.4338394793926154
2016-06-29,0.928725701943844,0.3728747287700864,0.928725701943844
2016-06-30,0.0427990584207214,0.4003110974210657,0.0427990584207214
2016-07-01,-0.7486631016042811,0.4241803338907567,0.7486631016042811
2016-07-05,1.336206896551734,0.4086726383151377,1.336206896551734
2016-07-06,2.020416843896206,0.442486217447529,2.020416843896206
2016-07-07,3.0018761726078753,0.4564782928538408,3.0018761726078753
2016-07-08,4.391823517506581,0.4690664153049985,4.391823517506581
2016-07-11,1.977510663047699,0.5924416499692216,1.977510663047699
2016-07-12,0.5703422053231885,0.5337040636894504,0.5703422053231885
2016-07-13,0.3024574669187215,0.5402383304824568,0.3024574669187215
2016-07-14,-0.7915567282321931,0.5043762839674854,0.7915567282321931
2016-07-15,1.348784194528877,0.4810854349142849,1.348784194528877
2016-07-18,-0.768509840674796,0.4873354370565418,0.768509840674796
2016-07-19,1.4355874574990652,0.4626342302220272,1.4355874574990652
2016-07-20,0.7448789571694573,0.4750544654155853,0.7448789571694573
2016-07-21,-1.275415896487994,0.4974013411560601,1.275415896487994
2016-07-22,2.97697060475567,0.4813348953466402,2.97697060475567
2016-07-25,2.1272727272727305,0.4702859822565288,2.1272727272727305
2016-07-26,1.691294285205618,0.4793358373839116,1.691294285205618
2016-07-27,-1.6281512605042012,0.4985077606227897,1.6281512605042012
2016-07-28,0.3559352197900033,0.4934520060309726,0.3559352197900033
2016-07-29,1.684695868061718,0.5090056754994114,1.684695868061718
2016-08-01,-0.5929543076386525,0.5290508339502784,0.5929543076386525
2016-08-02,-1.8070175438596512,0.5286203966694811,1.8070175438596512
2016-08-03,0.8754690012506736,0.5061977628160488,0.8754690012506736
2016-08-04,2.5327665603967406,0.5191167606880412,2.5327665603967406
2016-08-05,1.9174296078770072,0.5467907948691637,1.9174296078770072
2016-08-08,0.0508474576271205,0.5712795025545065,0.0508474576271205
2016-08-09,0.6437404709469684,0.5293811911902544,0.6437404709469684
2016-08-10,-0.9930988049149914,0.5285793615584795,0.9930988049149914
2016-08-11,5.236314178850728,0.5079168614453072,5.236314178850728
2016-08-12,1.954765751211633,0.5664032314373201,1.954765751211633
2016-08-15,-0.3485976865789872,0.5826844135659573,0.3485976865789872
2016-08-16,-0.4611225950071539,0.5779137167806321,0.4611225950071539
2016-08-17,-2.4600638977635767,0.5636266110580845,2.4600638977635767
2016-08-18,1.6541107107762822,0.5306626022783025,1.6541107107762822
2016-08-19,0.6122120186885815,0.520162248909387,0.6122120186885815
2016-08-22,0.944755804643709,0.5162333263590396,0.944755804643709
2016-08-23,0.1427664974619343,0.5392930520515116,0.1427664974619343
2016-08-24,-1.8533185490258224,0.5157419059815495,1.8533185490258224
2016-08-25,-0.4357650096836719,0.5217526294615594,0.4357650096836719
2016-08-26,0.9563948776138814,0.525072328195199,0.9563948776138814
2016-08-29,-0.5940912010276245,0.5272083377608769,0.5940912010276245
2016-08-30,-0.2584396704894146,0.5168744741578917,0.2584396704894146
2016-08-31,-0.5829959514170031,0.5100106875639313,0.5829959514170031
2016-09-01,3.078677309007982,0.5003715457193525,3.078677309007982
2016-09-02,-0.8375474083438703,0.5355668618464822,0.8375474083438703
2016-09-06,0.2709163346613573,0.5105010336044373,0.2709163346613573
2016-09-07,-1.2555626191989817,0.5080821649896714,1.2555626191989817
2016-09-08,-0.2897151134717523,0.4889689703330447,0.2897151134717523
2016-09-09,-5.197740112994359,0.4816160015972048,5.197740112994359
2016-09-12,3.1840626596288177,0.4638988792173247,3.1840626596288177
2016-09-13,-0.9735973597359792,0.4788902583573056,0.9735973597359792
2016-09-14,0.8165305782369638,0.4709430965391045,0.8165305782369638
2016-09-15,3.98347107438016,0.4862930254746994,3.98347107438016
2016-09-16,0.9378477189636044,0.5223064061414142,0.9378477189636044
2016-09-19,1.4173228346456783,0.5437147135079979,1.4173228346456783
2016-09-20,-1.7391304347826155,0.5403381081476054,1.7391304347826155
2016-09-21,3.097345132743353,0.5483561169611363,3.097345132743353
2016-09-22,-0.2145922746781124,0.5856903572275065,0.2145922746781124
2016-09-23,-1.3671274961597553,0.5938135709829447,1.3671274961597553
2016-09-26,-0.1868867777604584,0.601002575052714,0.1868867777604584
2016-09-27,3.9787798408488015,0.5936315805725032,3.9787798408488015
2016-09-28,0.0450180072028828,0.6347561510085842,0.0450180072028828
2016-09-29,1.649917504124785,0.6149390865938912,1.649917504124785
2016-09-30,1.1066843736166443,0.6204231623602193,1.1066843736166443
2016-10-03,0.0437828371278475,0.6110384450649088,0.0437828371278475
2016-10-04,0.481400437636759,0.5958791069101631,0.481400437636759
2016-10-05,-2.134146341463413,0.5661109233582234,2.134146341463413
2016-10-06,0.5637145824061855,0.5459438348715658,0.5637145824061855
2016-10-07,-0.8703348576486257,0.5144277560373488,0.8703348576486257
2016-10-10,-0.4761904761904871,0.5110575911957458,0.4761904761904871
2016-10-11,-1.5251196172248744,0.4721334545415053,1.5251196172248744
2016-10-12,-0.3188581840267138,0.4417813392294391,0.3188581840267138
2016-10-13,0.7616146230007615,0.4149277088760009,0.7616146230007615
2016-10-14,-0.2569916855631167,0.4261579013880182,0.2569916855631167
2016-10-17,0.8184298272203577,0.3846031648132094,0.8184298272203577
2016-10-18,-0.5411906193625969,0.402821732992898,0.5411906193625969
2016-10-19,1.6475211608222544,0.3839662429288646,1.6475211608222544
2016-10-20,0.3568773234200667,0.3859496255312507,0.3568773234200667
2016-10-21,0.7556675062972369,0.3779716940185779,0.7556675062972369
2016-10-24,3.80882352941177,0.3686677122818227,3.80882352941177
2016-10-25,0.9633092506020576,0.4162498746159322,0.9633092506020576
2016-10-26,2.0204854777606256,0.4302419290656121,2.0204854777606256
2016-10-27,-2.324302021730158,0.4538087021600501,2.324302021730158
2016-10-28,-0.3238524359335255,0.440281540359992,0.3238524359335255
2016-10-31,0.8899562085040195,0.4475316197967866,0.8899562085040195
2016-11-01,-2.5763091570988568,0.4340207863504297,2.5763091570988568
2016-11-02,-0.7185972980741593,0.4280403039341953,0.7185972980741593
2016-11-03,-2.2727272727272627,0.4094618149507076,2.2727272727272627
2016-11-04,3.0217745519182224,0.368373093356071,3.0217745519182224
2016-11-07,2.8612508986340894,0.4127137101665621,2.8612508986340894
2016-11-08,-3.2289628180039167,0.4269613377111658,3.2289628180039167
2016-11-09,3.264480716452392,0.4072065186131138,3.264480716452392
2016-11-10,11.218352217093315,0.4049103612099049,11.218352217093315
2016-11-11,10.7910954596906,0.4444002028008381,10.7910954596906
2016-11-14,-4.313770007946415,0.4399116458089348,4.313770007946415
2016-11-15,3.618460078301099,0.4695390737469248,3.618460078301099
2016-11-16,5.690405312571558,0.5448870990759901,5.690405312571558
2016-11-17,0.0866645000541634,0.5237462483489547,0.0866645000541634
2016-11-18,1.840025976837323,0.5175518068348293,1.840025976837323
2016-11-21,-0.8396216388564207,0.503205499974517,0.8396216388564207
2016-11-22,0.4501607717041819,0.4939432638995994,0.4501607717041819
2016-11-23,0.7469056764831443,0.5007149204017066,0.7469056764831443
2016-11-25,-0.5825037068417678,0.4855283041256287,0.5825037068417678
2016-11-28,0.1384894002343618,0.4585101611607959,0.1384894002343618
2016-11-29,-0.4255319148936231,0.4516998119416873,0.4255319148936231
2016-11-30,-1.6025641025641026,0.4146181598344747,1.6025641025641026
2016-12-01,-6.351791530944619,0.3652918025719393,6.351791530944619
2016-12-02,4.336231884057965,0.2900402205201943,4.336231884057965
2016-12-05,2.4669407711967986,0.3508867619328574,2.4669407711967986
2016-12-06,0.6832230777573036,0.3144258773280881,0.6832230777573036
2016-12-07,2.531236535975866,0.3135640216212367,2.531236535975866
2016-12-08,-1.0400252127324243,0.3487409813563366,1.0400252127324243
2016-12-09,-4.617834394904468,0.3285275384692221,4.617834394904468
2016-12-12,0.2671118530884909,0.3164644466724994,0.2671118530884909
2016-12-13,2.7195027195027226,0.3451744305175352,2.7195027195027226
2016-12-14,4.711476118435271,0.3465134601050642,4.711476118435271
2016-12-15,3.0237358101135112,0.3444507132025458,3.0237358101135112
2016-12-16,-0.130221376339773,0.3425923525340403,0.130221376339773
2016-12-19,4.894684052156465,0.3794031020337677,4.894684052156465
2016-12-20,1.0135781220118592,0.4187151576704259,1.0135781220118592
2016-12-21,1.1170011359333516,0.4115886775866562,1.1170011359333516
2016-12-22,-0.4119078824190205,0.4382168313737465,0.4119078824190205
2016-12-23,5.339349501786057,0.4675592550550505,5.339349501786057
2016-12-27,6.728538283062638,0.5274046247134114,6.728538283062638
2016-12-28,-12.290969899665544,0.5139357435492947,12.290969899665544
2016-12-29,6.148713060057186,0.4590907112897437,6.148713060057186
2016-12-30,-6.241580601706321,0.4503046611049637,6.241580601706321
2017-01-03,-0.9578544061302682,0.43781821737133,0.9578544061302682
2017-01-04,1.0928433268858757,0.3989094067074266,1.0928433268858757
2017-01-05,-1.6071941069549476,0.3651240950462582,1.6071941069549476
2017-01-06,0.6319883325230975,0.3183651020216509,0.6319883325230975
2017-01-09,4.164251207729471,0.3203307412406362,4.164251207729471
2017-01-10,-1.678879510249515,0.3695983585060119,1.678879510249515
2017-01-11,-1.6698113207547132,0.4078728768758217,1.6698113207547132
2017-01-12,-0.6044325050369468,0.3617141126954198,0.6044325050369468
2017-01-13,-0.5791505791505737,0.3327869479223168,0.5791505791505737
2017-01-17,-2.679611650485442,0.305937207772656,2.679611650485442
2017-01-18,2.8232242617717462,0.2846816786954585,2.8232242617717462
2017-01-19,2.9203453963325945,0.3237662377343659,2.9203453963325945
2017-01-20,-2.149321266968327,0.351146010385401,2.149321266968327
2017-01-23,1.6377649325626231,0.3284190681693534,1.6377649325626231
2017-01-24,3.364928909952604,0.3424320184592156,3.364928909952604
2017-01-25,-1.054562127464458,0.3806717205243618,1.054562127464458
2017-01-26,1.881371640407786,0.3743279351758268,1.881371640407786
2017-01-27,0.900573091967611,0.3542124179668078,0.900573091967611
2017-01-30,-1.7760548142805614,0.3862323507031481,1.7760548142805614
2017-01-31,1.4960991280403813,0.366756113822282,1.4960991280403813
2017-02-01,2.4597576415264957,0.4032289202516445,2.4597576415264957
2017-02-02,1.8976169461606405,0.4395074947030217,1.8976169461606405
2017-02-03,-1.2559549588566503,0.5311538332893632,1.2559549588566503
2017-02-06,4.122807017543862,0.4834391553948486,4.122807017543862
2017-02-07,-0.2527379949452377,0.5464604057063988,0.2527379949452377
2017-02-08,0.3885135135135082,0.533017144617484,0.3885135135135082
2017-02-09,0.9002187447417191,0.4959416941709876,0.9002187447417191
2017-02-10,-5.453181022262992,0.4929614612100885,5.453181022262992
2017-02-13,-4.762324719992949,0.3765649323965701,4.762324719992949
2017-02-14,0.8426706176497925,0.3808698957050203,0.8426706176497925
2017-02-15,0.4499540863177179,0.3393945224755223,0.4499540863177179
2017-02-16,-2.459091324618336,0.359063009158122,2.459091324618336
2017-02-17,1.4339268978444246,0.3447772677319433,1.4339268978444246
2017-02-21,2.9474267763097086,0.3237706474866926,2.9474267763097086
2017-02-22,-5.313229222760727,0.31252128068168,5.313229222760727
2017-02-23,-7.990521327014225,0.2494005996058444,7.990521327014225
2017-02-24,5.28484598743176,0.2293577905662571,5.28484598743176
2017-02-27,2.544031311154593,0.2185164546947385,2.544031311154593
2017-02-28,-0.9637404580152584,0.2318303576872423,0.9637404580152584
2017-03-01,-1.464495616148001,0.2442807395630864,1.464495616148001
2017-03-02,-3.6178742544245654,0.2490803563202823,3.6178742544245654
2017-03-03,-1.6333570051739876,0.2278725422784097,1.6333570051739876
2017-03-06,0.7322607260726155,0.2265874586053275,0.7322607260726155
2017-03-07,3.1022831985256487,0.2377109898270022,3.1022831985256487
2017-03-08,-2.7706057596822307,0.2948202166637089,2.7706057596822307
2017-03-09,1.7362884281483024,0.2789668457873822,1.7362884281483024
2017-03-10,-0.0702740688685806,0.2733525731080828,0.0702740688685806
2017-03-13,2.843078159533854,0.2812379810410069,2.843078159533854
2017-03-14,-0.1172218423366265,0.3115432575251712,0.1172218423366265
2017-03-15,0.7139364303178523,0.3190836160162259,0.7139364303178523
2017-03-16,1.495436006991641,0.3050427507006694,1.495436006991641
2017-03-17,2.162265595101421,0.318038995187103,2.162265595101421
2017-03-20,1.8449147780483224,0.3222074290144662,1.8449147780483224
2017-03-21,-3.025287356321845,0.3133227640561553,3.025287356321845
2017-03-22,2.171439408306473,0.2553349039285338,2.171439408306473
2017-03-23,1.1322505800464029,0.2604685641027658,1.1322505800464029
2017-03-24,-3.1109479673304583,0.3027493057627911,3.1109479673304583
2017-03-27,2.576245501041863,0.2587121878779458,2.576245501041863
2017-03-28,-0.2862419205909531,0.2862499269056358,0.2862419205909531
2017-03-29,-0.3333642003889244,0.3166859396998628,0.3333642003889244
2017-03-30,1.2821703985877633,0.3285880573609854,1.2821703985877633
2017-03-31,-0.055040821942943,0.3418703234823478,0.055040821942943
2017-04-03,-5.094079853143642,0.322081605770258,5.094079853143642
2017-04-04,-3.2735009671180006,0.2671697030210067,3.2735009671180006
2017-04-05,0.2247658355929917,0.262135414169671,0.2247658355929917
2017-04-06,0.7781324820430977,0.3249170381734129,0.7781324820430977
2017-04-07,-0.6533359730746353,0.3284645177700028,0.6533359730746353
2017-04-10,-3.79633320047828,0.21686291056069,3.79633320047828
2017-04-11,1.626100466079759,0.212458185954438,1.626100466079759
2017-04-12,-1.8242967794537364,0.205170287211777,1.8242967794537364
2017-04-13,-0.3321914253088271,0.1340553560346138,0.3321914253088271
2017-04-17,2.749713571502969,0.113744067534491,2.749713571502969
2017-04-18,1.368474404460207,0.1295993681070027,1.368474404460207
2017-04-19,0.269999999999996,0.154534749380736,0.269999999999996
2017-04-20,0.568465144110908,0.1534812146780366,0.568465144110908
2017-04-21,2.102340341134461,0.1566929851170468,2.102340341134461
2017-04-24,0.5633255633255755,0.1891477552135632,0.5633255633255755
2017-04-25,1.6901680509947845,0.2018564186748171,1.6901680509947845
2017-04-26,-0.921265077405274,0.2393965287811833,0.921265077405274
2017-04-27,0.9969325153374292,0.2448600480410652,0.9969325153374292
2017-04-28,-0.5884586180713787,0.2978076643763857,0.5884586180713787
2017-05-01,0.7733435172808882,0.2616158408312598,0.7733435172808882
2017-05-02,-2.226432970156319,0.242330508993483,2.226432970156319
2017-05-03,1.2596899224806173,0.1972895536566234,1.2596899224806173
2017-05-04,-1.071770334928234,0.1821132967507093,1.071770334928234
2017-05-05,0.9286128845037802,0.1948977272009704,0.9286128845037802
2017-05-08,-1.2842629863906492,0.2288499731014066,1.2842629863906492
2017-05-09,10.961165048543696,0.1986273595719752,10.961165048543696
2017-05-10,5.039811007087226,0.3915022658369885,5.039811007087226
2017-05-11,5.481049562682214,0.3669338580878161,5.481049562682214
2017-05-12,2.313827686962021,0.3651577547228682,2.313827686962021
2017-05-15,5.2639703612225945,0.3575973241219071,5.2639703612225945
2017-05-16,-1.671799384073912,0.3504191928136225,1.671799384073912
2017-05-17,-3.4302759134973857,0.3311166960023065,3.4302759134973857
2017-05-18,5.8109652509652605,0.2988027301428931,5.8109652509652605
2017-05-19,0.5435496536403507,0.3214789250734868,0.5435496536403507
2017-05-22,1.4008855338607666,0.3189021209758236,1.4008855338607666
2017-05-23,0.9019327129563488,0.3256569771812234,0.9019327129563488
2017-05-24,-0.6810442678774177,0.402840437006363,0.6810442678774177
2017-05-25,-1.4785714285714238,0.3293812896960664,1.4785714285714238
2017-05-26,4.183281374610297,0.3629113108170108,4.183281374610297
2017-05-30,2.0807237299930477,0.417397183342112,2.0807237299930477
2017-05-31,-1.1589065375962837,0.4294686979764899,1.1589065375962837
2017-06-01,-0.5172770535899027,0.4386493303822079,0.5172770535899027
2017-06-02,-0.8735440931780499,0.418921741971238,0.8735440931780499
2017-06-05,3.3850888236116967,0.3652099138964641,3.3850888236116967
2017-06-06,0.3450142064673382,0.4176164943065602,0.3450142064673382
2017-06-07,3.4585046854985473,0.4445953397492569,3.4585046854985473
2017-06-08,7.350449628567705,0.489243009583384,7.350449628567705
2017-06-09,-11.448342843268188,0.5275639759492468,11.448342843268188
2017-06-12,5.840416780915828,0.5116119424749908,5.840416780915828
2017-06-13,-1.865284974093261,0.4905902858033008,1.865284974093261
2017-06-14,-3.009503695881733,0.4688267321442248,3.009503695881733
2017-06-15,3.9466521502449528,0.4732633324026546,3.9466521502449528
2017-06-16,0.4255040586541017,0.4794932419185272,0.4255040586541017
2017-06-19,3.6633856984551234,0.4589830763096635,3.6633856984551234
2017-06-20,-0.5156259825190173,0.5031221590189431,0.5156259825190173
2017-06-21,1.0049933632513768,0.4846567514903405,1.0049933632513768
2017-06-22,-0.7008760951189014,0.494629968892438,0.7008760951189014
2017-06-23,-2.2183009831106695,0.5060656661137439,2.2183009831106695
2017-06-26,-2.39752513534416,0.4634573528546676,2.39752513534416
2017-06-27,-1.3998943475964107,0.4200380853030644,1.3998943475964107
2017-06-28,0.8572193945888034,0.3909786491757567,0.8572193945888034
2017-06-29,-2.1381142098273567,0.3853475749479432,2.1381142098273567
2017-06-30,-1.5809472112905307,0.322951314464065,1.5809472112905307
2017-07-03,-2.171664943123065,0.3056238994345847,2.171664943123065
2017-07-05,-0.0211416490486265,0.2744770620522399,0.0211416490486265
2017-07-06,2.756044265877209,0.336496272232566,2.756044265877209
2017-07-07,2.7164220057621127,0.375841316094367,2.7164220057621127
2017-07-10,2.7447575798049852,0.4376977313597613,2.7447575798049852
2017-07-11,2.8924276893077785,0.4490338547388136,2.8924276893077785
2017-07-12,2.9690461149715657,0.4956307006737573,2.9690461149715657
2017-07-13,-1.0490797546012318,0.5435859755429909,1.0490797546012318
2017-07-14,3.124806249612512,0.5203218712610753,3.124806249612512
2017-07-17,-2.735525762039326,0.5866025802314727,2.735525762039326
2017-07-18,2.812461367288918,0.5402006037521999,2.812461367288918
2017-07-19,-0.2404857812781853,0.6115867240284958,0.2404857812781853
2017-07-20,0.4459711926715968,0.5792449100192534,0.4459711926715968
2017-07-21,1.0319793604127911,0.5575134817536359,1.0319793604127911
2017-07-24,-1.8825345923154508,0.5865044346177112,1.8825345923154508
2017-07-25,1.4889238590969665,0.5634800859527247,1.4889238590969665
2017-07-26,0.3518606870229028,0.5916412641037593,0.3518606870229028
2017-07-27,-4.742378320556259,0.6215208156987252,4.742378320556259
2017-07-28,2.900991952086846,0.540574545942263,2.900991952086846
2017-07-31,-1.706559961198006,0.5202825005422109,1.706559961198006
2017-08-01,2.2358029473517957,0.5430663094536979,2.2358029473517957
2017-08-02,-0.8325791855203593,0.5374036814286157,0.8325791855203593
2017-08-03,1.843402080671656,0.5278368684065887,1.843402080671656
2017-08-04,0.5913978494623541,0.5127349542246694,0.5913978494623541
2017-08-07,3.2662272106419623,0.5247804019662641,3.2662272106419623
2017-08-08,-3.1399160388751395,0.5468881617037222,3.1399160388751395
2017-08-09,2.2145698509766607,0.5009303097624669,2.2145698509766607
2017-08-10,-8.724442379182161,0.4836717976808472,8.724442379182161
2017-08-11,1.6100292732595147,0.3361528042410339,1.6100292732595147
2017-08-14,5.599048036575454,0.3652892345505659,5.599048036575454
2017-08-15,-0.6049463258407035,0.3801348804684958,0.6049463258407035
2017-08-16,-1.658810191538875,0.3851521137172821,1.658810191538875
2017-08-17,-0.691705600388335,0.4067305627598288,0.691705600388335
2017-08-18,-0.7209629131789446,0.3659621624860741,0.7209629131789446
2017-08-21,-1.2308449750753891,0.359706226111697,1.2308449750753891
2017-08-22,0.4423951648077634,0.345480256821313,0.4423951648077634
2017-08-23,3.660049627791567,0.3362066477683172,3.660049627791567
2017-08-24,-0.5565529622980292,0.3975770772467334,0.5565529622980292
2017-08-25,-0.9568514172233106,0.4247323336947624,0.9568514172233106
2017-08-28,-1.2091384129298877,0.4528999947859034,1.2091384129298877
2017-08-29,1.7897779691247904,0.4344937162771803,1.7897779691247904
2017-08-30,0.6042296072507553,0.4463357302650767,0.6042296072507553
2017-08-31,2.072072072072065,0.4695518529097605,2.072072072072065
2017-09-01,-0.9238011179758712,0.5319221106892467,0.9238011179758712
2017-09-05,-0.6770400285069405,0.5191450649819926,0.6770400285069405
2017-09-06,-0.4484573068643865,0.5293617206152859,0.4484573068643865
2017-09-07,-0.228241936452637,0.5140320982498306,0.228241936452637
2017-09-08,-0.3431461080007353,0.4770463262803232,0.3431461080007353
2017-09-11,2.694212879062467,0.4526243555125419,2.694212879062467
2017-09-12,-0.8294117647058803,0.4749057494261243,0.8294117647058803
2017-09-13,0.1186309982798437,0.4590307465135174,0.1186309982798437
2017-09-14,2.4112802891166667,0.4338179223982024,2.4112802891166667
2017-09-15,7.104014809672551,0.4498202740603494,7.104014809672551
2017-09-18,0.1998487630981984,0.4627892453212897,0.1998487630981984
2017-09-19,1.0727184518354855,0.4869088346599144,1.0727184518354855
2017-09-20,-3.1253333333333404,0.492703953632197,3.1253333333333404
2017-09-21,-0.7377229685091252,0.4655627482014386,0.7377229685091252
2017-09-22,-1.414309484193018,0.4596722844372656,1.414309484193018
2017-09-25,-0.7313642756680795,0.4610533028102124,0.7313642756680795
2017-09-26,-0.4703882119580528,0.4440389709395047,0.4703882119580528
2017-09-27,0.2277644915157759,0.3902648945712698,0.2277644915157759
2017-09-28,1.7384388137711635,0.3247938751252525,1.7384388137711635
2017-09-29,0.9604645968282324,0.2391013305099187,0.9604645968282324
2017-10-02,-0.8573008849557584,0.239320697586968,0.8573008849557584
2017-10-03,0.2064156206415646,0.2197137667835138,0.2064156206415646
2017-10-04,1.2470771628994597,0.1913653187235521,1.2470771628994597
2017-10-05,-1.2152204992851687,0.1934374207256057,1.2152204992851687
2017-10-06,1.7478430281102066,0.1470332640525778,1.7478430281102066
2017-10-09,4.726735598227482,0.1663064955191875,4.726735598227482
2017-10-10,-0.9559630152013856,0.2035362243176815,0.9559630152013856
2017-10-11,0.7805907172995876,0.1808045976477605,0.7805907172995876
2017-10-12,1.2926522922336188,0.1725118749439418,1.2926522922336188
2017-10-13,1.1624903125807284,0.1734978528564705,1.1624903125807284
2017-10-16,0.6588355464759919,0.192149781301705,0.6588355464759919
2017-10-17,0.5175300624080421,0.2013559343520516,0.5175300624080421
2017-10-18,-1.852506183433454,0.1855672251105816,1.852506183433454
2017-10-19,2.0829047521086257,0.127881435674192,2.0829047521086257
2017-10-20,-0.3577006398307259,0.1356578313013593,0.3577006398307259
2017-10-23,-0.399433714227926,0.1540259777064084,0.399433714227926
2017-10-24,0.0456875983552481,0.1338179281261761,0.0456875983552481
2017-10-25,-1.1670387659833628,0.1038615987486467,1.1670387659833628
2017-10-26,1.5504671937570644,0.0685760899493634,1.5504671937570644
2017-10-27,2.052578361981801,0.0875339122470293,2.052578361981801
2017-10-30,1.6199346081442492,0.1262714551438027,1.6199346081442492
2017-10-31,2.057231999220006,0.1877897541949652,2.057231999220006
2017-11-01,-1.6001910675901574,0.3125513003176505,1.6001910675901574
2017-11-02,0.5825242718446547,0.2269632853133962,0.5825242718446547
2017-11-03,0.0,0.2457412364344426,0.0
2017-11-06,1.6167953667953778,0.2836228470062536,1.6167953667953778
2017-11-07,0.6174305390643471,0.2676753612121397,0.6174305390643471
2017-11-08,-3.1059712060420033,0.2391932367694094,3.1059712060420033
2017-11-09,3.804744970039461,0.1424297113826463,3.804744970039461
2017-11-10,1.4360803454101625,0.1811425464730973,1.4360803454101625
2017-11-13,-1.4527620986397642,0.2101055266857177,1.4527620986397642
2017-11-14,-0.4929577464788786,0.2057826758560651,0.4929577464788786
2017-11-15,0.485963670677047,0.2183204272795798,0.485963670677047
2017-11-16,0.4413559958681556,0.2366447840695352,0.4413559958681556
2017-11-17,-0.9022064323111344,0.2490510972418186,0.9022064323111344
2017-11-20,1.7453653474220427,0.2199892877900209,1.7453653474220427
2017-11-21,0.6073531457183932,0.263701072298341,0.6073531457183932
2017-11-22,-0.6497695852534546,0.2875644883810085,0.6497695852534546
2017-11-24,0.7978106591214801,0.2926975969165701,0.7978106591214801
2017-11-27,-1.3621094289264222,0.2709517555629301,1.3621094289264222
2017-11-28,-2.024725915558667,0.2247010575605596,2.024725915558667
2017-11-29,-5.147373934574546,0.1814125888483092,5.147373934574546
2017-11-30,0.0552208835341433,0.1336172672372947,0.0552208835341433
2017-12-01,0.371280919171145,0.1290583232387774,0.371280919171145
2017-12-04,-8.822794301424645,0.1003321960155918,8.822794301424645
2017-12-05,1.80921052631578,0.1757273715019447,1.80921052631578
2017-12-06,3.3710285406569844,0.1522986271609817,3.3710285406569844
2017-12-07,1.0679308189205996,0.1905707366763323,1.0679308189205996
2017-12-08,-1.005102829751038,0.1623373318167189,1.005102829751038
2017-12-11,0.4373633239612639,0.1568882233437008,0.4373633239612639
2017-12-12,-0.2073613271124964,0.1555082062498258,0.2073613271124964
2017-12-13,-3.4181818181818246,0.1472608653104793,3.4181818181818246
2017-12-14,1.2538726333907186,0.1434174035233187,1.2538726333907186
2017-12-15,2.628827864045476,0.1476186037619054,2.628827864045476
2017-12-18,2.236024844720508,0.1756853535647726,2.236024844720508
2017-12-19,0.0911300121506573,0.2299447414074607,0.0911300121506573
2017-12-20,-0.3844208396560399,0.2094600426704553,0.3844208396560399
2017-12-21,-1.2897329135777351,0.2160143787070436,1.2897329135777351
2017-12-22,-0.7047325102880682,0.1874309784543169,0.7047325102880682
2017-12-26,2.0048697093716026,0.1847815046043005,2.0048697093716026
2017-12-27,0.6246825799898373,0.1964262668323677,0.6246825799898373
2017-12-28,0.1665573108565146,0.2014270530304162,0.1665573108565146
2017-12-29,-1.3503980651012832,0.1873881782160534,1.3503980651012832
2018-01-02,4.249667994687911,0.1901724160024116,4.249667994687911
2018-01-03,5.712885840274374,0.2238656576101906,5.712885840274374
2018-01-04,-0.7276603633667006,0.3398951277266825,0.7276603633667006
2018-01-05,2.8992950184415744,0.3161861249043811,2.8992950184415744
2018-01-08,0.8257713248638807,0.2752738621893721,0.8257713248638807
2018-01-09,-1.8090180901809063,0.2932821733309523,1.8090180901809063
2018-01-10,3.116406966086165,0.3048517102507632,3.116406966086165
2018-01-11,-0.6222222222222248,0.3396149315245694,0.6222222222222248
2018-01-12,0.2012522361359646,0.3461789172234979,0.2012522361359646
2018-01-16,-1.4952019638473657,0.3652284254562843,1.4952019638473657
2018-01-17,1.4680561848663385,0.3471721131844836,1.4680561848663385
2018-01-18,1.8531749575779253,0.315699221860637,1.8531749575779253
2018-01-19,1.025910824674472,0.339066507186899,1.025910824674472
2018-01-22,2.352124289372038,0.3610429619736366,2.352124289372038
2018-01-23,1.35255458978164,0.3968853106883359,1.35255458978164
2018-01-24,-0.4350736278447089,0.4019194165609339,0.4350736278447089
2018-01-25,0.0504201680672288,0.389497125453911,0.0504201680672288
2018-01-26,1.940198219385186,0.3752097978025774,1.940198219385186
2018-01-29,-0.671500370767074,0.4133899849528035,0.671500370767074
2018-01-30,1.9327278005889412,0.4171642590148458,1.9327278005889412
2018-01-31,-2.9499125198356184,0.44864899819605,2.9499125198356184
2018-02-01,-0.637263122589305,0.3880921105169533,0.637263122589305
2018-02-02,-4.219409282700422,0.3775504582851636,4.219409282700422
2018-02-05,-9.955947136563877,0.3107686371573949,9.955947136563877
2018-02-06,12.318982387475542,0.3596941336474185,12.318982387475542
2018-02-07,1.872985451694391,0.3694922755259013,1.872985451694391
2018-02-08,1.8684795621686352,0.3958001988159995,1.8684795621686352
2018-02-09,-1.215026232948585,0.3174916952342884,1.215026232948585
2018-02-12,-3.7369898774278174,0.3249653212067557,3.7369898774278174
2018-02-13,1.9597457627118633,0.3250836080913766,1.9597457627118633
2018-02-14,5.967619047619049,0.3500849376844289,5.967619047619049
2018-02-15,0.2511589752975272,0.387553428085805,0.2511589752975272
2018-02-16,-0.2648736756316242,0.4183039736247855,0.2648736756316242
2018-02-20,2.8355464759959133,0.4433599199054887,2.8355464759959133
2018-02-21,-3.5599348404783693,0.4725357769202767,3.5599348404783693
2018-02-22,0.758043917109547,0.4460154069964209,0.758043917109547
2018-02-23,1.3206852843766683,0.4246888165700839,1.3206852843766683
2018-02-26,-0.9281678773204244,0.4240154861893763,0.9281678773204244
2018-02-27,0.4073319755600815,0.4335121393673223,0.4073319755600815
2018-02-28,-1.8620689655172429,0.4307993299305855,1.8620689655172429
2018-03-01,-5.8079451035508995,0.4016290353376625,5.8079451035508995
2018-03-02,2.9184587027121816,0.4119071289800306,2.9184587027121816
2018-03-05,1.9572726109760792,0.4151528764980509,1.9572726109760792
2018-03-06,-0.4600585529067312,0.3712296212213724,0.4600585529067312
2018-03-07,2.0798319327731045,0.3946387483815881,2.0798319327731045
2018-03-08,0.0617410989915643,0.3895179872173243,0.0617410989915643
2018-03-09,1.6042780748663126,0.3709860844795457,1.6042780748663126
2018-03-12,1.81781376518219,0.3703422181742924,1.81781376518219
2018-03-13,-0.8111654538947952,0.3890011067296436,0.8111654538947952
2018-03-14,-0.0641411104429731,0.3884441788096731,0.0641411104429731
2018-03-15,0.2848088571543214,0.4187442080190557,0.2848088571543214
2018-03-16,-0.7279999999999973,0.3877617408892427,0.7279999999999973
2018-03-19,-2.8447094850511734,0.3851117285033787,2.8447094850511734
2018-03-20,3.400796284007958,0.3619364632635203,3.400796284007958
2018-03-21,-1.33162201187229,0.3853308288792655,1.33162201187229
2018-03-22,-1.4634146341463392,0.3956679011415117,1.4634146341463392
2018-03-23,-1.8151815181518176,0.3580049110423011,1.8151815181518176
2018-03-26,4.0966386554621845,0.3132956851472473,4.0966386554621845
2018-03-27,-9.533804238143292,0.3387991450273368,9.533804238143292
2018-03-28,-0.0110650069156288,0.2545710721428762,0.0110650069156288
2018-03-29,2.0681358576240143,0.2743611855159382,2.0681358576240143
2018-04-02,-0.4109469266416008,0.1177339395624578,0.4109469266416008
2018-04-03,-5.614574187884117,0.1152188079185618,5.614574187884117
2018-04-04,6.320636249476771,0.0425557013963941,6.320636249476771
2018-04-05,-4.973753280839897,0.2860570406641246,4.973753280839897
2018-04-06,-0.1979468765824142,0.3190544646744647,0.1979468765824142
2018-04-09,3.653136531365308,0.2753136343175389,3.653136531365308
2018-04-10,1.1525453898184423,0.2705228668677388,1.1525453898184423
2018-04-11,1.1834059214288846,0.3049487000007177,1.1834059214288846
2018-04-12,3.1173913043478207,0.1386392023449586,3.1173913043478207
2018-04-13,-2.27600455369566,0.1610138163447816,2.27600455369566
2018-04-16,0.7887061422432403,0.1463692788970944,0.7887061422432403
2018-04-17,0.8133561643835641,0.1469313752419659,0.8133561643835641
2018-04-18,-1.594394904458594,0.138093079868934,1.594394904458594
2018-04-19,-1.31834445761984,0.1164939616227606,1.31834445761984
2018-04-20,0.3235821417639639,0.1021582924707796,0.3235821417639639
2018-04-23,-1.9657411846750728,0.0969519902712847,1.9657411846750728
2018-04-24,-2.187444424684327,0.0928028936267246,2.187444424684327
2018-04-25,1.4545454545454497,0.1891518636778562,1.4545454545454497
2018-04-26,2.8225806451612954,0.1222049202636364,2.8225806451612954
2018-04-27,-1.093681917211325,0.1473051397819464,1.093681917211325
2018-04-30,-1.0661262610687765,0.2984897232005885,1.0661262610687765
2018-05-01,1.0820679520862122,0.3141082760211342,1.0820679520862122
2018-05-02,0.2643171806167376,0.3061485156759069,0.2643171806167376
2018-05-03,1.858523725834806,0.2876226016833073,1.858523725834806
2018-05-04,4.945520424448942,0.3064269461361896,4.945520424448942
2018-05-07,2.2173885880198227,0.3348688451122809,2.2173885880198227
2018-05-08,1.0133097430536049,0.3395640630321854,1.0133097430536049
2018-05-09,2.671072011464515,0.3870460603815485,2.671072011464515
2018-05-10,-1.9928660049627849,0.4497987320924387,1.9928660049627849
2018-05-11,1.3015270195426822,0.4197287451200443,1.3015270195426822
2018-05-14,-1.2808997539735234,0.3929375894480949,1.2808997539735234
2018-05-15,-3.4771945092764716,0.3561617056222285,3.4771945092764716
2018-05-16,0.854098360655739,0.3414073319316681,0.854098360655739
2018-05-17,1.514117130735846,0.3431081576709334,1.514117130735846
2018-05-18,0.0280212961850979,0.3853721811007457,0.0280212961850979
2018-05-21,-2.040979670241714,0.392896992365822,2.040979670241714
2018-05-22,-1.83838548901054,0.3364863682899662,1.83838548901054
2018-05-23,2.959047777592802,0.3062872487823286,2.959047777592802
2018-05-24,0.3274182464933919,0.3409423838230261,0.3274182464933919
2018-05-25,0.1410153102336916,0.3320951483881006,0.1410153102336916
2018-05-29,0.5632669483001317,0.332404040654296,0.5632669483001317
2018-05-30,0.7001400280056012,0.2936993793856323,0.7001400280056012
2018-05-31,0.9137862534763652,0.297520751873908,0.9137862534763652
2018-06-01,1.968503937007874,0.2888844766544648,1.968503937007874
2018-06-04,2.308880308880316,0.3354805836226324,2.308880308880316
2018-06-05,-1.3397237527360597,0.3635522455867112,1.3397237527360597
2018-06-06,1.3655663083808258,0.3290990586515626,1.3655663083808258
2018-06-07,-1.901886792452838,0.3391378571760386,1.901886792452838
2018-06-08,0.6962609632251124,0.3296160751736315,0.6962609632251124
2018-06-11,-0.0305611796615288,0.3295073047994036,0.0305611796615288
2018-06-12,0.3630249531888833,0.3124169673773123,0.3630249531888833
2018-06-13,0.6015839171489648,0.2943980152722919,0.6015839171489648
2018-06-14,0.1438195443191262,0.2889604187146586,0.1438195443191262
2018-06-15,-0.423280423280425,0.275971917118478,0.423280423280425
2018-06-18,-0.9716107484439056,0.2612371396384476,0.9716107484439056
2018-06-19,0.3495324237314033,0.2485498006643707,0.3495324237314033
2018-06-20,0.675242139998178,0.1514215360609883,0.675242139998178
2018-06-21,-2.143399089529603,0.1552620602638278,2.143399089529603
2018-06-22,-4.380693932932732,0.1114389349892335,4.380693932932732
2018-06-25,-1.1960267585647748,0.1097316223001982,1.1960267585647748
2018-06-26,0.020517029134186,0.1002339517455386,0.020517029134186
2018-06-27,-3.458461538461542,0.0877813135116914,3.458461538461542
2018-06-28,3.471868094509611,0.0588975403567296,3.471868094509611
2018-06-29,-3.860528153106906,0.1120167433274965,3.860528153106906
2018-07-02,4.079627493698998,0.0668999833395812,4.079627493698998
2018-07-03,-1.8757182728615964,0.068213179214206,1.8757182728615964
2018-07-05,1.1168277073660502,0.0622590560139523,1.1168277073660502
2018-07-06,3.5532390171258337,0.0685324178389968,3.5532390171258337
2018-07-09,-0.2315347445927286,0.1009809505880909,0.2315347445927286
2018-07-10,-0.1001001001001001,0.1140428244821854,0.1001001001001001
2018-07-11,-0.0561122244488923,0.089241542206473,0.0561122244488923
2018-07-12,1.0506897658004395,0.0832145758900387,1.0506897658004395
2018-07-13,-1.5001190570680218,0.0928439790176179,1.5001190570680218
2018-07-16,-0.8017727639000728,0.0581063840221725,0.8017727639000728
2018-07-17,2.916209739653133,0.0749561331888738,2.916209739653133
2018-07-18,-0.9668889853585336,0.1157726185557139,0.9668889853585336
2018-07-19,0.3945166175181354,0.1112976391045024,0.3945166175181354
2018-07-20,-0.8375342357003983,0.1165920274382087,0.8375342357003983
2018-07-23,0.6124409574893929,0.1035943089508746,0.6124409574893929
2018-07-24,-0.8991446190570881,0.0968014146395032,0.8991446190570881
2018-07-25,0.7908787988277325,0.1278700949297497,0.7908787988277325
2018-07-26,2.095116705170075,0.1147110474198346,2.095116705170075
2018-07-27,-1.4552122347066128,0.1254377998581227,1.4552122347066128
2018-07-30,-3.5155786056455107,0.1075144138314773,3.5155786056455107
2018-07-31,0.9929834639530538,0.0700859675229072,0.9929834639530538
2018-08-01,-1.031974972575465,0.0578242928332901,1.031974972575465
2018-08-02,3.29241758692886,0.0360768887345934,3.29241758692886
2018-08-03,-0.0079488096657566,0.0643326608747604,0.0079488096657566
2018-08-06,1.7528518621566822,0.0796341278205428,1.7528518621566822
2018-08-07,0.390625,0.0982955795897298,0.390625
2018-08-08,0.8326848249027184,0.1114149896340698,0.8326848249027184
2018-08-09,-2.3114918576830985,0.1282145319191498,2.3114918576830985
2018-08-10,0.7860952004740196,0.0921432468146949,0.7860952004740196
2018-08-13,2.0537743983695265,0.0809315767227684,2.0537743983695265
2018-08-14,0.7258622013979517,0.1048610373179059,0.7258622013979517
2018-08-15,-0.1410759903915829,0.1342966076919063,0.1410759903915829
2018-08-16,-3.421153111874754,0.1427743347267873,3.421153111874754
2018-08-17,-3.85862259824464,0.1076362923042022,3.85862259824464
2018-08-20,2.187679907887159,0.1097937911457911,2.187679907887159
2018-08-21,1.408450704225352,0.1096174243404606,1.408450704225352
2018-08-22,3.674603174603171,0.1220205130942129,3.674603174603171
2018-08-23,2.2659419735129815,0.1539894659340795,2.2659419735129815
2018-08-24,2.335504154502586,0.2063086472152616,2.335504154502586
2018-08-27,0.8192524321556612,0.1806429640564544,0.8192524321556612
2018-08-28,-0.6312123630559417,0.2565789010550502,0.6312123630559417
2018-08-29,1.208382009345795,0.2614238270875164,1.208382009345795
2018-08-30,-0.0829636042275432,0.2374700046134889,0.0829636042275432
2018-08-31,1.1371841155234574,0.2243845418950898,1.1371841155234574
2018-09-04,1.0137426378725798,0.2230888300054556,1.0137426378725798
2018-09-05,-1.848121841761199,0.1886083510697015,1.848121841761199
2018-09-06,-3.1538018433179693,0.1908919955232679,3.1538018433179693
2018-09-07,1.401486988847577,0.1790276685748486,1.401486988847577
2018-09-10,0.0329948308098514,0.1816631060369314,0.0329948308098514
2018-09-11,-0.6120354760683192,0.2011684248324635,0.6120354760683192
2018-09-12,-0.1216859028725189,0.2083039253260893,0.1216859028725189
2018-09-13,1.5247729454330632,0.2086645632098843,1.5247729454330632
2018-09-14,0.1498236299501719,0.238499524633186,0.1498236299501719
2018-09-17,-0.4763945069389517,0.2666259302997257,0.4763945069389517
2018-09-18,-1.3925352986245398,0.2463156490459987,1.3925352986245398
2018-09-19,-1.1925710725295602,0.2007667735814582,1.1925710725295602
2018-09-20,-0.1085938962741136,0.2011163162762662,0.1085938962741136
2018-09-21,-1.7094017094017102,0.1771062728019675,1.7094017094017102
2018-09-24,2.353165522501913,0.1347676588729698,2.353165522501913
2018-09-25,0.0894287737079439,0.1498726415836118,0.0894287737079439
2018-09-26,-0.1005174788727294,0.152823116747814,0.1005174788727294
2018-09-27,1.635984199150348,0.1350490013871329,1.635984199150348
2018-09-28,4.190958090419098,0.1381194674285562,4.190958090419098
2018-10-01,1.439329954954946,0.1582448760009842,1.439329954954946
2018-10-02,0.3712055507372049,0.1412843565107077,0.3712055507372049
2018-10-03,-1.3998340937370426,0.1849217426164147,1.3998340937370426
2018-10-04,-2.446804781435118,0.1496174182335585,2.446804781435118
2018-10-05,-4.23658773222179,0.1405166940386058,4.23658773222179
2018-10-08,-0.5853658536585374,0.1672358772998002,0.5853658536585374
2018-10-09,-1.3889937344304395,0.1505857601544307,1.3889937344304395
2018-10-10,-7.30689734364235,0.116092124955365,7.30689734364235
2018-10-11,1.3778750464549745,0.1384123414270106,1.3778750464549745
2018-10-12,0.2008905659639576,0.1506027550307503,0.2008905659639576
2018-10-15,-2.467479674796745,0.1680922696874471,2.467479674796745
2018-10-16,3.505189013462258,0.1207811716726358,3.505189013462258
2018-10-17,-0.9986309092373318,0.1287737392379516,0.9986309092373318
2018-10-18,-1.667615716261296,0.1158094692867436,1.667615716261296
2018-10-19,-4.3348775645268,0.0912918654284152,4.3348775645268
2018-10-22,-4.6912832929782065,0.0491278120483713,4.6912832929782065
2018-10-23,-0.4173660572517425,0.0400211303278602,0.4173660572517425
2018-10-24,-10.951665072206271,-0.0043299297740878,10.951665072206271
2018-10-25,1.4529083746866545,-0.0006500499983154,1.4529083746866545
2018-10-26,2.8642025112198106,0.0115393461230126,2.8642025112198106
2018-10-29,-8.54943869797539,-0.0133286420921094,8.54943869797539
2018-10-30,12.382739212007502,0.0189615654471777,12.382739212007502
2018-10-31,1.2640114476508493,0.0307661422991123,1.2640114476508493
2018-11-01,2.557701365991511,0.0241226190165035,2.557701365991511
2018-11-02,-1.5340100124006817,0.0153149674789875,1.5340100124006817
2018-11-05,-1.3713326181258445,0.0047340126605681,1.3713326181258445
2018-11-06,1.08772759517617,0.007193900552191,1.08772759517617
2018-11-07,-1.0994152046783598,0.0268385399286672,1.0994152046783598
2018-11-08,-4.257332071901608,0.0589830310796246,4.257332071901608
2018-11-09,-0.2075098814229327,0.0260662668636716,0.2075098814229327
2018-11-12,-4.2033864739082984,0.0318886398311892,4.2033864739082984
2018-11-13,6.620497183316968,0.0196607251163488,6.620497183316968
2018-11-14,-4.532234609791576,0.0778873581320094,4.532234609791576
2018-11-15,-17.075399847677073,0.0795227469936196,17.075399847677073
2018-11-16,-0.936811168258634,0.1109770831687345,0.936811168258634
2018-11-19,-17.139501823351253,0.1309299819745108,17.139501823351253
2018-11-20,15.33641652991198,0.1021743096313821,15.33641652991198
2018-11-21,-7.314707023670937,0.161931174342672,7.314707023670937
2018-11-23,4.591445118972845,0.1080829781998559,4.591445118972845
2018-11-26,1.4076989792514605,0.1336344953186521,1.4076989792514605
2018-11-27,4.263157894736835,0.1325867849408943,4.263157894736835
2018-11-28,0.95911155981828,0.069975565322822,0.95911155981828
2018-11-29,-1.40625,0.0913753543552198,1.40625
2018-11-30,9.413629160063389,0.1078235113688526,9.413629160063389
2018-12-03,-2.5260718424101887,0.0698429829553889,2.5260718424101887
2018-12-04,-9.985734664764628,0.0604655738220308,9.985734664764628
2018-12-06,4.63549920760698,0.0462541308993785,4.63549920760698
2018-12-07,-7.989397955319952,0.0660731259607729,7.989397955319952
2018-12-10,6.694101508916317,-0.0139915026923037,6.694101508916317
2018-12-11,-4.589868860889698,0.0161269027394871,4.589868860889698
2018-12-12,1.596819835601674,0.0007445670027095,1.596819835601674
2018-12-13,-2.374162742887449,0.0226003152925333,2.374162742887449
2018-12-14,-1.3382243054140337,0.0130053942496097,1.3382243054140337
2018-12-17,0.0757367116496731,0.029557546054164,0.0757367116496731
2018-12-18,0.1582387340901398,0.0240703671302012,0.1582387340901398
2018-12-19,-5.089984888034087,0.0005267852397978,5.089984888034087
2018-12-20,-1.4474922197293192,-0.0323693109690492,1.4474922197293192
2018-12-21,-7.108761107439226,0.0352869863246414,7.108761107439226
2018-12-24,1.9369120088544571,-0.0061682689713234,1.9369120088544571
2018-12-26,1.5898867690398724,-0.0045889689371808,1.5898867690398724
2018-12-27,0.7710512252843659,-0.0642756061271962,0.7710512252843659
2018-12-28,2.57575757575758,-0.0704169726272753,2.57575757575758
2018-12-31,-3.515509601181698,-0.0907052663605261,3.515509601181698
2019-01-02,2.4112063686466674,-0.1240682023905841,2.4112063686466674
2019-01-03,-2.130204051124893,-0.1191085836652648,2.130204051124893
2019-01-04,5.773636780204676,-0.0943508807606699,5.773636780204676
2019-01-07,5.91335740072202,-0.0532386640533019,5.91335740072202
2019-01-08,-3.2653895971095452,-0.0635410052250435,3.2653895971095452
2019-01-09,-0.0704721634954153,-0.0694794692612047,0.0704721634954153
2019-01-10,1.7842031029619188,-0.0507485439915624,1.7842031029619188
2019-01-11,1.655927388623284,0.0101011164609849,1.655927388623284
2019-01-14,3.4351145038167883,0.1224896607184008,3.4351145038167883
2019-01-15,-0.5205587770163363,0.1147744371744699,0.5205587770163363
2019-01-16,-2.2918460621315546,0.094774622913397,2.2918460621315546
2019-01-17,4.216663277065961,0.0213994961143998,4.216663277065961
2019-01-18,1.28797241917649,0.0069505475395776,1.28797241917649
2019-01-22,-3.024853895061337,-0.0360931529044005,3.024853895061337
2019-01-23,1.1258278145695289,-0.0923339439147307,1.1258278145695289
2019-01-24,1.7943680419122523,-0.0705138542539517,1.7943680419122523
2019-01-25,-12.15259907359752,-0.0755447353262096,12.15259907359752
2019-01-28,-0.2929329915781806,-0.445389579448226,0.2929329915781806
2019-01-29,-1.0870363569592494,-0.4946607473604014,1.0870363569592494
2019-01-30,1.9232197222841043,-0.548561060227584,1.9232197222841043
2019-01-31,5.274661226868723,-0.5095034116212924,5.274661226868723
2019-02-01,0.6020761245674772,-0.3907379097182715,0.6020761245674772
2019-02-04,2.9510903212492203,-0.437460631235828,2.9510903212492203
2019-02-05,1.0891353735132938,-0.4260330281837552,1.0891353735132938
2019-02-06,-0.1070791195716875,-0.3947557721967304,0.1070791195716875
2019-02-07,-4.246731247684068,-0.3807278740249127,4.246731247684068
2019-02-08,1.160942574804767,-0.4715234658906015,1.160942574804767
2019-02-11,1.0998018990368288,-0.4656008072598683,1.0998018990368288
2019-02-12,2.9459459459459554,-0.4383108050728549,2.9459459459459554
2019-02-13,0.315043318456281,-0.3708860139352647,0.315043318456281
2019-02-14,6.6147605338916415,-0.3379304569066829,6.6147605338916415
2019-02-15,-3.706658484197602,-0.2674854093536259,3.706658484197602
2019-02-19,0.5799502899751429,-0.2720222924049799,0.5799502899751429
2019-02-20,0.7857052338106761,-0.3067514345850502,0.7857052338106761
2019-02-21,-0.754432289701992,-0.301681569282876,0.754432289701992
2019-02-22,2.977321677435695,-0.3140795656401655,2.977321677435695
2019-02-25,-2.4975393700787416,-0.2990857860405967,2.4975393700787416
2019-02-26,-1.2492113564668703,-0.3761987200864117,1.2492113564668703
2019-02-27,-0.971121901354466,-0.4102422679206232,0.971121901354466
2019-02-28,0.8193548387096841,-0.4207424778749618,0.8193548387096841
2019-03-01,1.1070582965380364,-0.3827565675976513,1.1070582965380364
2019-03-04,-1.1708860759493636,-0.3274690016342756,1.1708860759493636
2019-03-05,0.0064040986231129,-0.2933492560524802,0.0064040986231129
2019-03-06,-3.2402663934426243,-0.2702480538178417,3.2402663934426243
2019-03-07,-3.6002647253474507,-0.2808642272548448,3.6002647253474507
2019-03-08,4.071124536592069,-0.2561345345905546,4.071124536592069
2019-03-11,7.038722870901766,-0.2250600724319624,7.038722870901766
2019-03-12,1.09084185874523,-0.1700134909677722,1.09084185874523
2019-03-13,3.023837102968974,-0.1365980808232866,3.023837102968974
2019-03-14,-1.0000591750991168,-0.1255043943540814,1.0000591750991168
2019-03-15,2.259414225941423,-0.0973891332426012,2.259414225941423
2019-03-18,0.981996726677565,-0.0447204917044226,0.981996726677565
2019-03-19,2.384811298911788,-0.0034255145915846,2.384811298911788
2019-03-20,-0.8763003165988145,0.0496919447339657,0.8763003165988145
2019-03-21,4.283351394513198,0.0881323537713539,4.283351394513198
2019-03-22,-3.817545394880765,0.1832831235818504,3.817545394880765
2019-03-25,2.0636870237689053,0.1631809888787793,2.0636870237689053
2019-03-26,-0.8854014614806937,0.1938552577061894,0.8854014614806937
2019-03-27,-0.1967397414277652,0.2065914436244004,0.1967397414277652
2019-03-28,1.346099690228097,0.1289031071913821,1.346099690228097
2019-03-29,1.8450594642658624,0.1359889482132779,1.8450594642658624
2019-04-01,-0.0054567281457988,0.1541637788706643,0.0054567281457988
2019-04-02,0.9549795361527968,0.3428928552739912,0.9549795361527968
2019-04-03,1.6216216216216215,0.3833196713760381,1.6216216216216215
2019-04-04,1.0638297872340423,0.4336725620817751,1.0638297872340423
2019-04-05,-0.1473684210526321,0.4745965206810261,0.1473684210526321
2019-04-08,0.3795066413662233,0.4796920499032179,0.3795066413662233
2019-04-09,-0.6353707204368872,0.4936797320544061,0.6353707204368872
2019-04-10,1.5695185752787608,0.4747585340956592,1.5695185752787608
2019-04-11,0.4682622268470373,0.508721780683316,0.4682622268470373
2019-04-12,-1.7607457276022815,0.5240613224978415,1.7607457276022815
2019-04-15,-1.802846599894564,0.4531221964075719,1.802846599894564
2019-04-16,1.7929997852694886,0.387322924066988,1.7929997852694886
2019-04-17,-1.0863832929015935,0.4525232506609908,1.0863832929015935
2019-04-18,-1.178289613990194,0.361216923784695,1.178289613990194
2019-04-22,1.9692473698408448,0.3508106047190927,1.9692473698408448
2019-04-23,1.1058201058201076,0.3717123506552202,1.1058201058201076
2019-04-24,-0.8059029776545041,0.3895081862059963,0.8059029776545041
2019-04-25,-4.663677130044845,0.3524003376500028,4.663677130044845
2019-04-26,-1.272757456698584,0.2337569126145383,1.272757456698584
2019-04-29,-0.2129925452609133,0.2081515416909368,0.2129925452609133
2019-04-30,2.8534516654496502,0.1664394139730751,2.8534516654496502
2019-05-01,-1.2287695920484951,0.2353126014320304,1.2287695920484951
2019-05-02,1.476279995576682,0.2415605718686532,1.476279995576682
2019-05-03,-4.375306489402278,0.247914693315401,4.375306489402278
2019-05-06,1.3675213675213709,0.209391779768628,1.3675213675213709
2019-05-07,-3.316469926925242,0.1933755141956434,3.316469926925242
2019-05-08,-0.5000000000000079,0.1752869833099272,0.5000000000000079
2019-05-09,-1.279654084375364,0.1522186420484874,1.279654084375364
2019-05-10,-3.225806451612897,0.143156420932293,3.225806451612897
2019-05-13,-2.110091743119259,0.0970073964087794,2.110091743119259
2019-05-14,-0.1562011871290221,0.0518118037953351,0.1562011871290221
2019-05-15,-0.2753441802252802,0.0329032291722736,0.2753441802252802
2019-05-16,-0.5396586345381611,0.0617450947097495,0.5396586345381611
2019-05-17,-3.753943217665608,0.0436382086182787,3.753943217665608
2019-05-20,1.0816125860373498,0.0876895688026039,1.0816125860373498
2019-05-21,-0.4539559014267112,0.0733887607717318,0.4539559014267112
2019-05-22,-2.4820846905537475,0.0355839817695081,2.4820846905537475
2019-05-23,-1.0755561493753658,-0.0269094150354206,1.0755561493753658
2019-05-24,-1.4991896272285243,-0.0748948800246625,1.4991896272285243
2019-05-28,-3.050870697929533,-0.0872697549389902,3.050870697929533
2019-05-29,-0.7778799236263307,-0.1591733532984852,0.7778799236263307
2019-05-30,-2.259283016178473,-0.18522428458536,2.259283016178473
2019-05-31,-0.8968936852851027,-0.2254375540703367,0.8968936852851027
2019-06-03,0.3311014642042654,-0.2390033437563259,0.3311014642042654
2019-06-04,7.0475212672337815,-0.2205643891147416,7.0475212672337815
2019-06-05,-3.096526683565123,-0.0199997575598384,3.096526683565123
2019-06-06,1.816896429833879,-0.0703681324929171,1.816896429833879
2019-06-07,2.5968615470073466,-0.0586529044631123,2.5968615470073466
2019-06-10,2.084461288576078,-0.0407359396135341,2.084461288576078
2019-06-11,-1.2198355873773556,-0.0114683809252866,1.2198355873773556
2019-06-12,-1.2818791946308703,-0.0177216417983625,1.2818791946308703
2019-06-13,-1.7540281460330494,-0.0553433725573037,1.7540281460330494
2019-06-14,0.0415196180195158,-0.0826543943998322,0.0415196180195158
2019-06-17,2.0266998685757813,-0.0694509472767554,2.0266998685757813
2019-06-18,4.610169491525432,-0.044753046779974,4.610169491525432
2019-06-19,1.6007777057679835,0.0220638959419879,1.6007777057679835
2019-06-20,-2.085858263698418,0.1612816227908166,2.085858263698418
2019-06-21,-0.5732899022801273,0.1143178545216396,0.5732899022801273
2019-06-24,0.1572533088717134,0.1066576376422595,0.1572533088717134
2019-06-25,2.4532251733612456,0.0843868984660044,2.4532251733612456
2019-06-26,3.895025860417594,0.0995850764674134,3.895025860417594
2019-06-27,1.4074119599287025,0.1288267950249323,1.4074119599287025
2019-06-28,4.5878787878787834,0.1139135132669252,4.5878787878787834
2019-07-01,-4.0968882192733345,0.1510040809064127,4.0968882192733345
2019-07-02,-1.4078549848942674,0.1038571624400711,1.4078549848942674
2019-07-03,-1.697615983330258,0.1399197627611611,1.697615983330258
2019-07-05,-1.6022443890274272,0.1092665110087632,1.6022443890274272
2019-07-08,-1.4699360070962564,0.0688105107195046,1.4699360070962564
2019-07-09,2.2828113947656172,0.0295146806363335,2.2828113947656172
2019-07-10,2.4770526845215626,0.0304653130731364,2.4770526845215626
2019-07-11,2.699386503067488,-0.0163102777467198,2.699386503067488
2019-07-12,0.633213859020312,0.0509252363388226,0.633213859020312
2019-07-15,-1.062566781431806,0.0553051567796978,1.062566781431806
2019-07-16,0.2879942401152086,0.0356204033397534,0.2879942401152086
2019-07-17,1.779958121447802,0.0381609706657308,1.779958121447802
2019-07-18,0.9374272594536212,0.0271948399782075,0.9374272594536212
2019-07-19,-1.4092709061262447,0.0668082239162463,1.4092709061262447
2019-07-22,2.126402835203777,0.0660516901642185,2.126402835203777
2019-07-23,2.6026604973973395,0.1003790922297881,2.6026604973973395
2019-07-24,-0.2311161217587354,0.1189418045719607,0.2311161217587354
2019-07-25,-1.4238092547601615,0.1250641425752559,1.4238092547601615
2019-07-26,0.1776809766722085,0.1154081520579609,0.1776809766722085
2019-07-29,-1.0470305526948236,0.1129072162792312,1.0470305526948236
2019-07-30,0.7111882046834451,0.1234279955345197,0.7111882046834451
2019-07-31,-2.893558387874624,0.1574756236002318,2.893558387874624
2019-08-01,-4.7002483150053145,0.1023610623350293,4.7002483150053145
2019-08-02,-4.584651653328362,0.0181496644418803,4.584651653328362
2019-08-05,0.0,-0.0230203450813154,0.0
2019-08-06,-2.535760728218469,-0.0602319255611552,2.535760728218469
2019-08-07,4.209472981987993,-0.0786800949825991,4.209472981987993
2019-08-08,0.2560655527815157,-0.0562732134314059,0.2560655527815157
2019-08-09,-2.8925355979822496,-0.063715036324166,2.8925355979822496
2019-08-12,-0.4537085744345253,-0.1205900806330723,0.4537085744345253
2019-08-13,0.7355835920470438,-0.1215584357822376,0.7355835920470438
2019-08-14,-1.0974167167201254,-0.1609808084215609,1.0974167167201254
2019-08-15,5.648743618643493,-0.1034283694675433,5.648743618643493
2019-08-16,2.9934107310950804,-0.0994701069246053,2.9934107310950804
2019-08-19,3.923958079454057,-0.0648813708538455,3.923958079454057
2019-08-20,-0.0175891181988749,-0.0413507381152476,0.0175891181988749
2019-08-21,0.6391837213393557,-0.0582746968275257,0.6391837213393557
2019-08-22,-1.8762382006759113,-0.0777391383724243,1.8762382006759113
2019-08-23,-1.65676959619952,-0.0890712268945428,1.65676959619952
2019-08-26,0.8332830143107273,-0.1141431904123357,0.8332830143107273
2019-08-27,-3.8385532067788466,-0.1281220574329647,3.8385532067788466
2019-08-28,2.6902478515381696,-0.1818889393461126,2.6902478515381696
2019-08-29,2.4014554275318423,-0.1571199945405872,2.4014554275318423
2019-08-30,-2.5346440838564495,-0.1403825241474427,2.5346440838564495
2019-09-03,1.233442702637016,-0.1504304498433541,1.233442702637016
2019-09-04,3.7543964948082182,-0.1565344352307423,3.7543964948082182
2019-09-05,3.4331953452748296,-0.1350832597602276,3.4331953452748296
2019-09-06,0.6152125279642026,-0.0840453548519674,0.6152125279642026
2019-09-09,-0.4002223457476369,-0.0496877359241397,0.4002223457476369
2019-09-10,2.561669829222013,-0.0650610010636858,2.561669829222013
2019-09-11,1.3223050552320716,-0.0238229885372719,1.3223050552320716
2019-09-12,-2.4758324382384456,0.0146295147787084,2.4758324382384456
2019-09-13,-1.4703452833305886,-0.0117393995968355,1.4703452833305886
2019-09-16,0.8718980549966479,-0.0370012978290601,0.8718980549966479
2019-09-17,0.1717641843971644,-0.0182860959250395,0.1717641843971644
2019-09-18,-0.315282924940535,0.016321261812809,0.315282924940535
2019-09-19,-1.8421928753745385,0.0324455871695066,1.8421928753745385
2019-09-20,-2.3742227247032317,0.0214957890202454,2.3742227247032317
2019-09-23,1.9687319050376408,-0.0311468629592765,1.9687319050376408
2019-09-24,-2.0386144236229433,0.0015507270012491,2.0386144236229433
2019-09-25,3.089675960813873,-0.0521202333707081,3.089675960813873
2019-09-26,-1.2258209626630718,0.0280144744594343,1.2258209626630718
2019-09-27,-1.628145280655804,0.0043556772864262,1.628145280655804
2019-09-30,1.2731481481481417,0.0202651431906976,1.2731481481481417
2019-10-01,-1.0742857142857116,0.0395858375528276,1.0742857142857116
2019-10-02,0.057763401109054,0.040745736497018,0.057763401109054
2019-10-03,4.722318438979337,0.0720669986619168,4.722318438979337
2019-10-04,1.7530319735391438,0.1493118671872422,1.7530319735391438
2019-10-07,-2.1345757936938052,0.1714267527609633,2.1345757936938052
2019-10-08,-0.1771479185119537,0.1508526624204405,0.1771479185119537
2019-10-09,0.1663708961845671,0.1540032524175345,0.1663708961845671
2019-10-10,3.2056250692060635,0.1948478724164049,3.2056250692060635
2019-10-11,-0.4130679684566333,0.2180297973489557,0.4130679684566333
2019-10-14,2.434820081878911,0.2208340129395632,2.434820081878911
2019-10-15,2.545225073622215,0.2722603329993662,2.545225073622215
2019-10-16,0.5128205128205128,0.3166241494789539,0.5128205128205128
2019-10-17,-0.8622448979591825,0.3361010639908524,0.8622448979591825
2019-10-18,-0.6947660954145408,0.3467607795797838,0.6947660954145408
2019-10-21,2.7674129353233847,0.3420627421918812,2.7674129353233847
2019-10-22,-3.0206757438224954,0.393310825010864,3.0206757438224954
2019-10-23,2.308772294732462,0.3580751888530966,2.308772294732462
2019-10-24,1.7026683608640378,0.4098413272161232,1.7026683608640378
2019-10-25,3.098450774612702,0.340024049892812,3.098450774612702
2019-10-28,-0.0339311682016585,0.4096317272101412,0.0339311682016585
2019-10-29,-1.0813169761916257,0.3908069920989336,1.0813169761916257
2019-10-30,-0.9019607843137272,0.3496585279121971,0.9019607843137272
2019-10-31,-1.2663237039968354,0.3166112982754846,1.2663237039968354
2019-11-01,3.1312625250501003,0.3161000044709703,3.1312625250501003
2019-11-04,2.254068496478025,0.3646659313372615,2.254068496478025
2019-11-05,-0.8789016105278268,0.4075738729019531,0.8789016105278268
2019-11-06,1.1819401840490835,0.4044767967243222,1.1819401840490835
2019-11-07,-1.6323553096548644,0.3989797171884248,1.6323553096548644
2019-11-08,0.0433400751227985,0.3265342987359226,0.0433400751227985
2019-11-11,0.9482551143200956,0.3120147022699435,0.9482551143200956
2019-11-12,-0.6532519549876047,0.3444762724261501,0.6532519549876047
2019-11-13,0.2783777297816235,0.3465705114139019,0.2783777297816235
2019-11-14,0.3685444885846847,0.3723329029359685,0.3685444885846847
2019-11-15,-2.770624701955175,0.3622837855774457,2.770624701955175
2019-11-18,3.502869194173341,0.2490780965098039,3.502869194173341
2019-11-19,-1.8774403881875816,0.2773579044887985,1.8774403881875816
2019-11-20,1.897908919688997,0.2134172751633995,1.897908919688997
2019-11-21,0.0426540284360205,0.2639975216520564,0.0426540284360205
2019-11-22,2.3449713392391818,0.2803094797757159,2.3449713392391818
2019-11-25,2.064432512497689,0.3243114011728011,2.064432512497689
2019-11-26,-0.8299319727891213,0.3639595049337783,0.8299319727891213
2019-11-27,-0.7637078703068494,0.3714513198602504,0.7637078703068494
2019-11-29,-0.2488479262672774,0.3385281273614882,0.2488479262672774
2019-12-02,-6.740275339554654,0.310396863285022,6.740275339554654
2019-12-03,4.532620002972212,0.2108865663226317,4.532620002972212
2019-12-04,-0.341199886266704,0.2338486814378313,0.341199886266704
2019-12-05,0.5801236329053727,0.2486559801369527,0.5801236329053727
2019-12-06,-0.1276475037821531,0.2493396060419273,0.1276475037821531
2019-12-09,1.008284023668637,0.2288484293642761,1.008284023668637
2019-12-10,0.4780204330302794,0.2309969986522493,0.4780204330302794
2019-12-11,0.8302238805970155,0.2486372698009034,0.8302238805970155
2019-12-12,3.7052456286427935,0.2354965652565374,3.7052456286427935
2019-12-13,0.7627458851866756,0.2482830254225314,0.7627458851866756
2019-12-16,0.0,0.3073189337290385,0.0
2019-12-17,1.6777335104028297,0.321353337642069,1.6777335104028297
2019-12-18,0.5267969872436797,0.3444818575089025,0.5267969872436797
2019-12-19,3.131225638804673,0.3608894805117865,3.131225638804673
2019-12-20,1.0036534665938834,0.3951362018787675,1.0036534665938834
2019-12-23,-0.9645767503741982,0.4219757521899798,0.9645767503741982
2019-12-24,0.2350965575146945,0.4326019333858325,0.2350965575146945
2019-12-26,0.4355838498911126,0.4632713056492495,0.4355838498911126
2019-12-27,-1.5888240200166814,0.4662067381839402,1.5888240200166814
2019-12-30,-2.156871053858216,0.4641301354991711,2.156871053858216
2019-12-31,3.399740147249889,0.4088467489516997,3.399740147249889
2020-01-02,-1.5287958115183269,0.4424963911500624,1.5287958115183269
2020-01-03,-1.1824755423224165,0.4478013163501095,1.1824755423224165
2020-01-06,2.5309917355371883,0.4346031715735807,2.5309917355371883
2020-01-07,0.654911838790933,0.451776648815215,0.654911838790933
2020-01-08,1.705872539205874,0.461237343019689,1.705872539205874
2020-01-09,1.4271068279680206,0.4280472865311017,1.4271068279680206
2020-01-10,0.1334249787732924,0.4166453960655892,0.1334249787732924
2020-01-13,1.0498263748687695,0.3764187628768768,1.0498263748687695
2020-01-14,-0.9869735475105884,0.3874395504456206,0.9869735475105884
2020-01-15,-0.0282497275919097,0.3716078867258404,0.0282497275919097
2020-01-16,0.7992895204262837,0.3882282333473278,0.7992895204262837
2020-01-17,-0.7588305967160494,0.4333232181064813,0.7588305967160494
2020-01-21,0.788845431814981,0.4150973635478684,0.788845431814981
2020-01-22,0.7847533632287028,0.4438871589610612,0.7847533632287028
2020-01-23,2.296202129350072,0.4258281887672626,2.296202129350072
2020-01-24,-7.479611650485434,0.4281852499788326,7.479611650485434
2020-01-27,1.935023505708523,0.3590603760526864,1.935023505708523
2020-01-28,1.869466749022027,0.3612290257451714,1.869466749022027
2020-01-29,-2.3363919317676434,0.3530151560898703,2.3363919317676434
2020-01-30,0.9767807623856568,0.3207804559979992,0.9767807623856568
2020-01-31,-3.389761036192979,0.2963049280571819,3.389761036192979
2020-02-03,4.382689859991521,0.2657399379386269,4.382689859991521
2020-02-04,2.4224688046173264,0.2705627973473133,2.4224688046173264
2020-02-05,0.05952617167347,0.2790221530315662,0.05952617167347
2020-02-06,0.1983025303402871,0.3050177933623889,0.1983025303402871
2020-02-07,-0.055414819506011,0.320111027458523,0.055414819506011
2020-02-10,5.8693069306930665,0.3102270936213823,5.8693069306930665
2020-02-11,1.006284602723327,0.412103568427309,1.006284602723327
2020-02-12,0.0740713306914516,0.4090734751741493,0.0740713306914516
2020-02-13,6.309907109285375,0.4264937407464225,6.309907109285375
2020-02-14,-0.562556568961911,0.5246600310495654,0.562556568961911
2020-02-18,5.547464676310374,0.5056804667032623,5.547464676310374
2020-02-19,3.739825533185175,0.5689990129384144,3.739825533185175
2020-02-20,-2.741737252098378,0.5584161685729849,2.741737252098378
2020-02-21,-11.177224760840264,0.5561137319090546,11.177224760840264
2020-02-24,2.262852067063909,0.5071774871492304,2.262852067063909
2020-02-25,-5.1551913834037775,0.5044645110361358,5.1551913834037775
2020-02-26,-2.7321987331145525,0.4921568132111565,2.7321987331145525
2020-02-27,-4.882228324833274,0.4736283177884047,4.882228324833274
2020-02-28,14.206665808776217,0.3858830130280725,14.206665808776217
2020-03-02,0.6379198266522329,0.3624378152371585,0.6379198266522329
2020-03-03,-3.03818472553563,0.4271451407134672,3.03818472553563
2020-03-04,2.3316062176165846,0.4310986646584154,2.3316062176165846
2020-03-05,-3.768535262206154,0.4383939540968044,3.768535262206154
2020-03-06,-9.83914612146722,0.3833424869563382,9.83914612146722
2020-03-09,6.936223426427683,0.3656792342015573,6.936223426427683
2020-03-10,-0.4228580338348911,0.3409312082837619,0.4228580338348911
2020-03-11,-11.741863152521454,0.2992790340721382,11.741863152521454
2020-03-12,2.2354297879889966,0.2683236726897827,2.2354297879889966
2020-03-13,-7.848156182212583,0.2911590614991342,7.848156182212583
2020-03-16,-5.414057718563156,0.2925316204451976,5.414057718563156
2020-03-17,-0.4055547259967105,0.2413916838382664,0.4055547259967105
2020-03-18,0.931956388758952,0.3222531856205971,0.931956388758952
2020-03-19,8.437314319667257,0.2830638091719707,8.437314319667257
2020-03-20,-6.068493150684928,0.2726293626072816,6.068493150684928
2020-03-23,11.32176364785377,0.1948473518891117,11.32176364785377
2020-03-24,10.829694323144109,0.2250018804402486,10.829694323144109
2020-03-25,0.0551615445232412,0.270440634655512,0.0551615445232412
2020-03-26,-1.551547609671575,0.2988046975822052,1.551547609671575
2020-03-27,2.1440000000000055,0.3335160545000897,2.1440000000000055
2020-03-30,4.636591478696732,0.272334668938698,4.636591478696732
2020-03-31,-4.322604790419155,0.2299113502701686,4.322604790419155
2020-04-01,-4.463133189908076,0.2509763625952723,4.463133189908076
2020-04-02,3.979692106125122,0.2216439431580291,3.979692106125122
2020-04-03,0.5040163805323677,0.2741586040172362,0.5040163805323677
2020-04-06,8.642845948910828,0.2803910775242544,8.642845948910828
2020-04-07,-5.00901550667147,0.2916639234575756,5.00901550667147
2020-04-08,3.2610758892980427,0.2980839023676658,3.2610758892980427
2020-04-09,-4.209558823529408,0.3060490423318099,4.209558823529408
2020-04-13,5.545960468240256,0.2941978472434698,5.545960468240256
2020-04-14,0.7999999999999958,0.3693916778234228,0.7999999999999958
2020-04-15,3.5642135642135626,0.3174497532912521,3.5642135642135626
2020-04-16,3.803817751149511,0.3800582743501791,3.803817751149511
2020-04-17,-3.610738255033554,0.3732891451360489,3.610738255033554
2020-04-20,-1.7163347723158358,0.3638600694078664,1.7163347723158358
2020-04-21,-1.7994403315504175,0.3317203197147509,1.7994403315504175
2020-04-22,3.8271471341485257,0.3042935844620074,3.8271471341485257
2020-04-23,-1.4730405780989273,0.3423482379663802,1.4730405780989273
2020-04-24,4.01622002820874,0.3485702284889002,4.01622002820874
2020-04-27,2.7153462829248416,0.3884897226879951,2.7153462829248416
2020-04-28,-2.0561056105610622,0.5925180374429109,2.0561056105610622
2020-04-29,-0.1606631398052258,0.4764163708206239,0.1606631398052258
2020-04-30,-4.030872122613678,0.4992722570138518,4.030872122613678
2020-05-01,-1.220327061719721,0.4593035970102029,1.220327061719721
2020-05-04,5.194389062945041,0.4563959400970258,5.194389062945041
2020-05-05,0.4941279994584829,0.4837630738262725,0.4941279994584829
2020-05-06,2.1722291449163063,0.4798419677628014,2.1722291449163063
2020-05-07,1.44043773485398,0.4815016705101541,1.44043773485398
2020-05-08,1.4784727863525626,0.4164056186782804,1.4784727863525626
2020-05-11,4.0473903298110745,0.4242826023990613,4.0473903298110745
2020-05-12,-2.5358527728196,0.4772397101547621,2.5358527728196
2020-05-13,-0.958257025576243,0.4212470961448221,0.958257025576243
2020-05-14,0.6136479277905065,0.4091916009609646,0.6136479277905065
2020-05-15,11.036471371082747,0.3490210402285199,11.036471371082747
2020-05-18,0.3395924890131835,0.4769237560516801,0.3395924890131835
2020-05-19,2.283780324791665,0.5252465018908413,2.283780324791665
2020-05-20,0.6728951173395662,0.5604752225100429,0.6728951173395662
2020-05-21,-2.49958570402696,0.5816472854546133,2.49958570402696
2020-05-22,3.7562675278320703,0.6043144985246882,3.7562675278320703
2020-05-26,-5.807191416168395,0.6927838327528256,5.807191416168395
2020-05-27,-2.466666666666664,0.5628536558777134,2.466666666666664
2020-05-28,1.690986359178578,0.5859758209742258,1.690986359178578
2020-05-29,3.2585189081769763,0.6312857811006027,3.2585189081769763
2020-06-01,-0.418871876149764,0.6172293246762856,0.418871876149764
2020-06-02,0.2955805030552689,0.6105259369123148,0.2955805030552689
2020-06-03,-1.0683215732947893,0.5911979186146586,1.0683215732947893
2020-06-04,0.7619156736938497,0.5638199251812085,0.7619156736938497
2020-06-05,0.9409289897094782,0.5788695352170414,0.9409289897094782
2020-06-08,-0.8702019206398308,0.5844437130361108,0.8702019206398308
2020-06-09,4.178977272727267,0.5935306013884727,4.178977272727267
2020-06-10,-0.1936134820430257,0.658723537560217,0.1936134820430257
2020-06-11,0.1366120218579235,0.6605942332790188,0.1366120218579235
2020-06-12,-3.789904502046381,0.681791171863822,3.789904502046381
2020-06-15,4.648194889538012,0.6233813601328813,4.648194889538012
2020-06-16,-1.205962059620593,0.6889752219410618,1.205962059620593
2020-06-17,1.2426278974077554,0.6674028044121388,1.2426278974077554
2020-06-18,0.1679852606480992,0.7657816159890389,0.1679852606480992
2020-06-19,0.6221260481471494,0.7422352882304326,0.6221260481471494
2020-06-22,2.6989247311828013,0.725183337768786,2.6989247311828013
2020-06-23,-0.7826405611977827,0.7764774679083127,0.7826405611977827
2020-06-24,-1.271600052763486,0.7238188634010916,1.271600052763486
2020-06-25,1.541832562862406,0.6269857746759562,1.541832562862406
2020-06-26,-3.476315789473679,0.6301210671834223,3.476315789473679
2020-06-29,1.5729981733416856,0.5188860523921617,1.5729981733416856
2020-06-30,2.219886428909628,0.5370160726111044,2.219886428909628
2020-07-01,1.2420240002100724,0.5692860561515943,1.2420240002100724
2020-07-02,1.0659819483348931,0.5644536191335182,1.0659819483348931
2020-07-06,2.0992121538737925,0.5755453307533691,2.0992121538737925
2020-07-07,0.4775669222068561,0.5933046900647242,0.4775669222068561
2020-07-08,3.8674171357098137,0.598312965977037,3.8674171357098137
2020-07-09,2.0086221430119777,0.6576967046720231,2.0086221430119777
2020-07-10,0.0590249085113918,0.7047532917994037,0.0590249085113918
2020-07-13,-4.907975460122701,0.6828160457073561,4.907975460122701
2020-07-14,3.3672456575682363,0.5302176945229827,3.3672456575682363
2020-07-15,-3.833689415944492,0.6119952548025228,3.833689415944492
2020-07-16,2.101847229156255,0.5419446250136382,2.101847229156255
2020-07-17,0.476749303212568,0.5733890292242104,0.476749303212568
2020-07-20,2.3237705915273508,0.587592502183008,2.3237705915273508
2020-07-21,-1.384000760962616,0.6346227701297116,1.384000760962616
2020-07-22,0.795755968169764,0.6071847501254029,0.795755968169764
2020-07-23,-5.502392344497608,0.5643354133971553,5.502392344497608
2020-07-24,3.617721518987347,0.4709790027603088,3.617721518987347
2020-07-27,1.3877690635002091,0.543343042980207,1.3877690635002091
2020-07-28,0.1595296045497211,0.5554134656449915,0.1595296045497211
2020-07-29,-0.1520575894060142,0.5614879802164386,0.1520575894060142
2020-07-30,1.8144578313252944,0.5731925985221847,1.8144578313252944
2020-07-31,1.6022530944548408,0.5754124066804605,1.6022530944548408
2020-08-03,2.958304216165849,0.5960891422075818,2.958304216165849
2020-08-04,1.755656108597283,0.6739791601751687,1.755656108597283
2020-08-05,0.9405016008537928,0.684579037037943,0.9405016008537928
2020-08-06,-0.3282010616973962,0.7186522692779392,0.3282010616973962
2020-08-07,0.1922651933701667,0.7195525072771597,0.1922651933701667
2020-08-10,-2.298343516333241,0.7052334068436587,2.298343516333241
2020-08-11,-0.7495202618805719,0.6486115037008494,0.7495202618805719
2020-08-12,5.051975524873185,0.6014111920824453,5.051975524873185
2020-08-13,-0.1385761302615595,0.7066638090065012,0.1385761302615595
2020-08-14,2.7862098872506555,0.6684711003537432,2.7862098872506555
2020-08-17,5.052209682522939,0.6672179092316116,5.052209682522939
2020-08-18,-1.232931726907628,0.7314203739001,1.232931726907628
2020-08-19,-2.614565120156145,0.7135044870231271,2.614565120156145
2020-08-20,1.8935281837160736,0.656267999614653,1.8935281837160736
2020-08-21,5.589362181654277,0.6538481718072233,5.589362181654277
2020-08-24,-1.9637139807897552,0.7426530750273557,1.9637139807897552
2020-08-25,1.3339667082318936,0.7372566847486727,1.3339667082318936
2020-08-26,-0.1386019794925369,0.7257040418827672,0.1386019794925369
2020-08-27,-0.833783202284546,0.7128826904873173,0.833783202284546
2020-08-28,4.006728242286144,0.6529866104157344,4.006728242286144
2020-08-31,2.2546079051611385,0.7325406502710404,2.2546079051611385
2020-09-01,9.078264094955475,0.7347769017468734,9.078264094955475
2020-09-02,-5.951678993454039,0.8548765474072043,5.951678993454039
2020-09-03,-7.555918409849713,0.7486057462845488,7.555918409849713
2020-09-04,-8.207685538281027,0.7286425004356238,8.207685538281027
2020-09-08,5.671311091226726,0.7063209791925226,5.671311091226726
2020-09-09,4.752016129032268,0.6974680010322177,4.752016129032268
2020-09-10,-3.8782069788479,0.754724073430765,3.8782069788479
2020-09-11,4.7695326578831425,0.7480100370274395,4.7695326578831425
2020-09-14,1.521290421221626,0.796172268600108,1.521290421221626
2020-09-15,-2.430346385542184,0.7760150009150728,2.430346385542184
2020-09-16,-6.367246136332936,0.7655434763922884,6.367246136332936
2020-09-17,3.80408218439644,0.6544758891132132,3.80408218439644
2020-09-18,-5.310173697270471,0.652133572583909,5.310173697270471
2020-09-21,5.450733752620545,0.6405960142724629,5.450733752620545
2020-09-22,0.0039761431411494,0.6729820799320366,0.0039761431411494
2020-09-23,-4.001828953123136,0.7313354774098229,4.001828953123136
2020-09-24,3.1083683654662533,0.7094886530910751,3.1083683654662533
2020-09-25,4.762000401687093,0.690135266041642,4.762000401687093
2020-09-28,-0.7879450163915596,0.7099282587068058,0.7879450163915596
2020-09-29,1.7004830917874307,0.6793075049451498,1.7004830917874307
2020-09-30,4.5639369181075615,0.6725707177644498,4.5639369181075615
2020-10-01,-3.874109608954799,0.6879724428421365,3.874109608954799
2020-10-02,0.0831758034026568,0.63359202079176,0.0831758034026568
2020-10-05,4.487760652765184,0.6378688800987169,4.487760652765184
2020-10-06,1.2274041937816274,0.6650876952464386,1.2274041937816274
2020-10-07,0.5375095983856838,0.6645790958280821,0.5375095983856838
2020-10-08,-2.1882770870337565,0.5932128316580161,2.1882770870337565
2020-10-09,1.616183627515089,0.5643977166194987,1.616183627515089
2020-10-12,2.1945030201222293,0.5541016029439062,2.1945030201222293
2020-10-13,-0.0419683139229897,0.5760792678309417,0.0419683139229897
2020-10-14,-3.3576151989083716,0.5891032243713678,3.3576151989083716
2020-10-15,1.636921570842286,0.5119371345807958,1.636921570842286
2020-10-16,-0.9537107948777438,0.5684511501305641,0.9537107948777438
2020-10-19,-2.2972218705764433,0.6069000392372296,2.2972218705764433
2020-10-20,0.3055177237089057,0.5602310296140285,0.3055177237089057
2020-10-21,-0.7522935779816555,0.4991326023298511,0.7522935779816555
2020-10-22,-0.5361434645960395,0.4997347259006068,0.5361434645960395
2020-10-23,-0.1710037174721113,0.4872482562689683,0.1710037174721113
2020-10-26,-0.9011692857674892,0.4957371201575444,0.9011692857674892
2020-10-27,-0.8116639110175954,0.4650416382895349,0.8116639110175954
2020-10-28,-2.7238975602363986,0.4300285278816667,2.7238975602363986
2020-10-29,0.0895743272189189,0.4062647817066414,0.0895743272189189
2020-10-30,-1.496108949416342,0.3363530538026588,1.496108949416342
2020-11-02,0.4009401354901094,0.3114654813230178,0.4009401354901094
2020-11-03,5.356651060313978,0.2974555083843658,5.356651060313978
2020-11-04,5.775155441865666,0.480406700893231,5.775155441865666
2020-11-05,-0.3724624889673457,0.4443208278411379,0.3724624889673457
2020-11-06,3.1379010967593395,0.4792697261238405,3.1379010967593395
2020-11-09,-6.500601271259239,0.4888610214820927,6.500601271259239
2020-11-10,-4.062396648660569,0.4084098006501983,4.062396648660569
2020-11-11,3.257148329024229,0.3833351557859174,3.257148329024229
2020-11-12,1.1006066505278922,0.3606675204115666,1.1006066505278922
2020-11-13,-3.3372764043888403,0.3844581571452282,3.3372764043888403
2020-11-16,2.8847978743594695,0.3800160816971782,2.8847978743594695
2020-11-17,-0.6437926581811491,0.3848879754474143,0.6437926581811491
2020-11-18,-1.8751972670392347,0.4442451356667906,1.8751972670392347
2020-11-19,1.8258878734555597,0.3993609212312152,1.8258878734555597
2020-11-20,-2.1024973985431825,0.3807205211689352,2.1024973985431825
2020-11-23,-0.2173693525156785,0.3372550982769874,0.2173693525156785
2020-11-24,-0.8369792657409341,0.310716503313622,0.8369792657409341
2020-11-25,2.6280452714368017,0.2686436197008008,2.6280452714368017
2020-11-27,-0.8224299065420518,0.290777295590388,0.8224299065420518
2020-11-30,1.7131549189596742,0.2431538132008246,1.7131549189596742
2020-12-01,-1.050603124015652,0.2521234515762233,1.050603124015652
2020-12-02,1.7752144114452677,0.2434014459017176,1.7752144114452677
2020-12-03,-1.0229990800367883,0.3052202106171076,1.0229990800367883
2020-12-04,1.135814403093263,0.2616337022380057,1.135814403093263
2020-12-07,-0.1194743130226959,0.3144339339945882,0.1194743130226959
2020-12-08,-2.0942215679057776,0.2905610089256177,2.0942215679057776
2020-12-09,-3.2442389383857733,0.2545681728002436,3.2442389383857733
2020-12-10,0.7634625845054129,0.2074508457293036,0.7634625845054129
2020-12-11,0.9302666332491458,0.2158114485583453,0.9302666332491458
2020-12-14,2.6885179265091024,0.2228092455759693,2.6885179265091024
2020-12-15,-0.1283506017597155,0.3366200795099022,0.1283506017597155
2020-12-16,-0.4153473644999103,0.2970736372690868,0.4153473644999103
2020-12-17,0.0916453139319597,0.2685495290233236,0.0916453139319597
2020-12-18,-2.2740862545780627,0.2554620347489365,2.2740862545780627
2020-12-21,1.870016635117301,0.2057048277739842,1.870016635117301
2020-12-22,-0.4748765883964887,0.1985407404944974,0.4748765883964887
2020-12-23,-1.6501961375980687,0.1684727635295132,1.6501961375980687
2020-12-24,0.1936758135342942,0.1164207170678336,0.1936758135342942
2020-12-28,-1.0526315789473684,0.0938480515195019,1.0526315789473684
2020-12-29,0.5052224371373243,0.0599643479095044,0.5052224371373243
2020-12-30,1.1254551473022314,0.0513461297722554,1.1254551473022314
2020-12-31,-0.2454991816694091,0.057591614671585,0.2454991816694091
2021-01-04,-0.034340004197102,0.0544086755647769,0.034340004197102
2021-01-05,0.9370407832210478,0.0457063410269376,0.9370407832210478
2021-01-06,-1.928530913216096,0.0542267593477845,1.928530913216096
2021-01-07,3.0460767302872473,-0.0014313978654642,3.0460767302872473
2021-01-08,0.4209541627689429,0.037877916787826,0.4209541627689429
2021-01-11,2.4871914299021936,0.0347245297562807,2.4871914299021936
2021-01-12,-1.908962006907842,0.05981386329513,1.908962006907842
2021-01-13,0.6303201563828565,0.0457682520359939,0.6303201563828565
2021-01-14,-2.556169429097605,0.0536667891015904,2.556169429097605
2021-01-15,-1.6007710916238334,0.0014816462966701,1.6007710916238334
2021-01-19,0.7336982617881591,-0.0056378912411906,0.7336982617881591
2021-01-20,2.3403435849524308,-0.0012508888039238,2.3403435849524308
2021-01-21,2.3957772079224275,0.023938731764512,2.3957772079224275
2021-01-22,0.3032003429380654,0.0419623779020601,0.3032003429380654
2021-01-25,-1.46062727882889,0.046745522046633,1.46062727882889
2021-01-26,-2.5805477727173836,0.0246111757769839,2.5805477727173836
2021-01-27,-1.766817838246414,-0.0263620246061098,1.766817838246414
2021-01-28,0.6059440223141247,-0.03833818781825,0.6059440223141247
2021-01-29,-0.1655831739961731,-0.0269849358658307,0.1655831739961731
2021-02-01,2.646064037201184,-0.0089137996910068,2.646064037201184
2021-02-02,1.7706875641384472,0.0151749032474859,1.7706875641384472
2021-02-03,-0.7700205338809117,0.0204162060339921,0.7700205338809117
2021-02-04,1.4337447343137963,0.0250472288415547,1.4337447343137963
2021-02-05,0.0161748633879766,0.0283043334777854,0.0161748633879766
2021-02-08,4.468566832905708,0.0338264497910368,4.468566832905708
2021-02-09,0.8550530904151392,0.072659178989424,0.8550530904151392
2021-02-10,3.574576945015827,0.1042461234263495,3.574576945015827
2021-02-11,0.4656130571919633,0.1145675961050586,0.4656130571919633
2021-02-12,0.0946843853820681,0.1530744487702189,0.0946843853820681
2021-02-16,0.7086313623313443,0.1326319110308804,0.7086313623313443
2021-02-17,-2.9134532990574225,0.1409414070713772,2.9134532990574225
2021-02-18,2.0062461810034713,0.1258488795900137,2.0062461810034713
2021-02-19,-1.6622849346068105,0.1308120792159505,1.6622849346068105
2021-02-22,-4.734428670535883,0.0930190982291904,4.734428670535883
2021-02-23,0.3374718033427429,0.0521731203734694,0.3374718033427429
2021-02-24,-0.5474854401586113,0.0400541586595594,0.5474854401586113
2021-02-25,-2.085589405237137,0.0077690302866317,2.085589405237137
2021-02-26,0.8907471368841987,0.0236699344658395,0.8907471368841987
2021-03-01,0.1801801801801801,0.0159026614726932,0.1801801801801801
2021-03-02,-3.4082733812949724,-0.0225523916445743,3.4082733812949724
2021-03-03,-4.658784098314865,-0.0658803837482503,4.658784098314865
2021-03-04,-1.9588695974845172,-0.0978965180599518,1.9588695974845172
2021-03-05,-0.796812749003984,-0.0930069150422738,0.796812749003984
2021-03-08,-2.568273092369482,-0.1193958204808684,2.568273092369482
2021-03-09,5.855196718946441,-0.1601752434631054,5.855196718946441
2021-03-10,0.8527705307425715,-0.060673932214966,0.8527705307425715
2021-03-11,-2.3301158301158287,-0.0217874390788699,2.3301158301158287
2021-03-12,1.7116992469313983,-0.0511181216111378,1.7116992469313983
2021-03-15,3.8224605997007246,-0.0288192112251706,3.8224605997007246
2021-03-16,-2.371504510912282,0.0282800448019281,2.371504510912282
2021-03-17,0.7419620774938178,0.0168466157524391,0.7419620774938178
2021-03-18,-2.942183991169649,0.034974819828636,2.942183991169649
2021-03-19,1.2764705882352922,0.0250706255101343,1.2764705882352922
2021-03-22,2.64467290081508,0.0339097624007496,2.64467290081508
2021-03-23,-0.7771092291151904,0.0573483792247296,0.7771092291151904
2021-03-24,-4.955802680353567,0.053579001406743,4.955802680353567
2021-03-25,0.4400176007040258,0.0225138852082918,0.4400176007040258
2021-03-26,2.1167708789676887,0.0171546316497268,2.1167708789676887
2021-03-29,0.1692634699011431,0.032944817611886,0.1692634699011431
2021-03-30,1.3514302734397827,0.0269871825971878,1.3514302734397827
2021-03-31,4.277592101724863,0.017502316971485,4.277592101724863
2021-04-01,2.1753946471661036,0.0153467542748442,2.1753946471661036
2021-04-05,0.9531638723634368,0.0394210632568331,0.9531638723634368
2021-04-06,-0.8495194175866897,0.0341415420827052,0.8495194175866897
2021-04-07,2.679970462691136,0.0579110034183309,2.679970462691136
2021-04-08,-0.2718773570012924,0.1085117969794052,0.2718773570012924
2021-04-09,0.5329252849303656,0.0583912002193507,0.5329252849303656
2021-04-12,6.590388215329162,0.0506753260331576,6.590388215329162
2021-04-13,2.5834619046055884,0.1350883188692415,2.5834619046055884
2021-04-14,0.24,0.101503425388471,0.24
2021-04-15,2.4938547486033555,0.1181849550566413,2.4938547486033555
2021-04-16,-3.2178208570307367,0.1635673878045265,3.2178208570307367
2021-04-19,-1.3728281843962726,0.1119320397967768,1.3728281843962726
2021-04-20,-1.3345732791672704,0.1366314787798955,1.3345732791672704
2021-04-21,1.694915254237288,0.1345943440679895,1.694915254237288
2021-04-22,-2.8658211382113903,0.1616181613156505,2.8658211382113903
2021-04-23,1.6784761068086012,0.0974540389034602,1.6784761068086012
2021-04-26,2.5910352616553687,0.1245983408548913,2.5910352616553687
2021-04-27,-1.3736880957730118,0.1131917163674001,1.3736880957730118
2021-04-28,0.231052100621556,0.1241541316094001,0.231052100621556
2021-04-29,-1.4642857142857113,0.0973551240905764,1.4642857142857113
2021-04-30,-0.326205146792319,0.106967712705874,0.326205146792319
2021-05-03,-3.2247933884297506,0.0899260709749339,3.2247933884297506
2021-05-04,0.4901877060240148,0.0721437215232435,0.4901877060240148
2021-05-05,-1.4531919233122694,0.1069104757050696,1.4531919233122694
2021-05-06,2.159328055742415,0.1514909888449953,2.159328055742415
2021-05-07,-0.1418128408150915,0.1542704012298104,0.1418128408150915
2021-05-10,-6.507295136012445,0.1396801849757873,6.507295136012445
2021-05-11,1.3345388788426755,0.0479878567739135,1.3345388788426755
2021-05-12,0.1730968271530082,0.0597665102310944,0.1730968271530082
2021-05-13,-1.0243163801549835,0.0690467668277278,1.0243163801549835
2021-05-14,1.9222462203023667,0.0610401898392981,1.9222462203023667
2021-05-17,0.777000777000773,0.1130407938794743,0.777000777000773
2021-05-18,-4.909932010934321,0.0862186127670546,4.909932010934321
2021-05-19,5.425128072826458,0.0619657212615457,5.425128072826458
2021-05-20,6.021674532424389,0.1309998696130176,6.021674532424389
2021-05-21,0.3214903965048298,0.1671313482606521,0.3214903965048298
2021-05-24,3.63845521774856,0.1891763521452227,3.63845521774856
2021-05-25,-0.201382722313837,0.2060160394606005,0.201382722313837
2021-05-26,-0.2192668859335518,0.1889451706088812,0.2192668859335518
2021-05-27,-1.2659437252185617,0.1940774494585475,1.2659437252185617
2021-05-28,4.960970259983226,0.1880019677405189,4.960970259983226
2021-06-01,-0.1090964966195333,0.2122124305683023,0.1090964966195333
2021-06-02,2.759617899060121,0.2405117607181396,2.759617899060121
2021-06-03,2.465458138107574,0.2153229187844257,2.465458138107574
2021-06-04,2.680204528853178,0.23218911229293,2.680204528853178
2021-06-07,-0.2498413592735779,0.2181500000187698,0.2498413592735779
2021-06-08,-0.0656121182729801,0.2523639456364639,0.0656121182729801
2021-06-09,-0.946291195067296,0.2518083508033923,0.946291195067296
2021-06-10,0.7463976945244885,0.2840796687343715,0.7463976945244885
2021-06-11,2.440001144197497,0.319134492514654,2.440001144197497
2021-06-14,0.0502624818496612,0.3339487827059946,0.0502624818496612
2021-06-15,-0.6935528886408076,0.3071505256029794,0.6935528886408076
2021-06-16,-0.0909461377401174,0.2716333553864141,0.0909461377401174
2021-06-17,5.679068466916502,0.2718046885834702,5.679068466916502
2021-06-18,-1.8566333049403807,0.3402659197267357,1.8566333049403807
2021-06-21,0.1966341655252906,0.3579679952022501,0.1966341655252906
2021-06-22,2.9031210242806393,0.3871418875393383,2.9031210242806393
2021-06-23,1.1574226302429362,0.4091805266212687,1.1574226302429362
2021-06-24,0.2743430718622841,0.4236321834754945,0.2743430718622841
2021-06-25,0.4188169393947276,0.3975116753239396,0.4188169393947276
2021-06-28,2.6922331977532323,0.3826955884370118,2.6922331977532323
2021-06-29,0.5865962529862979,0.4179206683061168,0.5865962529862979
2021-06-30,0.6293773779159416,0.408249029009866,0.6293773779159416
2021-07-01,1.565863354037263,0.4124304814888251,1.565863354037263
2021-07-02,1.4548341913676714,0.385313399941993,1.4548341913676714
2021-07-06,0.55937311633514,0.3910117611288727,0.55937311633514
2021-07-07,-4.7809720190855245,0.361399204779248,4.7809720190855245
2021-07-08,0.5338302319139839,0.3087807038029899,0.5338302319139839
2021-07-09,1.3901064495929898,0.3132667655280961,1.3901064495929898
2021-07-12,0.7929841897233151,0.3728202805929855,0.7929841897233151
2021-07-13,-0.2095536874096267,0.4056811064237877,0.2095536874096267
2021-07-14,-2.6820252729304466,0.3954940532780177,2.6820252729304466
2021-07-15,-3.9433669413353183,0.3736402709233287,3.9433669413353183
2021-07-16,-5.8603294711121645,0.3326660651856108,5.8603294711121645
2021-07-19,4.547801454068465,0.2748287136444622,4.547801454068465
2021-07-20,0.8115323011211861,0.3296385796001246,0.8115323011211861
2021-07-21,4.024997351975424,0.3608494549779064,4.024997351975424
2021-07-22,0.0733122899908387,0.3981121553860909,0.0733122899908387
2021-07-23,-1.7571884984025454,0.4039578890195463,1.7571884984025454
2021-07-26,-0.2382062037180922,0.4110476811469853,0.2382062037180922
2021-07-27,0.2813392161951734,0.4435672182775959,0.2813392161951734
2021-07-28,1.034204314878458,0.464305072703966,1.034204314878458
2021-07-29,-0.5174445412162462,0.4811419901605374,0.5174445412162462
2021-07-30,1.4522607889586945,0.4974049375077202,1.4522607889586945
2021-08-02,0.2030456852791907,0.4573512012802139,0.2030456852791907
2021-08-03,1.266464032421479,0.4526412900031485,1.266464032421479
2021-08-04,2.5512756378189065,0.4901743999382781,2.5512756378189065
2021-08-05,0.1170731707317117,0.4991953024043924,0.1170731707317117
2021-08-06,-0.3800428766322359,0.4626433378963978,0.3800428766322359
2021-08-09,-0.6064755942482681,0.4838053358659168,0.6064755942482681
2021-08-10,-1.3728963684676665,0.4729040900458769,1.3728963684676665
2021-08-11,-0.8631442398842579,0.4902564962168717,0.8631442398842579
2021-08-12,0.1761449421238161,0.4657981660345327,0.1761449421238161
2021-08-13,1.155488570710868,0.4395463549239674,1.155488570710868
2021-08-16,-2.2349143282840824,0.46104585930571,2.2349143282840824
2021-08-17,-0.9398018796037564,0.4880162170202974,0.9398018796037564
2021-08-18,-0.0307692307692319,0.4714253004788276,0.0307692307692319
2021-08-19,2.5495024109982554,0.4471839794507035,2.5495024109982554
2021-08-20,4.902205992696719,0.4717772288094641,4.902205992696719
2021-08-23,3.728959038672449,0.5004763426770844,3.728959038672449
2021-08-24,-0.0735530731393355,0.4874326976914356,0.0735530731393355
2021-08-25,2.130008740856602,0.4670605409064713,2.130008740856602
2021-08-26,-0.0720720720720705,0.4812455856157165,0.0720720720720705
2021-08-27,2.9120086548864084,0.488184820348348,2.9120086548864084
2021-08-30,-0.5913272010512582,0.491914001056355,0.5913272010512582
2021-08-31,-0.9253139458030378,0.4913418902756202,0.9253139458030378
2021-09-01,0.1467645096731209,0.4535009280099118,0.1467645096731209
2021-09-02,-0.8570921040945052,0.4080010789144672,0.8570921040945052
2021-09-03,2.275475923852189,0.3699166679489367,2.275475923852189
2021-09-07,-1.4014803135812277,0.3859019952751051,1.4014803135812277
2021-09-08,-0.8928174832319065,0.350943376036028,0.8928174832319065
2021-09-09,0.1626927214055215,0.3719319818710389,0.1626927214055215
2021-09-10,1.5021276786153754,0.3875638201111563,1.5021276786153754
2021-09-13,-1.8030329747839904,0.4156401105110098,1.8030329747839904
2021-09-14,0.1526374859708208,0.3824551236772032,0.1526374859708208
2021-09-15,-0.5625532296382605,0.4171057809569277,0.5625532296382605
2021-09-16,0.5251651001870724,0.387719908794363,0.5251651001870724
2021-09-17,-5.1748878923766775,0.365649371187179,5.1748878923766775
2021-09-20,1.2792017402818423,0.3274017145660152,1.2792017402818423
2021-09-21,-0.2381341489038783,0.3351429150774527,0.2381341489038783
2021-09-22,3.6250029252767337,0.349389995806966,3.6250029252767337
2021-09-23,-0.316169828364958,0.396905263596641,0.316169828364958
2021-09-24,-1.6293611236973156,0.4307415663087955,1.6293611236973156
2021-09-27,-2.288764831601455,0.3764352597739459,2.288764831601455
2021-09-28,-1.2916303297428433,0.3568580173413306,1.2916303297428433
2021-09-29,-0.8171159769813093,0.3235086757333023,0.8171159769813093
2021-09-30,-0.0885961364380489,0.3556772883870516,0.0885961364380489
2021-10-01,-1.1855421686747023,0.4279963344517313,1.1855421686747023
2021-10-04,-2.7019118220834923,0.3996336093374323,2.7019118220834923
2021-10-05,0.8521303258145306,0.3759513772385778,0.8521303258145306
2021-10-06,4.831013916500994,0.3870302158011445,4.831013916500994
2021-10-07,0.0426702067134474,0.4079948707938975,0.0426702067134474
2021-10-08,-2.4927728543670873,0.4156252137512792,2.4927728543670873
2021-10-11,1.2272174969623355,0.4261545950764733,1.2272174969623355
2021-10-12,0.4345216660664991,0.4027532756656855,0.4345216660664991
2021-10-13,1.768811549861358,0.3722512690217998,1.768811549861358
2021-10-14,2.4520856820744075,0.3884939945503328,2.4520856820744075
2021-10-15,-0.279688216414482,0.3756966669583389,0.279688216414482
2021-10-18,2.4230999126396533,0.376098600473607,2.4230999126396533
2021-10-19,0.1279403842700649,0.4002129166080537,0.1279403842700649
2021-10-20,-0.9303055437243556,0.4068443035871662,0.9303055437243556
2021-10-21,3.2855138706611715,0.3521199023156257,3.2855138706611715
2021-10-22,0.6572317399114929,0.3892406209082878,0.6572317399114929
2021-10-25,4.422583032255255,0.3683394476121189,4.422583032255255
2021-10-26,2.021759973321115,0.3854546550158697,2.021759973321115
2021-10-27,1.6507313884121892,0.3727158201283842,1.6507313884121892
2021-10-28,0.4924029262802453,0.3949126773734409,0.4924029262802453
2021-10-29,2.5939481210375845,0.4046746272679529,2.5939481210375845
2021-11-01,0.6744902335373769,0.4437504391950744,0.6744902335373769
2021-11-02,3.2840213771202698,0.4425045739978603,3.2840213771202698
2021-11-03,2.0959880014998244,0.4521808286925373,2.0959880014998244
2021-11-04,10.863417679679744,0.4736348167978441,10.863417679679744
2021-11-05,-0.1258820021863701,0.5479907120120519,0.1258820021863701
2021-11-08,7.074861521111805,0.5539010918836133,7.074861521111805
2021-11-09,-9.063874605043056,0.4486800191139674,9.063874605043056
2021-11-10,3.7879820138983527,0.3663468660629226,3.7879820138983527
2021-11-11,-1.5032164894315294,0.3755029183811881,1.5032164894315294
2021-11-12,1.80606464511828,0.33712900075936,1.80606464511828
2021-11-15,-2.5955747577899997,0.3397490530328725,2.5955747577899997
2021-11-16,2.2144561309183883,0.315538603311127,2.2144561309183883
2021-11-17,6.4073903609704805,0.3239002618234036,6.4073903609704805
2021-11-18,-0.3831062501931007,0.3338779190152298,0.3831062501931007
2021-11-19,3.951245231523124,0.3460570960769326,3.951245231523124
2021-11-22,-5.913417071933643,0.3645559271866432,5.913417071933643
2021-11-23,-0.2346599016965305,0.2668584607956878,0.2346599016965305
2021-11-24,3.6203553606051897,0.2653179875892612,3.6203553606051897
2021-11-26,-0.7177914110429371,0.2830773418646782,0.7177914110429371
2021-11-29,2.4809985787554756,0.3341528088676376,2.4809985787554756
2021-11-30,0.1521601495372226,0.3552162532349557,0.1521601495372226
2021-12-01,-6.03703189725785,0.3502245427583693,6.03703189725785
2021-12-02,2.5181008521817176,0.2819312379730703,2.5181008521817176
2021-12-03,-6.624999999999997,0.3030076717599597,6.624999999999997
2021-12-06,3.6044176706827247,0.2626535948612364,3.6044176706827247
2021-12-07,3.3659592337758877,0.3217680345832049,3.3659592337758877
2021-12-08,-0.8281508797150017,0.5921409442092066,0.8281508797150017
2021-12-09,-1.8402974727421617,0.5198191393060958,1.8402974727421617
2021-12-10,-2.8924558587479905,0.5009561501008541,2.8924558587479905
2021-12-13,-8.43003074481801,0.391697815046919,8.43003074481801
2021-12-14,2.530777284378494,0.339620412675389,2.530777284378494
2021-12-15,9.690140845070417,0.4091505274105801,9.690140845070417
2021-12-16,-10.166281458654328,0.4531609360210764,10.166281458654328
2021-12-17,-2.429873146328394,0.4110749547972165,2.429873146328394
2021-12-20,3.91503387657938,0.387623794159296,3.91503387657938
2021-12-21,1.8220906463663973,0.4242088804158145,1.8220906463663973
2021-12-22,2.9905506905264567,0.4030886237364842,2.9905506905264567
2021-12-23,-0.3192740715846038,0.4190374788215708,0.3192740715846038
2021-12-27,5.5697909642616255,0.3983984765011633,5.5697909642616255
2021-12-28,-3.319813490035763,0.3601040132753277,3.319813490035763
2021-12-29,-1.471632669914953,0.3562183854710828,1.471632669914953
2021-12-30,-0.5129580581352374,0.3722068928278832,0.5129580581352374
2021-12-31,0.4751634427444793,0.3983565182770385,0.4751634427444793
2022-01-03,1.5495555928224063,0.4484604359962422,1.5495555928224063
2022-01-04,-4.386167718069813,0.4835213385978006,4.386167718069813
2022-01-05,-4.521745138001323,0.463101632976455,4.521745138001323
2022-01-06,1.8125904486251985,0.4204054161275548,1.8125904486251985
2022-01-07,-5.543513023702079,0.4854701112355379,5.543513023702079
2022-01-10,2.7895865467815435,0.4820502812124733,2.7895865467815435
2022-01-11,2.723030469393356,0.5016615960633882,2.723030469393356
2022-01-12,1.1134270393529653,0.4742647756762541,1.1134270393529653
2022-01-13,-7.325839529229365,0.3945841176555463,7.325839529229365
2022-01-14,-0.152091254752843,0.2759319713500217,0.152091254752843
2022-01-18,-0.68926123381569,0.2827277646632894,0.68926123381569
2022-01-19,-2.9717397139460977,0.2317478669758563,2.9717397139460977
2022-01-20,-7.101644008852356,0.2234446153615776,7.101644008852356
2022-01-21,-5.007019185774443,0.1154560973146553,5.007019185774443
2022-01-24,0.9673085535154484,0.1081154211554921,0.9673085535154484
2022-01-25,3.0781513350483447,0.1384573163310829,3.0781513350483447
2022-01-26,1.4113597246127372,0.1546478281947327,1.4113597246127372
2022-01-27,-6.601323828920567,0.1845714099551776,6.601323828920567
2022-01-28,5.3143256921161806,0.1004351909262149,5.3143256921161806
2022-01-31,8.290915365369683,0.1618928060745254,8.290915365369683
2022-02-01,2.748565965583176,0.2287755119797999,2.748565965583176
2022-02-02,-5.179499108319759,0.2459112719623261,5.179499108319759
2022-02-03,-1.9870798920598631,0.1896558049114724,1.9870798920598631
2022-02-04,1.668613382279326,0.2178253185784418,1.668613382279326
2022-02-07,-0.0533398982438845,0.2280350321577399,0.0533398982438845
2022-02-08,5.1849419105874714,0.236437083290847,5.1849419105874714
2022-02-09,1.4557801889001487,0.2627671141266767,1.4557801889001487
2022-02-10,-0.3039045970378779,0.3662154040295807,0.3039045970378779
2022-02-11,-7.647785152029642,0.3331699560263399,7.647785152029642
2022-02-14,4.240828946268908,0.3025853817278928,4.240828946268908
2022-02-15,5.250711451360762,0.2546612229220838,5.250711451360762
2022-02-16,-2.395369206748149,0.2983833786514875,2.395369206748149
2022-02-17,-3.755364806866953,0.3095266183443468,3.755364806866953
2022-02-18,-6.61801966149793,0.3254240007810158,6.61801966149793
2022-02-22,3.3297156500976843,0.3120254729759675,3.3297156500976843
2022-02-23,-11.7091000756239,0.344126667705742,11.7091000756239
2022-02-24,12.876516773733048,0.3224596398140935,12.876516773733048
2022-02-25,1.1424476202520886,0.4407058181497243,1.1424476202520886
2022-02-28,1.2462487495831982,0.5048200651447646,1.2462487495831982
2022-03-01,-2.2024618171339156,0.2097438787720393,2.2024618171339156
2022-03-02,2.127883482067691,0.4106924021079569,2.127883482067691
2022-03-03,-3.616841497846385,0.1265141245226174,3.616841497846385
2022-03-04,-2.424734861443729,0.1264675003756405,2.424734861443729
2022-03-07,-6.609107244598319,0.0810702130319899,6.609107244598319
2022-03-08,5.058895302454362,0.0172259943038493,5.058895302454362
2022-03-09,0.643230446241121,0.0365626618913738,0.643230446241121
2022-03-10,2.1792197416892267,0.0190284203826926,2.1792197416892267
2022-03-11,-5.008252975414821,0.0457452397745678,5.008252975414821
2022-03-14,-1.605011660341118,-0.036981052046563,1.605011660341118
2022-03-15,9.210893205688258,-0.0528853270342791,9.210893205688258
2022-03-16,2.638297872340421,0.0813893278426412,2.638297872340421
2022-03-17,2.8150912106136072,0.0773220749264276,2.8150912106136072
2022-03-18,6.887374490906884,0.0970505174195286,6.887374490906884
2022-03-21,0.8299694420341753,0.1184962234564567,0.8299694420341753
2022-03-22,-2.248662401317017,0.1175122745974313,2.248662401317017
2022-03-23,0.1531041873995384,0.0784859122842994,0.1531041873995384
2022-03-24,6.57341588320721,0.070825702607561,6.57341588320721
2022-03-25,-0.4679767625331731,0.1240145137629646,0.4679767625331731
2022-03-28,3.383113256831974,0.1186519170409847,3.383113256831974
2022-03-29,-1.3608879750474734,0.1156550022153943,1.3608879750474734
2022-03-30,-1.8442622950819767,0.0588142482692576,1.8442622950819767
2022-03-31,-1.4649773234468335,-0.0690527110663156,1.4649773234468335
2022-04-01,-2.3634703196347133,-0.1057013380149659,2.3634703196347133
2022-04-04,1.9679736605806823,-0.1859934747153505,1.9679736605806823
2022-04-05,-8.512511924855072,-0.0643816891188148,8.512511924855072
2022-04-06,-1.977219860431542,-0.1980549427102073,1.977219860431542
2022-04-07,-2.1439384640563026,-0.1925662206531233,2.1439384640563026
2022-04-08,-7.120458251452942,-0.238322395201083,7.120458251452942
2022-04-11,1.4540379940578096,-0.2785198770872616,1.4540379940578096
2022-04-12,-3.5896525713271523,-0.2945159210070522,3.5896525713271523
2022-04-13,3.576030927835056,-0.4103354450192037,3.576030927835056
2022-04-14,-5.798711397467234,-0.3748772218600978,5.798711397467234
2022-04-18,2.45283018867924,-0.4766529209436542,2.45283018867924
2022-04-19,3.669889502762433,-0.3881516142124855,3.669889502762433
2022-04-20,-3.587939832394038,-0.3527808053504477,3.587939832394038
2022-04-21,-6.477438136826788,-0.428468976818793,6.477438136826788
2022-04-22,-5.422843914692406,-0.4865721780523027,5.422843914692406
2022-04-25,2.687220081241535,-0.5636005503148762,2.687220081241535
2022-04-26,-5.6800892585455,-0.538482316478973,5.6800892585455
2022-04-27,1.9840843101408745,-0.5350383782421079,1.9840843101408745
2022-04-28,2.2934570569937383,-0.5388989962667002,2.2934570569937383
2022-04-29,-4.4402638903205895,-0.4422390140954043,4.4402638903205895
2022-05-02,4.6357973085946975,-0.5283435003645268,4.6357973085946975
2022-05-03,2.6958762886597887,-0.5152017902385403,2.6958762886597887
2022-05-04,-0.2810821663404117,-0.4685508112971854,0.2810821663404117
2022-05-05,-5.692857502390886,-0.4437634576568872,5.692857502390886
2022-05-06,-3.746797608881303,-0.4801723342548519,3.746797608881303
2022-05-09,-1.913053121880901,-0.4358584863038248,1.913053121880901
2022-05-10,-1.933404940923731,-0.4981993909356031,1.933404940923731
2022-05-11,-6.501988816510058,-0.5879830060838527,6.501988816510058
2022-05-12,3.507592899729327,-0.4261943752540938,3.507592899729327
2022-05-13,4.294734334048134,-0.3643739793724126,4.294734334048134
2022-05-16,3.2269118738934295,-0.3732198866947716,3.2269118738934295
2022-05-17,-2.0416067278964243,-0.3684169281607141,2.0416067278964243
2022-05-18,-4.337757695566228,-0.5493591270083157,4.337757695566228
2022-05-19,2.3321721674440505,-0.6151357484468302,2.3321721674440505
2022-05-20,-6.104315716593575,-0.6712713564939566,6.104315716593575
2022-05-23,1.450165908811592,-0.6952432296995797,1.450165908811592
2022-05-24,-2.9678982434887984,-0.6526000976880659,2.9678982434887984
2022-05-25,0.0998751560549469,-0.6767114386871551,0.0998751560549469
2022-05-26,13.40733349962584,-0.6865505161255822,13.40733349962584
2022-05-27,4.365995820961177,-0.4728284330348944,4.365995820961177
2022-05-31,-1.3487881981032677,-0.3843081255957962,1.3487881981032677
2022-06-01,-2.307199316385399,-0.2893065183282067,2.307199316385399
2022-06-02,4.316094467526794,-0.3280492719758713,4.316094467526794
2022-06-03,0.3013389932657226,-0.2296197305270517,0.3013389932657226
2022-06-06,-3.485030565860279,-0.2536219809983275,3.485030565860279
2022-06-07,1.7702468601126085,-0.3157451365966452,1.7702468601126085
2022-06-08,-1.6915793393265637,-0.3781494221663792,1.6915793393265637
2022-06-09,-4.767058059628809,-0.3238343405246569,4.767058059628809
2022-06-10,-9.090909090909092,-0.3694018752237548,9.090909090909092
2022-06-13,-1.6812499999999986,-0.4462496541213921,1.6812499999999986
2022-06-14,2.313902485538101,-0.3645533587609929,2.313902485538101
2022-06-15,-1.4600807704255945,-0.3338065698800072,1.4600807704255945
2022-06-16,-1.3366960907944545,-0.2966493295374903,1.3366960907944545
2022-06-17,5.281825153374243,-0.3118508903004958,5.281825153374243
2022-06-21,-1.5083917569577308,-0.275998375481394,1.5083917569577308
2022-06-22,1.802662393689148,-0.3130885461645311,1.802662393689148
2022-06-23,-0.1119956412507202,-0.237017373879447,0.1119956412507202
2022-06-24,4.921212121212124,-0.2524860300682654,4.921212121212124
2022-06-27,-2.3798521256931635,-0.3110920719590584,2.3798521256931635
2022-06-28,-6.426035502958588,-0.3578116506624256,6.426035502958588
2022-06-29,-2.8645503983811644,-0.3684836623371048,2.8645503983811644
2022-06-30,-3.007616691621642,-0.3756004814578116,3.007616691621642
2022-07-01,-4.859386536009134,-0.437367708328431,4.859386536009134
2022-07-05,5.89065255731922,-0.4955484899469451,5.89065255731922
2022-07-06,2.968021319120594,-0.4564537734868383,2.968021319120594
2022-07-07,-0.1649898094529426,-0.4331323274231087,0.1649898094529426
2022-07-08,0.6221646143875434,-0.433143585463263,0.6221646143875434
2022-07-11,-1.6617287131263585,-0.3743564513646247,1.6617287131263585
2022-07-12,-4.440660204348966,-0.4219549210614151,4.440660204348966
2022-07-13,3.5503769705277635,-0.5035678507252239,3.5503769705277635
2022-07-14,3.647074397670102,-0.4442175710493983,3.647074397670102
2022-07-15,4.10626476786513,-0.3775442459883172,4.10626476786513
2022-07-18,1.1286958655379729,-0.289139805714158,1.1286958655379729
2022-07-19,2.796312022321961,-0.2929543829212117,2.796312022321961
2022-07-20,5.534902932672447,-0.1719823624070611,5.534902932672447
2022-07-21,0.0447302208554724,-0.199590837117715,0.0447302208554724
2022-07-22,-4.884591739786513,-0.2126257584531485,4.884591739786513
2022-07-25,-0.7638521652271059,-0.2738307552620133,0.7638521652271059
2022-07-26,0.8467049558884522,-0.259231083344136,0.8467049558884522
2022-07-27,5.5366369187411975,-0.2698430624321795,5.5366369187411975
2022-07-28,-0.9012517385257328,-0.1655095521482271,0.9012517385257328
2022-07-29,2.0715207994161555,-0.1478249878942528,2.0715207994161555
2022-08-01,-0.3299967000329966,-0.0807176770509685,0.3299967000329966
2022-08-02,0.3421255932016359,-0.1327877038939853,0.3421255932016359
2022-08-03,3.657061152661684,-0.1472732138952058,3.657061152661684
2022-08-04,-0.2069075282508434,-0.0815993539593231,0.2069075282508434
2022-08-05,-6.953748006379577,-0.0430023467056791,6.953748006379577
2022-08-08,-1.428408181922066,-0.1559796793488585,1.428408181922066
2022-08-09,2.58520751217249,-0.2320460169471522,2.58520751217249
2022-08-10,2.446604136060579,-0.2336730774890509,2.446604136060579
2022-08-11,0.1599470520103645,-0.2392018526346687,0.1599470520103645
2022-08-12,2.9790748898678396,-0.3040430677878529,2.9790748898678396
2022-08-15,1.1683867172878468,-0.2824622173088297,1.1683867172878468
2022-08-16,-2.0957213457015267,-0.2487127237856158,2.0957213457015267
2022-08-17,-1.1985099605895368,-0.2739611356551104,1.1985099605895368
2022-08-18,0.5737391399377145,-0.3502775254555145,0.5737391399377145
2022-08-19,-4.976638052808865,-0.3381359805191403,4.976638052808865
2022-08-22,-2.8673527730131587,-0.4216481861279513,2.8673527730131587
2022-08-23,0.1383288695293955,-0.3826954197371773,0.1383288695293955
2022-08-24,-0.9875382083235404,-0.3424233750195426,0.9875382083235404
2022-08-25,6.014010923771073,-0.3211404936689679,6.014010923771073
2022-08-26,-10.28728229825839,-0.2198138134225508,10.28728229825839
2022-08-29,-0.374531835205989,-0.3903877080560822,0.374531835205989
2022-08-30,-3.609022556390972,-0.3695056764755565,3.609022556390972
2022-08-31,-7.637805512220488,-0.3625369704643184,7.637805512220488
2022-09-01,-0.7671194313463322,-0.4238039183866268,0.7671194313463322
2022-09-02,-2.617021276595743,-0.3773117188370002,2.617021276595743
2022-09-06,-1.223508848590785,-0.4158284808922093,1.223508848590785
2022-09-07,-0.7667920076679142,-0.3991472111724303,0.7667920076679142
2022-09-08,5.18612081135299,-0.4404531622871664,5.18612081135299
2022-09-09,1.497492406583319,-0.3262379294686744,1.497492406583319
2022-09-12,-3.94599485002435,-0.3280356333624951,3.94599485002435
2022-09-13,-3.9704390668019256,-0.4031957710028982,3.9704390668019256
2022-09-14,-1.801720235400638,-0.4154412038584151,1.801720235400638
2022-09-15,-2.102925809822347,-0.3668713048525074,2.102925809822347
2022-09-16,2.122983950084369,-0.3381248968853862,2.122983950084369
2022-09-19,1.556255763910241,-0.3407669069170391,1.556255763910241
2022-09-20,-0.0113511672783796,-0.2708182043201017,0.0113511672783796
2022-09-21,-1.082267463861354,-0.2907584060610299,1.082267463861354
2022-09-22,-4.973221117061964,-0.3232982465831698,4.973221117061964
2022-09-23,0.571658615136871,-0.3343022045208429,0.571658615136871
2022-09-26,0.1280922264030074,-0.3704393799996063,0.1280922264030074
2022-09-27,-0.7755656832173974,-0.4227908022837851,0.7755656832173974
2022-09-28,0.3062046736502898,-0.4369864654904499,0.3062046736502898
2022-09-29,-2.9000642673521844,-0.3882930821991035,2.9000642673521844
2022-09-30,2.15107139902374,-0.4040668474951123,2.15107139902374
2022-10-03,4.308738964930747,-0.3683699307556119,4.308738964930747
2022-10-04,0.2461371224474006,-0.293876404913544,0.2461371224474006
2022-10-05,2.3956872981325485,-0.2397939730553474,2.3956872981325485
2022-10-06,-5.408472012102868,-0.229629522615532,5.408472012102868
2022-10-07,-3.742502998800474,-0.3297902766382672,3.742502998800474
2022-10-10,-3.954473706072946,-0.4006732055715021,3.954473706072946
2022-10-11,0.1556958740593433,-0.431894682150851,0.1556958740593433
2022-10-12,-5.2508852232489955,-0.4115795476327371,5.2508852232489955
2022-10-13,9.898824172819252,-0.4672721892143515,9.898824172819252
2022-10-14,-4.470432114124564,-0.2699101716068194,4.470432114124564
2022-10-17,7.171383920819578,-0.3294352557160687,7.171383920819578
2022-10-18,-3.7670123136746527,-0.2333387815428954,3.7670123136746527
2022-10-19,1.969862783062538,-0.282776633007634,1.969862783062538
2022-10-20,-0.1221827788326559,-0.2571887467033042,0.1221827788326559
2022-10-21,3.387280752508637,-0.3024496328469641,3.387280752508637
2022-10-24,1.4830508474576305,-0.246486749477979,1.4830508474576305
2022-10-25,1.382597392366168,-0.1943913562369085,1.382597392366168
2022-10-26,5.913435387364997,-0.216194702577798,5.913435387364997
2022-10-27,-3.85913426265592,-0.1622188387892018,3.85913426265592
2022-10-28,5.143467643467651,-0.1610988243028602,5.143467643467651
2022-10-31,0.2395122659312037,-0.1197257744094057,0.2395122659312037
2022-11-01,0.2823836072695578,-0.150140637863647,0.2823836072695578
2022-11-02,-5.826714801444038,-0.1239585041833848,5.826714801444038
2022-11-03,7.229931764164691,-0.0839982822889248,7.229931764164691
2022-11-04,1.7303017303017212,0.061852971762177,1.7303017303017212
2022-11-07,4.027270171492824,0.0375284251107647,4.027270171492824
2022-11-08,-4.320654009864186,0.0936560576679797,4.320654009864186
2022-11-09,4.508703174098782,0.0642404513429862,4.508703174098782
2022-11-10,6.8074324324324245,0.0493146236846402,6.8074324324324245
2022-11-11,2.5968685750435037,0.1225613832545861,2.5968685750435037
2022-11-14,3.1045751633986907,0.1141213804637793,3.1045751633986907
2022-11-15,-3.348981849714436,0.1488171380836201,3.348981849714436
2022-11-16,-2.762738607183741,0.0627955483043059,2.762738607183741
2022-11-17,1.5972001272669365,0.057347261858041,1.5972001272669365
2022-11-18,-5.129650507328071,0.1261887510627322,5.129650507328071
2022-11-21,1.1949560969168826,0.0948590040776066,1.1949560969168826
2022-11-22,5.023486430062623,0.1224950504723526,5.023486430062623
2022-11-23,1.366629394955906,0.2199169974804445,1.366629394955906
2022-11-25,-1.789434979776943,0.1636628872136609,1.789434979776943
2022-11-28,-1.2417321851990395,0.1098615324919484,1.2417321851990395
2022-11-29,-0.8213811840525755,0.1013848924738814,0.8213811840525755
2022-11-30,8.294578581894635,0.0865917365837997,8.294578581894635
2022-12-01,-2.000117653979649,0.2068136883516447,2.000117653979649
2022-12-02,0.1200552254036788,0.2336731254931475,0.1200552254036788
2022-12-05,-0.8933389291923861,0.1962866566336097,0.8933389291923861
2022-12-06,-4.585601935874175,0.150930174547684,4.585601935874175
2022-12-07,3.1765153436469635,0.0568183115457201,3.1765153436469635
2022-12-08,5.450746635531251,0.080089921709846,5.450746635531251
2022-12-09,-0.7167832167832109,0.1060395484283649,0.7167832167832109
2022-12-12,8.769149498151082,-0.0366656707560181,8.769149498151082
2022-12-13,-2.935621391182342,0.0124078091402229,2.935621391182342
2022-12-14,-4.67559904375382,0.041403257215026,4.67559904375382
2022-12-15,-1.643532019129833,0.0201489207853277,1.643532019129833
2022-12-16,-1.7326644608104729,0.0060616839047183,1.7326644608104729
2022-12-19,-3.0654115375331963,-0.0825227258420262,3.0654115375331963
2022-12-20,0.3112549800796813,-0.0883284234715544,0.3112549800796813
2022-12-21,-0.1272185677050913,-0.1017387033436327,0.1272185677050913
2022-12-22,-5.5767856588063465,-0.0854082152222441,5.5767856588063465
2022-12-23,-0.8028428533824683,-0.1019197589886302,0.8028428533824683
2022-12-27,-7.609128300384768,-0.1521134252888533,7.609128300384768
2022-12-28,3.4106412005457023,-0.2267147710988917,3.4106412005457023
2022-12-29,-0.4721566449104338,-0.1655398643644169,0.4721566449104338
2022-12-30,3.6068089856285663,-0.143207764138552,3.6068089856285663
2023-01-03,-1.9123291360851145,-0.1411165569494162,1.9123291360851145
2023-01-04,-0.5217271915974401,-0.1830395697411128,0.5217271915974401
2023-01-05,-0.1173141950175885,-0.1783922581341571,0.1173141950175885
2023-01-06,5.596241536548289,-0.1891860723375054,5.596241536548289
2023-01-09,1.4590421355665988,-0.1437636796128086,1.4590421355665988
2023-01-10,2.144192945121569,-0.1053838918805278,2.144192945121569
2023-01-11,1.6446226206635244,-0.0707703563042823,1.6446226206635244
2023-01-12,1.105590062111802,-0.0406096154739943,1.105590062111802
2023-01-13,3.814964983413201,0.0156540977143528,3.814964983413201
2023-01-17,4.544647612284738,0.0848801002251288,4.544647612284738
2023-01-18,-3.5716307239485903,0.1369101200415868,3.5716307239485903
2023-01-19,-0.1467480629255693,0.1132532660261668,0.1467480629255693
2023-01-20,6.190112280289208,0.0589883345896897,6.190112280289208
2023-01-23,4.2238706820195,0.1872708824841458,4.2238706820195
2023-01-24,0.4541350188558929,0.2342962901007083,0.4541350188558929
2023-01-25,4.169200264375409,0.27504254832573,4.169200264375409
2023-01-26,-1.2131363890157791,0.3462965264543298,1.2131363890157791
2023-01-27,2.507450416195661,0.3533316147241457,2.507450416195661
2023-01-30,-3.912280701754389,0.4135380689847636,3.912280701754389
2023-01-31,2.7204674091656034,0.3938042258119558,2.7204674091656034
2023-02-01,6.647707074297905,0.4352298962473531,6.647707074297905
2023-02-02,0.0,0.4278974477192619,0.0
2023-02-03,-0.9238095238095227,0.4196154780279794,0.9238095238095227
2023-02-06,2.768432183024123,0.4523931813317949,2.768432183024123
2023-02-07,4.700215134225054,0.5235930570877211,4.700215134225054
2023-02-08,0.9782463036583722,0.5946354544560737,0.9782463036583722
2023-02-09,-4.05202158718924,0.6321606269485135,4.05202158718924
2023-02-10,-0.7007837713231951,0.5701204227453188,0.7007837713231951
2023-02-13,0.1857182653914038,0.5504942375209095,0.1857182653914038
2023-02-14,4.499953656501996,0.5652271773453575,4.499953656501996
2023-02-15,-1.8448711694531892,0.6249991048461426,1.8448711694531892
2023-02-16,-2.2681064473862604,0.6686099084947927,2.2681064473862604
2023-02-17,-2.917109703666036,0.630740854556739,2.917109703666036
2023-02-21,-1.3952380952380985,0.5961552854028515,1.3952380952380985
2023-02-22,13.19843531173034,0.5852768293772528,13.19843531173034
2023-02-23,-0.9172354948805485,0.7099791885435116,0.9172354948805485
2023-02-24,1.916038751345528,0.7293231161498099,1.916038751345528
2023-02-27,-1.2589776087874904,0.7395785959999359,1.2589776087874904
2023-02-28,-0.7701523190142099,0.6913895273670456,0.7701523190142099
2023-03-01,-3.035529492928593,0.6835660430926329,3.035529492928593
2023-03-02,3.6997509782995346,0.6333141959237985,3.6997509782995346
2023-03-03,2.4485420240137254,0.7092735072156422,2.4485420240137254
2023-03-06,-1.218031894855802,0.7610520487474697,1.218031894855802
2023-03-07,-0.4788135593220319,0.7729311259545039,0.4788135593220319
2023-03-08,2.9292800272491144,0.759368144546568,2.9292800272491144
2023-03-09,-3.1685625646328837,0.8275773049136718,3.1685625646328837
2023-03-10,-2.8066128412149145,0.7271804370584397,2.8066128412149145
2023-03-13,3.270042194092826,0.7458170278324933,3.270042194092826
2023-03-14,1.1278515491998662,0.7096353403440223,1.1278515491998662
2023-03-15,1.1194815033037315,0.7601320405794593,1.1194815033037315
2023-03-16,8.136679568818405,0.7501480955793768,8.136679568818405
2023-03-17,-1.4125163574782604,0.8328945826675215,1.4125163574782604
2023-03-20,2.2057388249072942,0.784816095019945,2.2057388249072942
2023-03-21,0.9358288770053432,0.7943527353536562,0.9358288770053432
2023-03-22,2.6130558183538213,0.7923934118793424,2.6130558183538213
2023-03-23,-0.311629879589154,0.7770275533027183,0.311629879589154
2023-03-24,-0.7176944989086596,0.8015889223022692,0.7176944989086596
2023-03-27,-1.453217572754025,0.7479497654907873,1.453217572754025
2023-03-28,1.429273641622858,0.7288739384850191,1.429273641622858
2023-03-29,1.5060577819198586,0.7454415344249948,1.5060577819198586
2023-03-30,-0.3268573946895013,0.8014915649887623,0.3268573946895013
2023-03-31,1.3596168017686066,0.7339931952437461,1.3596168017686066
2023-04-03,1.6612744919844598,0.7378909757580758,1.6612744919844598
2023-04-04,-4.065651147822357,0.7276188589590654,4.065651147822357
2023-04-05,-0.913190950091336,0.70200101091166,0.913190950091336
2023-04-06,0.8990370147457281,0.6524397021273656,0.8990370147457281
2023-04-10,3.35719345337956,0.585598635642123,3.35719345337956
2023-04-11,-1.2750915288473768,0.5931535405345486,1.2750915288473768
2023-04-12,-2.3237120935330706,0.5539215248531106,2.3237120935330706
2023-04-13,-0.8603276726266008,0.5625204101837713,0.8603276726266008
2023-04-14,0.2320404467250046,0.5856813217820817,0.2320404467250046
2023-04-17,3.6438237563757534,0.5743742043853995,3.6438237563757534
2023-04-18,-0.6265095247607336,0.6561562202085833,0.6265095247607336
2023-04-19,1.1329995248711544,0.6352318081535188,1.1329995248711544
2023-04-20,-2.598388204257164,0.6105691157130492,2.598388204257164
2023-04-21,0.226328287325621,0.5618216660490934,0.226328287325621
2023-04-24,0.240624884314951,0.5713057104833734,0.240624884314951
2023-04-25,-0.2806706551443943,0.5745341312049812,0.2806706551443943
2023-04-26,1.3369380045922576,0.5640456821536989,1.3369380045922576
2023-04-27,-0.5043306654972026,0.5363181686785852,0.5043306654972026
2023-04-28,2.258953168044069,0.535437152996074,2.258953168044069
2023-05-01,3.017241379310357,0.5619946098407008,3.017241379310357
2023-05-02,-2.928870292887041,0.6094260431667109,2.928870292887041
2023-05-03,-0.6788793103448227,0.5824281030806417,0.6788793103448227
2023-05-04,0.6310802502621984,0.5432432311688788,0.6310802502621984
2023-05-05,2.5030996747587757,0.51898939493415,2.5030996747587757
2023-05-08,1.3217866909753808,0.5562098809312865,1.3217866909753808
2023-05-09,0.3667946987785052,0.5228064434520606,0.3667946987785052
2023-05-10,-0.3757972763316779,0.5425612854562075,0.3757972763316779
2023-05-11,-1.2700719822812705,0.5614866660428597,1.2700719822812705
2023-05-12,-0.0718567072102215,0.54511520787909,0.0718567072102215
2023-05-15,1.1663188171948875,0.5438657322936334,1.1663188171948875
2023-05-16,2.5761936132588845,0.5718712930787456,2.5761936132588845
2023-05-17,2.7920497566252194,0.599977739856482,2.7920497566252194
2023-05-18,3.7027293653403457,0.6364772663057862,3.7027293653403457
2023-05-19,-2.0135717909690585,0.7303188383387281,2.0135717909690585
2023-05-22,0.3203779812951067,0.6900377006734187,0.3203779812951067
2023-05-23,-2.5483870967741864,0.8113070833858902,2.5483870967741864
2023-05-24,27.51737835153922,0.7464039334181072,27.51737835153922
2023-05-25,-1.64317420761624,1.409907193107181,1.64317420761624
2023-05-26,7.139086830298234,1.0271585868921862,7.139086830298234
2023-05-30,-2.726936814878678,1.1176171599340958,2.726936814878678
2023-05-31,-2.5298824959481383,1.114918154436525,2.5298824959481383
2023-06-01,4.1778170386344256,1.1044363475072791,4.1778170386344256
2023-06-02,-2.9628151732049908,1.062997009042637,2.9628151732049908
2023-06-05,-0.2030378575650784,1.0252793890927023,0.2030378575650784
2023-06-06,0.2189029101210316,0.995465734485402,0.2189029101210316
2023-06-07,-3.060516510343047,0.9763349751056958,3.060516510343047
2023-06-08,3.4805428904676057,0.9401512924650796,3.4805428904676057
2023-06-09,0.4175525783231281,0.9196099017405264,0.4175525783231281
2023-06-12,2.515306122448983,0.8669838779942001,2.515306122448983
2023-06-13,1.5876175782610848,0.9415090334654236,1.5876175782610848
2023-06-14,4.355281207133052,0.9583626264421798,4.355281207133052
2023-06-15,1.9905168771419224,0.9145600790504856,1.9905168771419224
2023-06-16,-1.0402761795166815,0.8753875467532755,1.0402761795166815
2023-06-20,1.1698218521791648,0.8684658419773635,1.1698218521791648
2023-06-21,-2.868899565527234,0.8277408964793485,2.868899565527234
2023-06-22,0.4993728255981856,0.8274326833485466,0.4993728255981856
2023-06-23,-0.0070648078372204,0.8253326900035306,0.0070648078372204
2023-06-26,-3.914180071124091,0.8580988436895165,3.914180071124091
2023-06-27,-0.3406946248682532,0.7961693183986007,0.3406946248682532
2023-06-28,2.20855878012788,0.7074997843799812,2.20855878012788
2023-06-29,0.2935656191347099,0.7314584959018212,0.2935656191347099
2023-06-30,2.0081573896353175,0.7512417007939354,2.0081573896353175
2023-07-03,-0.8984641437542613,0.7560484638032494,0.8984641437542613
2023-07-05,-0.6906372374510561,0.6948134932994425,0.6906372374510561
2023-07-06,1.1423382085842724,0.6825886861990381,1.1423382085842724
2023-07-07,0.7915504938329866,0.7424390615601841,0.7915504938329866
2023-07-10,-0.4125934782099048,0.7653056247663212,0.4125934782099048
2023-07-11,1.2994044396318312,0.7628686081931126,1.2994044396318312
2023-07-12,3.4508400529826,0.7316192168033248,3.4508400529826
2023-07-13,4.638123904937321,1.193247441873768,4.638123904937321
2023-07-14,-0.6307048953691037,1.2216516009809633,0.6307048953691037
2023-07-17,0.8900602734991044,1.241858579181497,0.8900602734991044
2023-07-18,1.6337979914776977,1.0871898865580605,1.6337979914776977
2023-07-19,-2.016264958705544,1.0402939378503404,2.016264958705544
2023-07-20,-1.546003827380824,1.0252403072810012,1.546003827380824
2023-07-21,-2.3084651000262064,1.0152680987519171,2.3084651000262064
2023-07-24,0.4694730723659258,1.0189744941435912,0.4694730723659258
2023-07-25,2.4031507977125464,1.0118997784916262,2.4031507977125464
2023-07-26,1.0821146867734337,1.049835776395579,1.0821146867734337
2023-07-27,0.3202992325716393,1.038906111787371,0.3202992325716393
2023-07-28,0.1842804491300277,1.030270392950583,0.1842804491300277
2023-07-31,-0.6298926295076342,1.0357730707172574,0.6298926295076342
2023-08-01,-1.3527911406709123,1.0217335516951074,1.3527911406709123
2023-08-02,-4.431498330824115,1.016191579428665,4.431498330824115
2023-08-03,2.7054794520548,1.0248636103116249,2.7054794520548
2023-08-04,0.2800933644548162,1.0470911428892946,0.2800933644548162
2023-08-07,-0.5719225909423513,1.0307546060108546,0.5719225909423513
2023-08-08,-1.2908835529395948,1.003393690388301,1.2908835529395948
2023-08-09,-4.774811401725614,0.9434962907313128,4.774811401725614
2023-08-10,-0.9701138519924174,0.9060125680754524,0.9701138519924174
2023-08-11,-3.029867548082675,0.9165409031649648,3.029867548082675
2023-08-14,10.062737736501507,0.889248843451724,10.062737736501507
2023-08-15,-0.0897666068222697,0.9295089054392004,0.0897666068222697
2023-08-16,-1.2353998203054808,0.9208927161154667,1.2353998203054808
2023-08-17,-3.036161018876499,0.9208455353850706,3.036161018876499
2023-08-18,4.360267385950504,0.9243849490737668,4.360267385950504
2023-08-21,8.183125814716597,0.9484852623763684,8.183125814716597
2023-08-22,-4.7138256985561435,0.9389201178751,4.7138256985561435
2023-08-23,9.484149478916844,0.9392148697418022,9.484149478916844
2023-08-24,-6.380436514258407,0.9714072354222224,6.380436514258407
2023-08-25,-1.1273717348762042,0.9598419969013856,1.1273717348762042
2023-08-28,0.3958521578245411,1.0103880757338028,0.3958521578245411
2023-08-29,5.0957870826726035,1.0184023219230725,5.0957870826726035
2023-08-30,0.6850990946904848,1.0936360221057433,0.6850990946904848
2023-08-31,0.7735925475901161,1.0861643371523613,0.7735925475901161
2023-09-01,-3.0927213536433396,1.0714264209836948,3.0927213536433396
2023-09-05,0.4520664413246805,1.0420364304096708,0.4520664413246805
2023-09-06,-6.019694060816256,1.0510651830947644,6.019694060816256
2023-09-07,0.9159802306425076,1.0330087519088655,0.9159802306425076
2023-09-08,0.4483914500892434,1.010353650190576,0.4483914500892434
2023-09-11,-3.055387015688659,0.9866889264911942,3.055387015688659
2023-09-12,-0.3084626044972943,0.96631530041351,0.3084626044972943
2023-09-13,3.0269058295964126,0.9825022717778594,3.0269058295964126
2023-09-14,-1.3253536452665886,1.0205964430785883,1.3253536452665886
