date,1e2Rt,muhat,OT
1997-10-07,1.5181194906954063,0.5437722985007509,1.5181194906954063
1997-10-08,-3.5214664737096,0.5860927185858645,3.5214664737096
1997-10-09,-6.750000000000005,0.592056895495148,6.750000000000005
1997-10-10,5.3083109919571,0.54038599907644,5.3083109919571
1997-10-13,3.411405295315688,0.5594959927461353,3.411405295315688
1997-10-14,-2.314130969965539,0.7193485774407622,2.314130969965539
1997-10-15,0.3024193548387183,0.7025540674023486,0.3024193548387183
1997-10-16,-9.195979899497493,0.6338709683862956,9.195979899497493
1997-10-17,1.7708909795240777,0.4116102806233799,1.7708909795240777
1997-10-20,7.61283306144643,0.4809685572896793,7.61283306144643
1997-10-21,11.571500757958567,0.6015643757147014,11.571500757958567
1997-10-22,-4.211956521739132,0.6553710887870335,4.211956521739132
1997-10-23,12.293144208037823,0.6586134977155296,12.293144208037823
1997-10-24,1.0947368421052712,0.7380003586431148,1.0947368421052712
1997-10-27,-18.45064556434819,0.8251879789574272,18.45064556434819
1997-10-28,31.40960163432072,0.5255403817196345,31.40960163432072
1997-10-29,1.2048192771084525,0.4459326234640429,1.2048192771084525
1997-10-30,2.995391705069114,0.4467965272222164,2.995391705069114
1997-10-31,-2.7218493661446583,0.556405310791503,2.7218493661446583
1997-11-03,-4.177845917976244,0.5947807416814791,4.177845917976244
1997-11-04,-0.4000000000000003,0.5838561232270221,0.4000000000000003
1997-11-05,-1.2851405622489993,0.6451878288338676,1.2851405622489993
1997-11-06,-10.170870626525629,0.6789677425902294,10.170870626525629
1997-11-07,1.9021739130434825,0.6940121722993757,1.9021739130434825
1997-11-10,-5.688888888888892,0.7300985498815319,5.688888888888892
1997-11-11,-11.027332704995288,0.6908832140389328,11.027332704995288
1997-11-12,4.55508474576271,0.6712760885859835,4.55508474576271
1997-11-13,-0.2532928064842961,0.7404790685180117,0.2532928064842961
1997-11-14,7.414931437277807,0.7366376623873763,7.414931437277807
1997-11-17,3.4515366430260053,0.8334013780539368,3.4515366430260053
1997-11-18,0.685557586837295,0.8864398627510701,0.685557586837295
1997-11-19,3.767589650476624,0.8974627148023161,3.767589650476624
1997-11-20,-0.4374453193350835,0.9098438505745,0.4374453193350835
1997-11-21,-3.866432337434096,0.8877443157205704,3.866432337434096
1997-11-24,-3.1078610603290677,0.7975619080280243,3.1078610603290677
1997-11-25,0.0,0.69271540506188,0.0
1997-11-26,0.7075471698113214,0.6249623113580179,0.7075471698113214
1997-11-28,-0.7025761124121787,0.5192514123576829,0.7025761124121787
1997-12-01,0.4716981132075476,0.4682760035164106,0.4716981132075476
1997-12-02,-1.45539906103286,0.3999223306999007,1.45539906103286
1997-12-03,4.85945688423058,0.4002710385793736,4.85945688423058
1997-12-04,0.8178100863243962,0.5594540247654038,0.8178100863243962
1997-12-05,2.3433979269941463,0.3440644469442301,2.3433979269941463
1997-12-08,2.730074856891242,0.4400988904705072,2.730074856891242
1997-12-09,-1.543077582511796,0.6222193661892552,1.543077582511796
1997-12-10,-4.309969525467999,0.6136929042200154,4.309969525467999
1997-12-11,5.686988171064609,0.5232079651046786,5.686988171064609
1997-12-12,-1.3344812742143863,0.5739138301932408,1.3344812742143863
1997-12-15,1.352530541012225,0.5010777348163443,1.352530541012225
1997-12-16,-5.811450710288425,0.5614421614796361,5.811450710288425
1997-12-17,-0.5027422303473446,0.4452022601415052,0.5027422303473446
1997-12-18,-2.847955902618287,0.3496634478682733,2.847955902618287
1997-12-19,6.382978723404261,0.2192749387699793,6.382978723404261
1997-12-22,4.177777777777774,0.3666060666873908,4.177777777777774
1997-12-23,-1.322525597269621,0.4631447418037268,1.322525597269621
1997-12-24,-1.3834846519671458,0.4725700817063624,1.3834846519671458
1997-12-26,0.4822446295484392,0.4953640125229174,0.4822446295484392
1997-12-29,5.453752181500878,0.5598934785446051,5.453752181500878
1997-12-30,0.8688456764584157,0.6343827910952697,0.8688456764584157
1997-12-31,2.5430680885972157,0.7055939078081044,2.5430680885972157
1998-01-02,-2.280000000000004,0.687953637340835,2.280000000000004
1998-01-05,-3.8477282030290594,0.6895693342831531,3.8477282030290594
1998-01-06,2.894848871860366,0.6686016609723134,2.894848871860366
1998-01-07,-2.8134050475796446,0.7198398766347937,2.8134050475796446
1998-01-08,-0.6811409110259644,0.7019178495554329,0.6811409110259644
1998-01-09,-10.715816545220743,0.709719342598148,10.715816545220743
1998-01-12,4.272683629380697,0.6152318267711806,4.272683629380697
1998-01-13,7.182320441988951,0.5654722877546713,7.182320441988951
1998-01-14,2.920962199312715,0.6234584123162713,2.920962199312715
1998-01-15,3.464106844741236,0.6375186576703559,3.464106844741236
1998-01-16,-2.743041549011698,0.6399900645365781,2.743041549011698
1998-01-20,2.405640812940688,0.5528398891614321,2.405640812940688
1998-01-21,2.7136492507087824,0.5326095586550283,2.7136492507087824
1998-01-22,5.3627760252365935,0.5488443449706509,5.3627760252365935
1998-01-23,-6.81137724550898,0.5979690097813863,6.81137724550898
1998-01-26,-3.2530120481927693,0.4625905974913394,3.2530120481927693
1998-01-27,-1.411374014113746,0.409714388074766,1.411374014113746
1998-01-28,0.8842105263157973,0.3647184810843748,0.8842105263157973
1998-01-29,4.340567612687809,0.358234051999087,4.340567612687809
1998-01-30,-1.0399999999999965,0.3733868207771785,1.0399999999999965
1998-02-02,4.850444624090546,0.3538939754638128,4.850444624090546
1998-02-03,-2.428681572860458,0.3930291766104886,2.428681572860458
1998-02-04,1.027261951797705,0.3479589396507053,1.027261951797705
1998-02-05,-3.637074696910432,0.3468827725668998,3.637074696910432
1998-02-06,-0.2435064935065004,0.2670491000021733,0.2435064935065004
1998-02-09,-0.8136696501220512,0.3123099690872236,0.8136696501220512
1998-02-10,8.531583264971294,0.297119872702555,8.531583264971294
1998-02-11,-0.415721844293269,0.4160985747872495,0.415721844293269
1998-02-12,-0.3795066413662242,0.386356615823534,0.3795066413662242
1998-02-13,-0.6095238095238058,0.3532387386872579,0.6095238095238058
1998-02-17,-1.3798390187811604,0.294812689474218,1.3798390187811604
1998-02-18,-0.6995724834823042,0.2720582393404108,0.6995724834823042
1998-02-19,2.3483365949119395,0.2828102676353756,2.3483365949119395
1998-02-20,1.1854684512428266,0.3314707286866194,1.1854684512428266
1998-02-23,2.3431594860166225,0.3387008246296973,2.3431594860166225
1998-02-24,0.9601181683899525,0.3818670075893934,0.9601181683899525
1998-02-25,-0.0731528895391287,0.3585478881584231,0.0731528895391287
1998-02-26,10.175695461200585,0.4200151021102385,10.175695461200585
1998-02-27,5.016611295681064,0.477660600362402,5.016611295681064
1998-03-02,-0.4745333755140782,0.5362076297362464,0.4745333755140782
1998-03-03,-4.640813731722823,0.556482420157834,4.640813731722823
1998-03-04,-0.3333333333333336,0.5241701488662853,0.3333333333333336
1998-03-05,5.384615384615386,0.5403697594306751,5.384615384615386
1998-03-06,1.6502697556331267,0.6113947075707526,1.6502697556331267
1998-03-09,11.239463003434292,0.6227713478524224,11.239463003434292
1998-03-10,-4.097670502385631,0.6877797395927304,4.097670502385631
1998-03-11,-3.9800995024875623,0.675523370189653,3.9800995024875623
1998-03-12,1.127704967997556,0.6463809675393054,1.127704967997556
1998-03-13,-0.0904159132007133,0.6565755927909785,0.0904159132007133
1998-03-16,0.2413273001508197,0.6380048425989723,0.2413273001508197
1998-03-17,-0.63195907312669,0.6098884302597471,0.63195907312669
1998-03-18,7.722592368261667,0.5669502739214964,7.722592368261667
1998-03-19,-1.6024739949395663,0.6515990875514147,1.6024739949395663
1998-03-20,-0.5142857142857052,0.5961349781301497,0.5142857142857052
1998-03-23,-1.2636415852958114,0.5776060606185891,1.2636415852958114
1998-03-24,3.0250145433391564,0.5888438622114371,3.0250145433391564
1998-03-25,-3.839638622247318,0.4394529078655427,3.839638622247318
1998-03-26,3.0534351145038063,0.3964061657348434,3.0534351145038063
1998-03-27,1.9373219373219457,0.4143885834028494,1.9373219373219457
1998-03-30,-0.5869200670765765,0.4639116691499186,0.5869200670765765
1998-03-31,-0.1405678942929436,0.4902752358665497,0.1405678942929436
1998-04-01,6.897522522522513,0.5005053799601683,6.897522522522513
1998-04-02,5.609691861996325,0.5856031615831269,5.609691861996325
1998-04-03,-2.0698254364089848,0.6928201545554024,2.0698254364089848
1998-04-06,-7.690348866819456,0.6619191961213806,7.690348866819456
1998-04-07,-0.7172413793103424,0.6234665532375161,0.7172413793103424
1998-04-08,6.9463739927757775,0.7191697553961094,6.9463739927757775
1998-04-09,2.702000519615475,0.719906129152273,2.702000519615475
1998-04-13,-1.06248418922337,0.7513521389339749,1.06248418922337
1998-04-14,4.397852211710558,0.6488563523583544,4.397852211710558
1998-04-15,-1.910360029390148,0.6415649014154696,1.910360029390148
1998-04-16,-0.3245942571785326,0.6262726845414032,0.3245942571785326
1998-04-17,-0.4509018036072204,0.5772221443706071,0.4509018036072204
1998-04-20,-0.1258178158027177,0.5899842267703658,0.1258178158027177
1998-04-21,-2.1164021164021074,0.6388550130309788,2.1164021164021074
1998-04-22,-6.692406692406698,0.6635555392079188,6.692406692406698
1998-04-23,-5.737931034482754,0.602517924531593,5.737931034482754
1998-04-24,1.668129938542576,0.5417649565969236,1.668129938542576
1998-04-27,11.398963730569957,0.5685048301119985,11.398963730569957
1998-04-28,4.70284237726098,0.6665631915284251,4.70284237726098
1998-04-29,0.2714708785784772,0.7274549208269919,0.2714708785784772
1998-04-30,-4.873246369677575,0.6726663182632503,4.873246369677575
1998-05-01,2.4062095730918434,0.6269026376182653,2.4062095730918434
1998-05-04,-1.0358767054067692,0.6253079604877364,1.0358767054067692
1998-05-05,0.0,0.5972928574491584,0.0
1998-05-06,-3.191217768700539,0.6137890255691599,3.191217768700539
1998-05-07,0.2637130801687766,0.6262672255276559,0.2637130801687766
1998-05-08,1.841136244082064,0.5688535844794056,1.841136244082064
1998-05-11,-5.578512396694218,0.6022759133514477,5.578512396694218
1998-05-12,3.1455142231947515,0.5335287591698747,3.1455142231947515
1998-05-13,1.6441262264651242,0.6297866981501987,1.6441262264651242
1998-05-14,-0.1304461257500653,0.6445831018289782,0.1304461257500653
1998-05-15,-2.0376175548589273,0.6721062920111878,2.0376175548589273
1998-05-18,-0.4266666666666641,0.5885571861073184,0.4266666666666641
1998-05-19,0.8569898232458437,0.5401224947392607,0.8569898232458437
1998-05-20,-0.9824747742963308,0.5632651922909369,0.9824747742963308
1998-05-21,-1.2603915258782468,0.5673257099935077,1.2603915258782468
1998-05-22,-2.607278652906043,0.5488352061414311,2.607278652906043
1998-05-26,-6.6090351366424995,0.4693111578090493,6.6090351366424995
1998-05-27,8.539862645565846,0.39469105498143,8.539862645565846
1998-05-28,-1.568088033012375,0.457271742890026,1.568088033012375
1998-05-29,2.487423141419793,0.4695554520377827,2.487423141419793
1998-06-01,-0.8726479410962737,0.5274258932568484,0.8726479410962737
1998-06-02,2.888583218707018,0.4960691106093283,2.888583218707018
1998-06-03,-4.331550802139035,0.5485095980357325,4.331550802139035
1998-06-04,1.9005030743432008,0.5100657287444754,1.9005030743432008
1998-06-05,0.1371365880416896,0.6340009814831427,0.1371365880416896
1998-06-08,5.998356614626139,0.5927126614023867,5.998356614626139
1998-06-09,11.162790697674424,0.5898624597691319,11.162790697674424
1998-06-10,7.019990701999059,0.6702530165390833,7.019990701999059
1998-06-11,14.943527367506524,0.678418446856642,14.943527367506524
1998-06-12,-6.311413454270594,0.7234276929547069,6.311413454270594
1998-06-15,12.202501008471156,0.6810142089425855,12.202501008471156
1998-06-16,13.661693330936538,0.702869739481603,13.661693330936538
1998-06-17,6.75312351731774,0.6775309663487904,6.75312351731774
1998-06-18,-12.26666666666668,0.764638982118654,12.26666666666668
1998-06-19,5.184059439378599,0.758577088413287,5.184059439378599
1998-06-22,8.444373093594475,0.7973497338662141,8.444373093594475
1998-06-23,17.2020725388601,0.8173780018560121,17.2020725388601
1998-06-24,5.254515599343196,0.8182854966534538,5.254515599343196
1998-06-25,-2.4960998439937647,0.8584170003137306,2.4960998439937647
1998-06-26,-2.818461538461542,0.7913213476844575,2.818461538461542
1998-06-29,3.229483282674782,0.8180748641923575,3.229483282674782
1998-06-30,4.085388295914611,0.8195667075374836,4.085388295914611
1998-07-01,13.696369636963691,0.9011590888161032,13.696369636963691
1998-07-02,10.045614762595903,1.0248962753831778,10.045614762595903
1998-07-06,12.265661799340542,1.065635095260752,12.265661799340542
1998-07-07,-21.767223294453306,0.91940916297548,21.767223294453306
1998-07-08,-1.115520755121738,0.780502634509601,1.115520755121738
1998-07-09,-6.898795964855201,0.81588425115847,6.898795964855201
1998-07-10,-6.303157404171028,0.8311101817090994,6.303157404171028
1998-07-13,12.434717731907485,0.8502522902908383,12.434717731907485
1998-07-14,6.912187569121875,0.9096788762718968,6.912187569121875
1998-07-15,-2.2137167683872945,0.8918383398889504,2.2137167683872945
1998-07-16,-0.930921400613565,0.858505363078597,0.930921400613565
1998-07-17,7.78430325680727,0.8111299246351921,7.78430325680727
1998-07-20,13.314840499306504,0.8168731122063578,13.314840499306504
1998-07-21,-2.3692953313516263,0.8466608891513364,2.3692953313516263
1998-07-22,-2.9909554938658633,0.7495409239831067,2.9909554938658633
1998-07-23,-0.5723253023169929,0.6850172242920612,0.5723253023169929
1998-07-24,-7.835855538018747,0.6892352080578031,7.835855538018747
1998-07-27,4.462576810718232,0.7073811767086773,4.462576810718232
1998-07-28,-3.1629701060752113,0.7061814799510032,3.1629701060752113
1998-07-29,-7.259510057757415,0.6628933322934997,7.259510057757415
1998-07-30,2.458928379684316,0.5840115866895462,2.458928379684316
1998-07-31,-4.150073359882632,0.4160034967380219,4.150073359882632
1998-08-03,0.3389459873168589,0.4495933738833104,0.3389459873168589
1998-08-04,2.4408848207475304,0.52040340113999,2.4408848207475304
1998-08-05,-7.477927880012768,0.4978806676143729,7.477927880012768
1998-08-06,6.587721315244886,0.4390346319916141,6.587721315244886
1998-08-07,5.166648689461756,0.4608312197263874,5.166648689461756
1998-08-10,-1.2820512820512775,0.4701555106455234,1.2820512820512775
1998-08-11,9.745454545454544,0.3085122221243535,9.745454545454544
1998-08-12,3.048376408217363,0.4444519255033468,3.048376408217363
1998-08-13,0.0551217271474445,0.5048451376628507,0.0551217271474445
1998-08-14,-7.602607657699016,0.5497108754606133,7.602607657699016
1998-08-17,0.3577461989466409,0.4183893189993022,0.3577461989466409
1998-08-18,8.307753242895343,0.4981680976106082,8.307753242895343
1998-08-19,-3.812397147558974,0.528355070122962,3.812397147558974
1998-08-20,0.7888983936888103,0.474067396371253,0.7888983936888103
1998-08-21,2.3576009053187392,0.472157416089126,2.3576009053187392
1998-08-24,5.518702782384381,0.4639875426598003,5.518702782384381
1998-08-25,-5.588055531301848,0.4543661953371138,5.588055531301848
1998-08-26,-4.143161009895492,0.3251990563854121,4.143161009895492
1998-08-27,-3.7240713941148065,0.296664337589371,3.7240713941148065
1998-08-28,-11.95510572201623,0.4212840289564162,11.95510572201623
1998-08-31,-27.794218074208977,0.3746743192806706,27.794218074208977
1998-09-01,9.189785624211858,0.1753955614062003,9.189785624211858
1998-09-02,0.6063230835859653,0.135618324297726,0.6063230835859653
1998-09-03,3.6590615583297574,0.1288760747077569,3.6590615583297574
1998-09-04,8.430232558139528,0.0622141981925597,8.430232558139528
1998-09-08,-4.787437763309074,0.1370422344260776,4.787437763309074
1998-09-09,-11.303298471440067,0.1857390965881537,11.303298471440067
1998-09-10,-1.2698412698412642,0.1581108624700929,1.2698412698412642
1998-09-11,2.557035676006727,0.1647256548021109,2.557035676006727
1998-09-14,-11.899074350552404,0.1652194199194712,11.899074350552404
1998-09-15,4.863582443653629,0.2225120211755889,4.863582443653629
1998-09-16,8.322559793148026,0.3102015464011556,8.322559793148026
1998-09-17,-3.3417872594360696,0.2375941610850236,3.3417872594360696
1998-09-18,-2.253434171940123,0.1041067512440564,2.253434171940123
1998-09-21,16.12190115269226,-0.0077752758202122,16.12190115269226
1998-09-22,2.9099809627413618,0.2612833753315406,2.9099809627413618
1998-09-23,17.957188160676534,0.3981325759284738,17.957188160676534
1998-09-24,-8.05421754228745,0.4087857200906235,8.05421754228745
1998-09-25,18.15302144249513,0.4627062592547837,18.15302144249513
1998-09-28,0.7527325221695167,0.5397857199560073,0.7527325221695167
1998-09-29,-4.902261795107966,0.6508019931764346,4.902261795107966
1998-09-30,-3.1424881618596645,0.688439704553963,3.1424881618596645
1998-10-01,-2.4888888888888863,0.6983923655997498,2.4888888888888863
1998-10-02,3.3842297174111153,0.8093739252847941,3.3842297174111153
1998-10-05,2.4137550975421616,0.7841478863442725,2.4137550975421616
1998-10-06,-7.963839862247101,0.8092388763572124,7.963839862247101
1998-10-07,-19.24695977549111,0.7317495096137419,19.24695977549111
1998-10-08,8.905299739357082,0.7433261048465438,8.905299739357082
1998-10-09,7.618667730355009,0.8021138112761753,7.618667730355009
1998-10-12,-5.473190017296764,0.88944533805874,5.473190017296764
1998-10-13,-0.8103515880277066,0.900703021589391,0.8103515880277066
1998-10-14,3.491896165502697,0.9161698091861148,3.491896165502697
1998-10-15,4.64731347084288,0.97855273294012,4.64731347084288
1998-10-16,0.3771748387881727,1.1017224844734537,0.3771748387881727
1998-10-19,9.85454545454546,1.000678304599932,9.85454545454546
1998-10-20,0.6289308176100671,1.183403280141594,0.6289308176100671
1998-10-21,-1.6557017543859651,1.207472620160347,1.6557017543859651
1998-10-22,6.388672092763967,1.2032168103796057,6.388672092763967
1998-10-23,4.034793544330326,1.2727654853699304,4.034793544330326
1998-10-26,4.200664853430036,1.389523831485479,4.200664853430036
1998-10-27,-5.790796597061093,1.431348983514774,5.790796597061093
1998-10-28,3.735248845561814,1.321946294052469,3.735248845561814
1998-10-29,4.382233653180335,1.258941532428759,4.382233653180335
1998-10-30,1.1846095526914495,1.2234508856965656,1.1846095526914495
1998-11-02,2.3414816896131785,1.2001359248423769,2.3414816896131785
1998-11-03,0.1921844971172317,1.1112910677037453,0.1921844971172317
1998-11-04,-2.8041651443185924,1.1189031497015154,2.8041651443185924
1998-11-05,-1.325063433887793,1.0224804121383133,1.325063433887793
1998-11-06,-3.2761904761904748,0.8873625501681693,3.2761904761904748
1998-11-09,5.238282788499401,0.8648152397385936,5.238282788499401
1998-11-10,4.182260479041913,1.0246401862654035,4.182260479041913
1998-11-11,-6.079928154467883,1.0238728593631838,6.079928154467883
1998-11-12,5.134825014343073,0.9479645067238768,5.134825014343073
1998-11-13,-2.61027739881764,0.8434361468353736,2.61027739881764
1998-11-16,0.6817332835263433,0.7862622696384577,0.6817332835263433
1998-11-17,17.19692050830164,0.8181082822679208,17.19692050830164
1998-11-18,12.781954887218044,1.0449941196668917,12.781954887218044
1998-11-19,2.3368421052631496,1.0369061484491966,2.3368421052631496
1998-11-20,9.072207364739771,1.0393842972042164,9.072207364739771
1998-11-23,17.358229598893498,1.052910590554755,17.358229598893498
1998-11-24,-3.348154497241121,1.080981791685293,3.348154497241121
1998-11-25,0.3436426116838478,1.0352313301780272,0.3436426116838478
1998-11-27,1.0936809544851989,1.237324788464079,1.0936809544851989
1998-11-30,-15.539285324008304,1.282984336405371,15.539285324008304
1998-12-01,11.560357096648977,1.1409765318131833,11.560357096648977
1998-12-02,-3.775007248477816,1.2461313013380504,3.775007248477816
1998-12-03,-1.819934916234784,1.1161203832708937,1.819934916234784
1998-12-04,-1.2828382027989147,1.0099229349077905,1.2828382027989147
1998-12-07,-1.7471864701859114,1.0193089750529611,1.7471864701859114
1998-12-08,8.309074800658143,0.98975376033729,8.309074800658143
1998-12-09,5.959684487291842,1.035021676471351,5.959684487291842
1998-12-10,-3.4739454094292777,0.929658319529686,3.4739454094292777
1998-12-11,5.2670665524136,0.9441015658783388,5.2670665524136
1998-12-14,2.659141477180221,1.0351539371012093,2.659141477180221
1998-12-15,14.151292488238107,1.1068102457633104,14.151292488238107
1998-12-16,1.8801518940446404,1.3400319393407911,1.8801518940446404
1998-12-17,7.195454545454529,1.320314805585426,7.195454545454529
1998-12-18,7.246745537039395,1.4437012111380358,7.246745537039395
1998-12-21,7.72180926775265,1.6130188373299026,7.72180926775265
1998-12-22,0.3229950449623754,1.685147635989133,0.3229950449623754
1998-12-23,-1.75246039585848,1.7544758871314723,1.75246039585848
1998-12-24,2.714679377373955,1.7220042634242785,2.714679377373955
1998-12-28,5.742667585106764,1.7648277444854104,5.742667585106764
1998-12-29,-4.8582301916549575,1.9254385013442776,4.8582301916549575
1998-12-30,-4.72792792792792,1.7865616821379362,4.72792792792792
1998-12-31,3.2869354716695653,1.6814505447416754,3.2869354716695653
1999-01-04,0.3076134324532157,1.6888393249295246,0.3076134324532157
1999-01-05,24.471541747289265,1.5935139900636546,24.471541747289265
1999-01-06,0.5484836041532216,1.7948691160702386,0.5484836041532216
1999-01-07,34.3688923893702,1.809001146967706,34.3688923893702
1999-01-08,-0.1367692073898881,2.0489254538131014,0.1367692073898881
1999-01-11,-1.9021739130434667,2.037283472205754,1.9021739130434667
1999-01-12,-30.747922437673136,1.9371296341659157,30.747922437673136
1999-01-13,20.0,2.0371415554176497,20.0
1999-01-14,-6.666666666666667,2.089112122006596,6.666666666666667
1999-01-15,7.500000000000005,2.056726927845303,7.500000000000005
1999-01-19,-10.256478405315622,2.038664172227903,10.256478405315622
1999-01-20,-22.62927204880649,2.0198328588780425,22.62927204880649
1999-01-21,-4.784688995215311,2.0243215391795766,4.784688995215311
1999-01-22,22.110552763819108,1.988721209169369,22.110552763819108
1999-01-25,-7.30534979423869,2.0655841656041196,7.30534979423869
1999-01-26,19.09006961216082,2.260775241314757,19.09006961216082
1999-01-27,-5.7320091855298125,2.2340166539139843,5.7320091855298125
1999-01-28,-3.805878072700808,2.2310455891971825,3.805878072700808
1999-01-29,-3.1835821877261066,2.2039054930389828,3.1835821877261066
1999-02-01,-1.168557646579243,2.124567705526115,1.168557646579243
1999-02-02,-6.338076579363446,2.149227968020787,6.338076579363446
1999-02-03,14.910091743119262,2.180067557502716,14.910091743119262
1999-02-04,-6.588317951010768,2.3418600287480493,6.588317951010768
1999-02-05,-2.2427350427350388,2.313552979943439,2.2427350427350388
1999-02-08,-5.630551864027419,2.455050244612095,5.630551864027419
1999-02-09,-8.971983397568922,2.35082940727291,8.971983397568922
1999-02-10,2.2879941375239192,2.2200759091886098,2.2879941375239192
1999-02-11,7.462686567164178,2.2120174579472343,7.462686567164178
1999-02-12,-1.0407407407407494,2.2470376746309033,1.0407407407407494
1999-02-16,-7.897002133313368,2.1296484283390926,7.897002133313368
1999-02-17,-1.9667601284083056,2.0075832488796523,1.9667601284083056
1999-02-18,-2.201036269430058,1.8170805057009336,2.201036269430058
1999-02-19,7.815546325336955,1.840202240936949,7.815546325336955
1999-02-22,8.227848101265815,1.6150563906294912,8.227848101265815
1999-02-23,6.810504522175003,1.7261942717664236,6.810504522175003
1999-02-24,-0.8501666326599984,1.8755424084742285,0.8501666326599984
1999-02-25,8.684318836603103,1.9293226715189504,8.684318836603103
1999-02-26,0.1956576622065059,2.0683754304047826,0.1956576622065059
1999-03-01,5.855118110236226,2.0941656201126637,5.855118110236226
1999-03-02,-7.947276027254608,2.200130633668953,7.947276027254608
1999-03-03,1.412502424203255,2.0058413366027747,1.412502424203255
1999-03-04,-1.2462151394422425,2.338862496603347,1.2462151394422425
1999-03-05,-2.01717015233669,2.1838186539319846,2.01717015233669
1999-03-08,3.0369906782173346,2.026159421713303,3.0369906782173346
1999-03-09,9.293181164285036,2.187011306168568,9.293181164285036
1999-03-10,2.1937521937521858,2.333021762594104,2.1937521937521858
1999-03-11,-4.115862384795916,2.302786390826786,4.115862384795916
1999-03-12,-0.7462686567164153,2.165890013110134,0.7462686567164153
1999-03-15,4.511278195488719,2.1412608293401765,4.511278195488719
1999-03-16,-5.530935251798565,2.0206462682869715,5.530935251798565
1999-03-17,1.1910564152552672,1.936304755332546,1.1910564152552672
1999-03-18,6.773232186399352,1.9708619689788869,6.773232186399352
1999-03-19,-6.123657278186587,1.9494756306692935,6.123657278186587
1999-03-22,-3.4267351413040243,1.8105804698422232,3.4267351413040243
1999-03-23,-8.891031222788898,1.718277318143402,8.891031222788898
1999-03-24,10.024917227019824,1.757270865810903,10.024917227019824
1999-03-25,8.581001427064596,1.7874238355018108,8.581001427064596
1999-03-26,7.142857142857143,1.7986381141338237,7.142857142857143
1999-03-29,1.3333333333333286,1.866799052099308,1.3333333333333286
1999-03-30,12.665789473684214,1.8817644968488985,12.665789473684214
1999-03-31,4.743886202788874,2.024741411595565,4.743886202788874
1999-04-01,-3.7641601998037655,2.137845884817317,3.7641601998037655
1999-04-05,6.879692279173231,2.129418395332524,6.879692279173231
1999-04-06,1.1512195121951347,2.244398639606791,1.1512195121951347
1999-04-07,-6.329303840877917,2.219239361937298,6.329303840877917
1999-04-08,1.894606777566752,2.0839096372571784,1.894606777566752
1999-04-09,-1.122813321057237,2.1389970834514833,1.122813321057237
1999-04-12,6.034384865208599,2.0590246844937927,6.034384865208599
1999-04-13,-2.544551062371492,2.1128615365169616,2.544551062371492
1999-04-14,-8.859340659340665,2.0296642574147334,8.859340659340665
1999-04-15,10.851479418360707,1.811302399584336,10.851479418360707
1999-04-16,2.7866605756052967,1.8393782377811696,2.7866605756052967
1999-04-19,-16.766137566137566,1.8379285013965667,16.766137566137566
1999-04-20,9.575874694873889,1.5907527405225448,9.575874694873889
1999-04-21,6.924397828003898,1.4584982153580344,6.924397828003898
1999-04-22,4.6464690307739085,1.5420454024574537,4.6464690307739085
1999-04-23,8.359775192351547,1.6023590807676535,8.359775192351547
1999-04-26,3.827751196172252,1.6955611569525928,3.827751196172252
1999-04-27,-7.834101382488477,1.9052545749536889,7.834101382488477
1999-04-28,-13.781999999999996,1.6915383594532318,13.781999999999996
1999-04-29,2.6467790948525747,1.629541681987818,2.6467790948525747
1999-04-30,-5.719774011299433,1.6380136020733909,5.719774011299433
1999-05-03,-8.540473165703878,1.5847705825220413,8.540473165703878
1999-05-04,-5.731732886046747,1.5113741941287655,5.731732886046747
1999-05-05,2.8663571408713047,1.3653603767282865,2.8663571408713047
1999-05-06,-4.897297297297298,1.2834490350919876,4.897297297297298
1999-05-07,-2.9328180061384614,1.2169631033728332,2.9328180061384614
1999-05-10,10.293945426864967,1.0855762817744383,10.293945426864967
1999-05-11,-1.7413463580377968,1.14832175860108,1.7413463580377968
1999-05-12,-2.49081478279663,1.030352541690724,2.49081478279663
1999-05-13,-7.79353909236992,0.9397876195197123,7.79353909236992
1999-05-14,-2.346684294342119,0.7677675378586225,2.346684294342119
1999-05-17,4.950769230769225,0.6390331616947154,4.950769230769225
1999-05-18,-1.832360960450321,0.6215507487977856,1.832360960450321
1999-05-19,2.1024967148488902,0.5448444955698921,2.1024967148488902
1999-05-20,-4.387504387504385,0.5302828726216866,4.387504387504385
1999-05-21,-1.6275085658345678,0.4317329054288073,1.6275085658345678
1999-05-24,-8.841273790272423,0.3653979580486128,8.841273790272423
1999-05-25,-3.4660389588237273,0.2471851050167038,3.4660389588237273
1999-05-26,5.686115135880137,0.177846333333854,5.686115135880137
1999-05-27,-3.343810606567247,0.2407568063151181,3.343810606567247
1999-05-28,-3.566733550128,0.1764310257556706,3.566733550128
1999-06-01,-6.052017937219741,0.0951147836343917,6.052017937219741
1999-06-02,8.767374369940432,0.0068713525357051,8.767374369940432
1999-06-03,-7.295323690492901,0.0478488935546768,7.295323690492901
1999-06-04,2.783458304930702,-0.0217421268450191,2.783458304930702
1999-06-07,10.533878633801251,0.0206260930793368,10.533878633801251
1999-06-08,-5.053333333333339,0.2401294622575321,5.053333333333339
1999-06-09,-1.808032579693859,0.1227095342334538,1.808032579693859
1999-06-10,2.903214272945044,0.1232362821389937,2.903214272945044
1999-06-11,-9.718216879191136,0.1379905180835197,9.718216879191136
1999-06-14,-11.241533251231528,0.0575092018978328,11.241533251231528
1999-06-15,9.8209252915926,0.0568158816624808,9.8209252915926
1999-06-16,10.178458622867971,0.1727209179997512,10.178458622867971
1999-06-17,0.2795097828424005,0.1563056906128702,0.2795097828424005
1999-06-18,1.454402515723277,0.2063908160340127,1.454402515723277
1999-06-21,8.474516572153137,0.0234156790872274,8.474516572153137
1999-06-22,-6.188914504659541,0.1677043750661028,6.188914504659541
1999-06-23,2.215222733723307,0.1484256240043558,2.215222733723307
1999-06-24,-1.4290068064068346,0.2039189381721931,1.4290068064068346
1999-06-25,-4.668659177573943,0.1958525348813276,4.668659177573943
1999-06-28,-0.6738738738738717,0.1929327675477978,0.6738738738738717
1999-06-29,5.667017378369557,-0.0165044035122595,5.667017378369557
1999-06-30,7.5124463519313265,0.1160863472923791,7.5124463519313265
1999-07-01,-1.596780889726306,0.2265495775217867,1.596780889726306
1999-07-02,3.8522701457177178,0.2722686252267002,3.8522701457177178
1999-07-06,-1.465625000000012,0.4232525149902644,1.465625000000012
1999-07-07,-0.3964352541942765,0.3743442564671049,0.3964352541942765
1999-07-08,0.3980131185123777,0.2776551405205761,0.3980131185123777
1999-07-09,-0.8911864514287461,0.2920863892806067,0.8911864514287461
1999-07-12,-6.998400000000004,0.3739593558110097,6.998400000000004
1999-07-13,9.568867632384828,0.2949858381741403,9.568867632384828
1999-07-14,5.9854289662102715,0.4185918617953384,5.9854289662102715
1999-07-15,2.779259259259256,0.4126668304720166,2.779259259259256
1999-07-16,-1.9833948339483387,0.3742134204445158,1.9833948339483387
1999-07-19,-5.0558823529411745,0.2884571833735319,5.0558823529411745
1999-07-20,-6.291626653449399,0.2270000267150355,6.291626653449399
1999-07-21,-3.771900826446284,0.0678054304561896,3.771900826446284
1999-07-22,-5.688962176646397,0.0182946445178141,5.688962176646397
1999-07-23,0.5682439077696448,-0.1043325367307056,0.5682439077696448
1999-07-26,-1.3003006266072592,-0.010843494472798,1.3003006266072592
1999-07-27,-6.436697247706429,-0.057173485490346,6.436697247706429
1999-07-28,0.3843740194540419,-0.1242273873636527,0.3843740194540419
1999-07-29,-0.2461514417441577,-0.1319049065569086,0.2461514417441577
1999-07-30,-3.670048176726337,-0.1938667300626594,3.670048176726337
1999-08-02,-1.3987151337724733,-0.3515135003304903,1.3987151337724733
1999-08-03,-3.348453608247421,-0.4012189235482161,3.348453608247421
1999-08-04,-6.600392524959471,-0.4212406094961202,6.600392524959471
1999-08-05,10.346717829244902,-0.4967985270500808,10.346717829244902
1999-08-06,-5.303030303030298,-0.3586178377961663,5.303030303030298
1999-08-09,-6.692896174863398,-0.3469769974405149,6.692896174863398
1999-08-10,8.199025487256385,-0.4147133664817683,8.199025487256385
1999-08-11,-1.4895643890188015,-0.3826271786210832,1.4895643890188015
1999-08-12,4.3956043956043995,-0.3479836562484223,4.3956043956043995
1999-08-13,3.4231578947368484,-0.3006810038156307,3.4231578947368484
1999-08-16,2.2879941375239192,-0.2097492216439338,2.2879941375239192
1999-08-17,14.551243781094517,-0.2242718773906652,14.551243781094517
1999-08-18,-3.797644279211971,-0.130035139944662,3.797644279211971
1999-08-19,-4.063132042762217,-0.2013519933129232,4.063132042762217
1999-08-20,9.114181380115207,-0.2640783169729113,9.114181380115207
1999-08-23,0.0552028705492624,-0.2850688871788061,0.0552028705492624
1999-08-24,5.872413793103452,-0.3171008271230654,5.872413793103452
1999-08-25,8.295606292544706,-0.2351695691299701,8.295606292544706
1999-08-26,-1.8796992481203008,-0.2274363723162699,1.8796992481203008
1999-08-27,-2.2498084291187848,-0.0984263542688013,2.2498084291187848
1999-08-30,-7.202659057414311,-0.0708261593579544,7.202659057414311
1999-08-31,7.285260525782246,-0.1718178536664068,7.285260525782246
1999-09-01,-9.448818897637793,-0.0838384249845808,9.448818897637793
1999-09-02,10.653913043478257,-0.2396838180504046,10.653913043478257
1999-09-03,0.2923333228554391,-0.1797245316973662,0.2923333228554391
1999-09-07,-2.839591299442105,-0.0590808963138029,2.839591299442105
1999-09-08,2.4193548387096686,-0.1615013663499297,2.4193548387096686
1999-09-09,3.8393700787401617,-0.1562924163797417,3.8393700787401617
1999-09-10,-0.4731717674178792,0.0060203857009747,0.4731717674178792
1999-09-13,-4.382409410904206,-0.0741082052115205,4.382409410904206
1999-09-14,7.96812749003984,-0.1785016583290932,7.96812749003984
1999-09-15,-4.150553505535057,-0.1414690056751267,4.150553505535057
1999-09-16,1.0594721118605366,-0.2666278667304721,1.0594721118605366
1999-09-17,-2.953097857556449,-0.2828739140539245,2.953097857556449
1999-09-20,-3.2376585856048226,-0.2491203096452144,3.2376585856048226
1999-09-21,2.028364651283549,-0.1034642668748047,2.028364651283549
1999-09-22,6.558941408486542,-0.1017922456822805,6.558941408486542
1999-09-23,-7.462686567164179,0.0088791836439428,7.462686567164179
1999-09-24,6.75483870967742,0.0099411806717075,6.75483870967742
1999-09-27,-5.572007010334203,0.1270170802441221,5.572007010334203
1999-09-28,6.400000000000006,0.0573654382046621,6.400000000000006
1999-09-29,20.018045112781955,0.1666092299557295,20.018045112781955
1999-09-30,-3.523279707312185,0.1930726396330612,3.523279707312185
1999-10-01,3.1662337662337694,0.1132401663249093,3.1662337662337694
1999-10-04,-2.910445882323325,0.1713149017637383,2.910445882323325
1999-10-05,3.1584679615175144,0.1524101300342754,3.1584679615175144
1999-10-06,7.6217289660893375,0.2464866261353044,7.6217289660893375
1999-10-07,1.4598369654077032,0.3500712694440721,1.4598369654077032
1999-10-08,2.589898245775584,0.3362864889600102,2.589898245775584
1999-10-11,-1.6134461324416989,0.3861382771827106,1.6134461324416989
1999-10-12,-5.916430982574589,0.3528384152946938,5.916430982574589
1999-10-13,-2.424242424242415,0.3449827060756588,2.424242424242415
1999-10-14,-5.7440993788819945,0.3108039158871709,5.7440993788819945
1999-10-15,-1.0728029943592223,0.3284165251109914,1.0728029943592223
1999-10-18,3.4158429032000237,0.333828065681714,3.4158429032000237
1999-10-19,0.8837245252879189,0.3051676239592052,0.8837245252879189
1999-10-20,-0.4775768719991812,0.360487468905606,0.4775768719991812
1999-10-21,4.490749056942705,0.3721175250774736,4.490749056942705
1999-10-22,-2.993688450109288,0.4607854249922891,2.993688450109288
1999-10-25,5.222784810126575,0.35810406240568,5.222784810126575
1999-10-26,-4.511223925125713,0.4928980160481407,4.511223925125713
1999-10-27,-12.442047974198744,0.3605123224189531,12.442047974198744
1999-10-28,4.676258992805757,0.1995418425041667,4.676258992805757
1999-10-29,-6.4439862542955435,0.2836309986338532,6.4439862542955435
1999-11-01,2.480091681114279,0.2334660993417322,2.480091681114279
1999-11-02,-2.23942652329748,0.2456507231207092,2.23942652329748
1999-11-03,-1.4665337009444557,0.2559869800004707,1.4665337009444557
1999-11-04,-3.628624159076029,0.3758623549362506,3.628624159076029
1999-11-05,0.0957528957529057,0.3187105683160518,0.0957528957529057
1999-11-08,11.090538789113126,0.3006499109395714,11.090538789113126
1999-11-09,-0.6083333333333342,0.3968438720324084,0.6083333333333342
1999-11-10,4.4548782873592065,0.3719546278003807,4.4548782873592065
1999-11-11,-1.3377926421404636,0.3041092489402668,1.3377926421404636
1999-11-12,2.543728813559319,0.375507969456584,2.543728813559319
1999-11-15,-1.8194800729907696,0.3736784897749808,1.8194800729907696
1999-11-16,4.96700336700337,0.379940747124794,4.96700336700337
1999-11-17,-1.5242885370422674,0.4884484850626366,1.5242885370422674
1999-11-18,1.4671009771987034,0.4831277535627054,1.4671009771987034
1999-11-19,0.0,0.4323696453539015,0.0
1999-11-22,3.210231650315875,0.3403418759968186,3.210231650315875
1999-11-23,4.819846720414071,0.3646037731920495,4.819846720414071
1999-11-24,8.085459940652802,0.3785007836188998,8.085459940652802
1999-11-26,4.873602600426098,0.5030528683464551,4.873602600426098
1999-11-29,-7.57486910994766,0.5667114819958887,7.57486910994766
1999-11-30,-1.151066095665369,0.4872445862133084,1.151066095665369
1999-12-01,-1.4326647564469914,0.4851395753740345,1.4326647564469914
1999-12-02,7.558139534883725,0.5384106054675298,7.558139534883725
1999-12-03,-6.080000000000003,0.5089187351372129,6.080000000000003
1999-12-06,1.2937980570007936,0.3781627565731269,1.2937980570007936
1999-12-07,-1.3500000000000023,0.3829128180345568,1.3500000000000023
1999-12-08,10.00783301847671,0.3914975601716555,10.00783301847671
1999-12-09,17.212565445026165,0.541977839044073,17.212565445026165
1999-12-10,-4.74548410727367,0.5779444179299018,4.74548410727367
1999-12-13,-2.6972783373661153,0.6301570354634786,2.6972783373661153
1999-12-14,-10.480963855421694,0.6597027990409003,10.480963855421694
1999-12-15,5.7862095697489115,0.6005473022784988,5.7862095697489115
1999-12-16,-1.0809160305343453,0.6543595505365252,1.0809160305343453
1999-12-17,0.5782606906202461,0.7168295041219104,0.5782606906202461
1999-12-20,-1.215345268542202,0.7198020297953333,1.215345268542202
1999-12-21,4.1424162714111175,0.709029870601767,4.1424162714111175
1999-12-22,-2.5476820270082112,0.7889101353552481,2.5476820270082112
1999-12-23,-10.45918367346939,0.7879978009097086,10.45918367346939
1999-12-27,-5.342450142450141,0.7416017111527471,5.342450142450141
1999-12-28,0.4526739062387061,0.7767107192304828,0.4526739062387061
1999-12-29,1.423811692514205,0.6961442396678564,1.423811692514205
1999-12-30,-6.27939403965685,0.7815203540302622,6.27939403965685
1999-12-31,2.758725035303621,0.7802323887130999,2.758725035303621
2000-01-03,4.755828220858884,0.6521587829983077,4.755828220858884
2000-01-04,-17.42410044977511,0.7878464729236406,17.42410044977511
2000-01-05,1.1517730496453893,0.5567021908152934,1.1517730496453893
2000-01-06,-6.046668162441099,0.5260077849999385,6.046668162441099
2000-01-07,8.301492537313427,0.4367571953143446,8.301492537313427
2000-01-10,-7.8360574405336125,0.4040914426186043,7.8360574405336125
2000-01-11,1.495304743106653,0.3646190574450296,1.495304743106653
2000-01-12,-4.328481348341093,0.4197396042946006,4.328481348341093
2000-01-13,2.790353876004798,0.2867802245818018,2.790353876004798
2000-01-14,-4.961797752808987,0.3126014391488648,4.961797752808987
2000-01-18,1.08452347173619,0.2038797345151758,1.08452347173619
2000-01-19,4.385116801297447,0.1322765751050218,4.385116801297447
2000-01-20,-3.453942454211364,0.196214180723267,3.453942454211364
2000-01-21,4.543063163432668,0.1845997452170944,4.543063163432668
2000-01-24,3.608537343477106,0.2974271921098215,3.608537343477106
2000-01-25,-1.9628571428571489,0.2652673382986057,1.9628571428571489
2000-01-26,-5.0097630635619135,0.3402047775702634,5.0097630635619135
2000-01-27,-0.2883966374179252,0.1875696929499519,0.2883966374179252
2000-01-28,-7.113846153846149,0.1783653475659136,7.113846153846149
2000-01-31,11.799390486285937,0.1381807397610594,11.799390486285937
2000-02-01,0.6488888888888898,0.2295787951894556,0.6488888888888898
2000-02-02,19.41181665636316,0.1952727837272627,19.41181665636316
2000-02-03,2.001824322658579,0.404314326163171,2.001824322658579
2000-02-04,-7.929909365558912,0.4594686183532072,7.929909365558912
2000-02-07,-2.871843334908383,0.2953875366217242,2.871843334908383
2000-02-08,8.845945945945951,0.3114448962985782,8.845945945945951
2000-02-09,-2.540163384898083,0.3892099555605265,2.540163384898083
2000-02-10,-1.7503184713375737,0.3941899973419715,1.7503184713375737
2000-02-11,-1.8644814978087767,0.4076232178784675,1.8644814978087767
2000-02-14,-2.972730155374703,0.3503140457408811,2.972730155374703
2000-02-15,-0.9368446853127744,0.2603501277771378,0.9368446853127744
2000-02-16,-2.0618556701030974,0.3135626191644964,2.0618556701030974
2000-02-17,-3.946666666666668,0.23022802164462,3.946666666666668
2000-02-18,-5.114117887723189,0.2301526944177328,5.114117887723189
2000-02-22,-0.0954756844990706,0.1180844071633779,0.0954756844990706
2000-02-23,8.764412109254579,-0.0143474612782993,8.764412109254579
2000-02-24,-4.427312151016118,0.1079319210595534,4.427312151016118
2000-02-25,-1.2989709066105182,0.024530127737195,1.2989709066105182
2000-02-28,-0.8443255911781568,0.0532971447482017,0.8443255911781568
2000-02-29,2.4636363636363683,-0.0032399729807971,2.4636363636363683
2000-03-01,-3.974802590719541,-0.0988167625010434,3.974802590719541
2000-03-02,-2.599402507006684,-0.1545475264799166,2.599402507006684
2000-03-03,-0.591304347826085,-0.2159812258871525,0.591304347826085
2000-03-06,3.180863922641378,-0.269187019357904,3.180863922641378
2000-03-07,-2.506319748443175,-0.1719663642767351,2.506319748443175
2000-03-08,-0.395256916996053,-0.1723391495892321,0.395256916996053
2000-03-09,6.746031746031744,-0.1111233264985036,6.746031746031744
2000-03-10,-4.8327137546468295,-0.0082631174766803,4.8327137546468295
2000-03-13,3.221874999999999,-0.0918406803617395,3.221874999999999
2000-03-14,-1.9860131391723024,-0.0641642670712728,1.9860131391723024
2000-03-15,-3.8610038610038617,-0.082784782743489,3.8610038610038617
2000-03-16,6.123694779116476,-0.1759635466884543,6.123694779116476
2000-03-17,-3.8781750476824897,-0.0803837230897307,3.8781750476824897
2000-03-20,2.5606299212598476,-0.1567980269562028,2.5606299212598476
2000-03-21,8.829039093449623,-0.1092220387522745,8.829039093449623
2000-03-22,-1.941418815960268,0.1155921253659355,1.941418815960268
2000-03-23,7.375539568345323,0.0613585027231067,7.375539568345323
2000-03-24,-3.183876932972429,0.2144442951770418,3.183876932972429
2000-03-27,0.1743944636678193,0.1647501548887562,0.1743944636678193
2000-03-28,-3.973692936885147,0.1952089180094007,3.973692936885147
2000-03-29,-7.194244604316546,0.1652830053839444,7.194244604316546
2000-03-30,3.48837209302325,0.1271406017113948,3.48837209302325
2000-03-31,-1.965543071161045,0.1129259829831834,1.965543071161045
2000-04-03,-3.915156331183712,-0.0363224730499157,3.915156331183712
2000-04-04,-1.7908263884471098,-0.0832613399161744,1.7908263884471098
2000-04-05,2.7336032388663978,-0.1686374834220935,2.7336032388663978
2000-04-06,2.6608657271666836,-0.1335132550614701,2.6608657271666836
2000-04-07,3.261370266867299,-0.1353994019283184,3.261370266867299
2000-04-10,-7.0631970260223,-0.088828383956145,7.0631970260223
2000-04-11,2.4000000000000057,-0.2254256443876279,2.4000000000000057
2000-04-12,-9.56875,-0.1800011960051793,9.56875
2000-04-13,-17.27831916511162,-0.2828921913478307,17.27831916511162
2000-04-14,-5.485002924220902,-0.4154757048733715,5.485002924220902
2000-04-17,5.250828729281759,-0.4673254905966376,5.250828729281759
2000-04-18,16.13824381640281,-0.4818220753895569,16.13824381640281
2000-04-19,-3.500144634075788,-0.463492288306186,3.500144634075788
2000-04-20,-7.494004796163076,-0.48411560121058,7.494004796163076
2000-04-24,4.933570965651325,-0.4507949205974845,4.933570965651325
2000-04-25,2.895082220335065,-0.4352986236193872,2.895082220335065
2000-04-26,-7.503001200480199,-0.4290866676348356,7.503001200480199
2000-04-27,9.506813757300472,-0.5444042034044585,9.506813757300472
2000-04-28,3.7037037037036904,-0.4398616455315604,3.7037037037036904
2000-05-01,5.692857142857151,-0.4360681484329154,5.692857142857151
2000-05-02,-6.653375684260317,-0.435620204977548,6.653375684260317
2000-05-03,-1.8099547511312313,-0.4222865937838984,1.8099547511312313
2000-05-04,0.6930875576036922,-0.5962529421880415,0.6930875576036922
2000-05-05,4.001757404898756,-0.5578892535520636,4.001757404898756
2000-05-08,-0.5491797507568688,-0.5040242134214957,0.5491797507568688
2000-05-09,-3.4831858407079737,-0.3899400012729316,3.4831858407079737
2000-05-10,-1.0892686862759502,-0.4969253855794777,1.0892686862759502
2000-05-11,1.390485372093889,-0.506347905682284,1.390485372093889
2000-05-12,-1.9419251023990691,-0.5017570953413942,1.9419251023990691
2000-05-15,6.52668481706636,-0.519517201213969,6.52668481706636
2000-05-16,0.1085320169449945,-0.4233743119640522,0.1085320169449945
2000-05-17,5.574596069105414,-0.3790792984907397,5.574596069105414
2000-05-18,-9.5236517821651,-0.2828117573981315,9.5236517821651
2000-05-19,-2.976604547285181,-0.3445752759260355,2.976604547285181
2000-05-22,-4.716981132075472,-0.3348285337491251,4.716981132075472
2000-05-23,-8.043564356435645,-0.3373630285445128,8.043564356435645
2000-05-24,6.5937378870752505,-0.3592506266428589,6.5937378870752505
2000-05-25,-6.565656565656568,-0.2679699014027624,6.565656565656568
2000-05-26,2.2962162162162225,-0.2490563727567126,2.2962162162162225
2000-05-30,7.266655393980383,-0.1506317077382984,7.266655393980383
2000-05-31,-3.692610837438428,-0.0980637511036991,3.692610837438428
2000-06-01,7.160978803502735,-0.0795711556172714,7.160978803502735
2000-06-02,5.0710248968993445,-0.1077696443098974,5.0710248968993445
2000-06-05,-1.8752725686872964,-0.0084352272378144,1.8752725686872964
2000-06-06,-3.933333333333344,-0.0069396616172664,3.933333333333344
2000-06-07,1.3223841468116275,0.0025105964858931,1.3223841468116275
2000-06-08,-1.1871694379970197,-0.0097716063461196,1.1871694379970197
2000-06-09,0.4813431398975599,0.0203135421495672,0.4813431398975599
2000-06-12,-7.664597225415793,0.0007734120001564,7.664597225415793
2000-06-13,2.332530920561118,-0.1412817198216328,2.332530920561118
2000-06-14,-4.688513951979223,-0.1153330724738031,4.688513951979223
2000-06-15,0.5319148936170099,-0.1915466873989336,0.5319148936170099
2000-06-16,-3.7037037037037,-0.2105305721157408,3.7037037037037
2000-06-19,0.826373626373633,-0.2302201584926679,0.826373626373633
2000-06-20,-0.9547475804342151,-0.2165838820141913,0.9547475804342151
2000-06-21,1.65060081869801,-0.2412387739260459,1.65060081869801
2000-06-22,-20.70234692993852,-0.2244321124883039,20.70234692993852
2000-06-23,-3.5876153552121375,-0.4404558788221546,3.5876153552121375
2000-06-26,-4.423425464431358,-0.4870627258055078,4.423425464431358
2000-06-27,9.262222222222228,-0.6772472042758666,9.262222222222228
2000-06-28,0.6779477166720878,-0.6267284327753635,0.6779477166720878
2000-06-29,-0.3393847977158849,-0.5268334652353786,0.3393847977158849
2000-06-30,-0.8432432432432464,-0.4956432598144376,0.8432432432432464
2000-07-03,0.8504143044047131,-0.6674213295695182,0.8504143044047131
2000-07-05,-0.3351351351351342,-0.6240856147551819,0.3351351351351342
2000-07-06,-2.0338431500162755,-0.6038319277654176,2.0338431500162755
2000-07-07,0.6920223661628719,-0.5967308925021098,0.6920223661628719
2000-07-10,-3.265889597536832,-0.5236493163366409,3.265889597536832
2000-07-11,0.7104694782312126,-0.5453316153651919,0.7104694782312126
2000-07-12,0.5305039787798451,-0.5129885616925858,0.5305039787798451
2000-07-13,2.1052040644473062,-0.463260811852526,2.1052040644473062
2000-07-14,17.86892456564769,-0.3813331223134082,17.86892456564769
2000-07-17,-6.413844575053651,-0.2291702085590398,6.413844575053651
2000-07-18,3.4242137267607142,-0.4130188889288824,3.4242137267607142
2000-07-19,-1.354216867469891,-0.3165685242290667,1.354216867469891
2000-07-20,-1.2213591284381216,-0.3112022838756538,1.2213591284381216
2000-07-21,1.5431030219100903,-0.3134141160082176,1.5431030219100903
2000-07-24,-10.501193317422445,-0.3372021078014426,10.501193317422445
2000-07-25,-4.593197278911554,-0.3798405431820729,4.593197278911554
2000-07-26,-10.335976270606356,-0.3924443735469179,10.335976270606356
2000-07-27,0.0,-0.4853588138357392,0.0
2000-07-28,-4.37686875755455,-0.5319319216604104,4.37686875755455
2000-07-31,1.8761226797950905,-0.5507445824577438,1.8761226797950905
2000-08-01,-1.2277150133873276,-0.5382919134152764,1.2277150133873276
2000-08-02,-2.684297520661155,-0.6213425209746514,2.684297520661155
2000-08-03,8.492424757116652,-0.5953784680047152,8.492424757116652
2000-08-04,0.1941261193562591,-0.5478253446632694,0.1941261193562591
2000-08-07,3.90625,-0.5310107427712871,3.90625
2000-08-08,-2.628571428571433,-0.4533748416456929,2.628571428571433
2000-08-09,-2.705707931801338,-0.5408495031072629,2.705707931801338
2000-08-10,-3.1746031746031775,-0.5307266227371231,3.1746031746031775
2000-08-11,9.8360655737705,-0.5910762614170513,9.8360655737705
2000-08-14,3.361194029850747,-0.5762315510523579,3.361194029850747
2000-08-15,8.479177496678798,-0.5244251831141485,8.479177496678798
2000-08-16,1.166072094137682,-0.5157636631314109,1.166072094137682
2000-08-17,3.2894736842105265,-0.468636235265124,3.2894736842105265
2000-08-18,-0.3974522292993532,-0.4381352975911514,0.3974522292993532
2000-08-21,-2.476083286437816,-0.4003548571646155,2.476083286437816
2000-08-22,-4.590043539841585,-0.35479707394897,4.590043539841585
2000-08-23,8.758522102485156,-0.4354285901044386,8.758522102485156
2000-08-24,-1.102067640665287,-0.3287464681787974,1.102067640665287
2000-08-25,-0.8025353984562605,-0.270959654583348,0.8025353984562605
2000-08-28,1.7726476347521376,-0.2644406553837364,1.7726476347521376
2000-08-29,7.281012658227833,-0.2621452319246287,7.281012658227833
2000-08-30,1.769869737587318,-0.2023387762559062,1.769869737587318
2000-08-31,-2.318786810740612,-0.1962770810783425,2.318786810740612
2000-09-01,-2.8201110952855775,-0.1764840439167888,2.8201110952855775
2000-09-05,15.418437637402896,-0.2119759745624669,15.418437637402896
2000-09-06,-0.9269841269841284,0.0066206793169513,0.9269841269841284
2000-09-07,-5.874562078099622,0.1190004497572684,5.874562078099622
2000-09-08,-3.2590440742590023,0.0980445879793835,3.2590440742590023
2000-09-11,1.759489513442504,0.018102249164553,1.759489513442504
2000-09-12,-4.758391737366294,-0.0945925296657903,4.758391737366294
2000-09-13,6.9616576297443915,-0.1060617859226896,6.9616576297443915
2000-09-14,2.688512718385087,0.0418472059254025,2.688512718385087
2000-09-15,-4.134344146685486,0.0171110959232332,4.134344146685486
2000-09-18,-3.305747126436775,-0.0533580762625296,3.305747126436775
2000-09-19,-3.86096714374019,-0.0115806509053405,3.86096714374019
2000-09-20,-7.418764528413875,-0.1463042740055161,7.418764528413875
2000-09-21,2.5054757198568387,-0.2642536570754403,2.5054757198568387
2000-09-22,7.405670210548265,-0.3132319256573644,7.405670210548265
2000-09-25,-1.436265709156208,-0.160127497427946,1.436265709156208
2000-09-26,-4.7703441146064085,-0.1465106810777769,4.7703441146064085
2000-09-27,-3.5566583953680717,-0.2000859598862682,3.5566583953680717
2000-09-28,4.524013722126932,-0.2823197782995713,4.524013722126932
2000-09-29,-2.0820512820512804,-0.2288875395240807,2.0820512820512804
2000-10-02,-3.7655808107258864,-0.2093307889466158,3.7655808107258864
2000-10-03,-9.012244897959182,-0.2359374156852296,9.012244897959182
2000-10-04,5.233566600873266,-0.3403956790072339,5.233566600873266
2000-10-05,-7.63896782994203,-0.2706290465105538,7.63896782994203
2000-10-06,-6.923076923076925,-0.4102990544352981,6.923076923076925
2000-10-09,-1.6528925619834651,-0.4767420005019539,1.6528925619834651
2000-10-10,-6.09075630252101,-0.5448472720542038,6.09075630252101
2000-10-11,1.5677571766053426,-0.5189314704599048,1.5677571766053426
2000-10-12,-14.540456723992117,-0.4716988939744216,14.540456723992117
2000-10-13,15.983505154639191,-0.5708797761221719,15.983505154639191
2000-10-16,-11.555144705966017,-0.3279161171645391,11.555144705966017
2000-10-17,-20.09969448464383,-0.4847617640549512,20.09969448464383
2000-10-18,33.63855906621051,-0.4591810643128841,33.63855906621051
2000-10-19,4.239138619079889,-0.4423978451217941,4.239138619079889
2000-10-20,7.223345853799469,-0.4920884403576985,7.223345853799469
2000-10-23,0.6332524925896036,-0.4140655243903374,0.6332524925896036
2000-10-24,13.803722051144728,-0.4456589020116999,13.803722051144728
2000-10-25,-5.329411764705884,-0.3154098582745351,5.329411764705884
2000-10-26,5.4368087486019725,-0.2950211023346544,5.4368087486019725
2000-10-27,-2.5811774412163393,-0.2012383348149735,2.5811774412163393
2000-10-30,-1.1312080333918055,-0.2348085602979443,1.1312080333918055
2000-10-31,9.557023984336752,-0.2381455603864888,9.557023984336752
2000-11-01,6.282810231207419,-0.1091808804681549,6.282810231207419
2000-11-02,2.4644001891650436,0.0285005783985698,2.4644001891650436
2000-11-03,-1.1230769230769246,0.0498396367532135,1.1230769230769246
2000-11-06,-5.347233027332606,0.0993238648667561,5.347233027332606
2000-11-07,-1.3698630136986254,0.0409512206761457,1.3698630136986254
2000-11-08,-9.199999999999998,0.059850830182755,9.199999999999998
2000-11-09,-5.928781204111599,-0.0159719959430931,5.928781204111599
2000-11-10,-6.302439024390242,-0.0266359498217075,6.302439024390242
2000-11-13,-0.2151881160627587,-0.0064065802844737,0.2151881160627587
2000-11-14,-0.4313043478260858,0.1532332959485317,0.4313043478260858
2000-11-15,0.2165863201285461,0.175995169640183,0.2165863201285461
2000-11-16,-2.3982152816508635,0.2113422219933488,2.3982152816508635
2000-11-17,-7.1428571428571335,0.0672862209482968,7.1428571428571335
2000-11-20,2.4076923076922987,-0.0382478457262911,2.4076923076922987
2000-11-21,-10.328250582137755,-0.024578720183069,10.328250582137755
2000-11-22,10.66342770983414,-0.134450106645333,10.66342770983414
2000-11-24,12.59556430247522,-0.0671642957104425,12.59556430247522
2000-11-27,-12.605042016806722,-0.031847134549806,12.605042016806722
2000-11-28,-3.361538461538467,-0.1033990497612928,3.361538461538467
2000-11-29,-1.4964578524237784,-0.1351005435965266,1.4964578524237784
2000-11-30,0.7595959595959477,-0.1313999751571138,0.7595959595959477
2000-12-01,1.002486165690928,-0.1391887502874286,1.002486165690928
2000-12-04,7.694140066698425,-0.0793061394968143,7.694140066698425
2000-12-05,-8.987687089876879,-0.0715197334784456,8.987687089876879
2000-12-06,-6.58619572261827,-0.2913371092153642,6.58619572261827
2000-12-07,1.0840343422079572,-0.2450735613883403,1.0840343422079572
2000-12-08,-1.870281400137272,-0.3093619673286708,1.870281400137272
2000-12-11,7.099143206854359,-0.3158262355208454,7.099143206854359
2000-12-12,8.416326530612242,-0.1971221709948093,8.416326530612242
2000-12-13,-9.411941871847,-0.1231694973168618,9.411941871847
2000-12-14,-7.5305460892693885,-0.1558418876394251,7.5305460892693885
2000-12-15,-6.741573033707861,-0.1883846129535977,6.741573033707861
2000-12-18,-2.110843373493979,-0.0477602856408282,2.110843373493979
2000-12-19,-20.303269003544703,-0.1011098282881294,20.303269003544703
2000-12-20,1.16135408944897,-0.0488734902460849,1.16135408944897
2000-12-21,-6.497313141182221,-0.1186762222652724,6.497313141182221
2000-12-22,6.530825496342744,-0.1658883229086735,6.530825496342744
2000-12-26,-1.9127023050514893,-0.1140941013662459,1.9127023050514893
2000-12-27,3.912499999999999,-0.2364350858052072,3.912499999999999
2000-12-28,0.7458198003127611,-0.2139946794929943,0.7458198003127611
2000-12-29,-5.600000000000006,-0.2529658541050991,5.600000000000006
2001-01-02,-13.824943081204143,-0.289662362038215,13.824943081204143
2001-01-03,24.761485395567295,-0.3970622152568083,24.761485395567295
2001-01-04,-8.823529411764701,-0.2753673849812914,8.823529411764701
2001-01-05,-6.851612903225812,-0.3670327447168423,6.851612903225812
2001-01-08,0.8588447153345315,-0.4728332732170931,0.8588447153345315
2001-01-09,8.803735750583717,-0.5786461376332771,8.803735750583717
2001-01-10,-0.5932845241100779,-0.5069507627149862,0.5932845241100779
2001-01-11,10.12063492063492,-0.5282777369726877,10.12063492063492
2001-01-12,5.581180811808118,-0.3886622089294597,5.581180811808118
2001-01-16,3.07994757536042,-0.2988220668962815,3.07994757536042
2001-01-17,-2.648866285229924,-0.2430192443226659,2.648866285229924
2001-01-18,10.883761427949498,-0.3610227368469653,10.883761427949498
2001-01-19,-4.299175500588924,-0.2010597455655524,4.299175500588924
2001-01-22,-5.764102564102567,-0.2031266427234558,5.764102564102567
2001-01-23,4.418807139747505,-0.3114259869351437,4.418807139747505
2001-01-24,13.02897644361059,-0.3600110984049852,13.02897644361059
2001-01-25,-12.679822943563266,-0.2930963885536768,12.679822943563266
2001-01-26,0.9927130636814948,-0.3296987601308777,0.9927130636814948
2001-01-29,7.508104151416917,-0.4463184490659937,7.508104151416917
2001-01-30,-7.898064390623484,-0.5034487680431451,7.898064390623484
2001-01-31,-9.240680114056383,-0.5339639619550596,9.240680114056383
2001-02-01,-6.178729346055392,-0.5336737320795386,6.178729346055392
2001-02-02,-9.301748728761016,-0.5588589805300869,9.301748728761016
2001-02-05,-5.565431423492406,-0.6508873282337218,5.565431423492406
2001-02-06,9.962351578337673,-0.6930702206109131,9.962351578337673
2001-02-07,0.816434026863311,-0.6440244995843227,0.816434026863311
2001-02-08,-6.530825496342729,-0.6333950507374044,6.530825496342729
2001-02-09,-1.2996087199552788,-0.6527701227105416,1.2996087199552788
2001-02-12,6.187172589551175,-0.6332452511951402,6.187172589551175
2001-02-13,-5.826666666666661,-0.4999107311964938,5.826666666666661
2001-02-14,-4.431544669403935,-0.4659661328150782,4.431544669403935
2001-02-15,0.9333333333333292,-0.5707676364090258,0.9333333333333292
2001-02-16,0.0,-0.652606149468294,0.0
2001-02-20,-10.098341406135326,-0.6096199391910403,10.098341406135326
2001-02-21,-2.040816326530623,-0.67676377241297,2.040816326530623
2001-02-22,-1.0333333333333306,-0.7037542113056939,1.0333333333333306
2001-02-23,1.5661839003031282,-0.7663728600063864,1.5661839003031282
2001-02-26,-2.0726247720112676,-0.7083244618061619,2.0726247720112676
2001-02-27,-4.7578733491364735,-0.6644259000421341,4.7578733491364735
2001-02-28,-12.213333333333331,-0.6602222357375566,12.213333333333331
2001-03-01,1.5795868772782562,-0.7800147059701129,1.5795868772782562
2001-03-02,23.365231259968095,-0.7164758832594827,23.365231259968095
2001-03-05,5.672268907563028,-0.3884654319232821,5.672268907563028
2001-03-06,-8.716929194066378,-0.2929460919716319,8.716929194066378
2001-03-07,0.0,-0.2797968123705242,0.0
2001-03-08,-4.1883062489529275,-0.2405605677388409,4.1883062489529275
2001-03-09,-0.54205280643469,-0.2303858501099507,0.54205280643469
2001-03-12,-4.957805907172997,-0.3466799378168642,4.957805907172997
2001-03-13,-5.197928227894934,-0.394805132603697,5.197928227894934
2001-03-14,10.98536585365854,-0.5682551229425242,10.98536585365854
2001-03-15,-6.592827004219406,-0.4933985826314625,6.592827004219406
2001-03-16,5.288913984566161,-0.6043102576276632,5.288913984566161
2001-03-19,-5.595280657847693,-0.6289539075397572,5.595280657847693
2001-03-20,-1.7610301079340986,-0.6958259722556793,1.7610301079340986
2001-03-21,-3.026214340786439,-0.8997366572425965,3.026214340786439
2001-03-22,4.969191015702648,-0.8187149808931063,4.969191015702648
2001-03-23,1.3065707252414347,-0.8216320897075473,1.3065707252414347
2001-03-26,2.0560747663551417,-0.773934063479193,2.0560747663551417
2001-03-27,1.6483516483516496,-0.7458877219063322,1.6483516483516496
2001-03-28,-4.774774774774788,-0.7868643513094883,4.774774774774788
2001-03-29,-4.257332071901602,-0.8960872546993669,4.257332071901602
2001-03-30,2.0750988142292397,-0.9799867309676452,2.0750988142292397
2001-04-02,-15.682478218780243,-0.9478729727688872,15.682478218780243
2001-04-03,-1.6073478760045938,-1.100929222841853,1.6073478760045938
2001-04-04,5.2508751458576475,-1.1172449784586784,5.2508751458576475
2001-04-05,-1.3303769401330388,-0.9622158839941,1.3303769401330388
2001-04-06,33.03370786516853,-0.9070056410251028,33.03370786516853
2001-04-09,-5.067567567567553,-0.6357200497642892,5.067567567567553
2001-04-10,16.54804270462633,-0.6654694201374509,16.54804270462633
2001-04-11,-0.3816793893129859,-0.5205765369419377,0.3816793893129859
2001-04-12,11.111111111111112,-0.5081990589114177,11.111111111111112
2001-04-16,-4.758620689655169,-0.3191288839289848,4.758620689655169
2001-04-17,13.396089790007249,-0.2925902212503788,13.396089790007249
2001-04-18,7.918263090676875,-0.1832564299990037,7.918263090676875
2001-04-19,-7.573964497041414,0.0018913102381032,7.573964497041414
2001-04-20,4.929577464788729,-0.1807055167754048,4.929577464788729
2001-04-23,0.3050640634533187,-0.3908499941888558,0.3050640634533187
2001-04-24,-4.562043795620435,-0.2746729392782794,4.562043795620435
2001-04-25,3.569152326322502,-0.249513934074572,3.569152326322502
2001-04-26,-3.2615384615384575,-0.1745291358907471,3.2615384615384575
2001-04-27,-0.5725190839694732,-0.183845930093522,0.5725190839694732
2001-04-30,1.7274472168906037,-0.1475337474894308,1.7274472168906037
2001-05-01,7.798742138364772,-0.2083565209482443,7.798742138364772
2001-05-02,-1.808634772462072,-0.0401850129577089,1.808634772462072
2001-05-03,-2.852049910873443,0.008167048200193,2.852049910873443
2001-05-04,6.177370030581039,-0.0318286080775602,6.177370030581039
2001-05-07,-6.221198156682033,0.0445187771382531,6.221198156682033
2001-05-08,-4.484029484029482,-0.0837570314375346,4.484029484029482
2001-05-09,-0.9646302250803797,-0.1446641664059254,0.9646302250803797
2001-05-10,-5.519480519480517,-0.0680428755673407,5.519480519480517
2001-05-11,-0.1374570446735396,-0.0566155232130453,0.1374570446735396
2001-05-14,-8.121128699242954,0.0459342603770246,8.121128699242954
2001-05-15,0.7490636704119857,-0.0551442810920659,0.7490636704119857
2001-05-16,4.758364312267663,0.1428723665039263,4.758364312267663
2001-05-17,5.251951738821864,0.182863901474676,5.251951738821864
2001-05-18,0.8091706001348624,0.2968655144917931,0.8091706001348624
2001-05-21,12.307692307692305,0.242584516715612,12.307692307692305
2001-05-22,-3.5139964264443084,0.344146454515321,3.5139964264443084
2001-05-23,-3.024691358024701,0.2733474599213937,3.024691358024701
2001-05-24,5.983450031826868,0.2325529907854142,5.983450031826868
2001-05-25,3.363363363363366,0.3449156430860638,3.363363363363366
2001-05-29,-3.89308541545614,0.4685414890405737,3.89308541545614
2001-05-30,-4.232164449818612,0.2236420475094133,4.232164449818612
2001-05-31,8.712121212121206,0.2736584110324138,8.712121212121206
2001-06-01,0.5807200929152154,0.4414184140523909,0.5807200929152154
2001-06-04,-1.5011547344110867,0.4318176498309801,1.5011547344110867
2001-06-05,-2.286049237983583,0.3294727953953852,2.286049237983583
2001-06-06,-5.098980203959206,0.3022706215267721,5.098980203959206
2001-06-07,2.7180783817951912,0.1520607272586519,2.7180783817951912
2001-06-08,-4.615384615384612,0.121304839324067,4.615384615384612
2001-06-11,-5.80645161290323,0.0414171734163645,5.80645161290323
2001-06-12,2.465753424657537,-0.0018884354658247,2.465753424657537
2001-06-13,-5.61497326203209,-0.0790013508567571,5.61497326203209
2001-06-14,-7.861189801699716,-0.0984957269930352,7.861189801699716
2001-06-15,-4.30438124519599,-0.1353350754649728,4.30438124519599
2001-06-18,0.0,-0.2186517474679075,0.0
2001-06-19,-9.477911646586351,-0.34678874070038,9.477911646586351
2001-06-20,12.511091393078972,-0.3292242647389998,12.511091393078972
2001-06-21,3.548895899053622,-0.1974457030467687,3.548895899053622
2001-06-22,-3.1987814166032016,-0.2378743397403884,3.1987814166032016
2001-06-25,-1.337529504327294,-0.1909587023819083,1.337529504327294
2001-06-26,10.127591706539077,-0.117436689471169,10.127591706539077
2001-06-27,3.0412744388124575,0.0492100583687002,3.0412744388124575
2001-06-28,0.5621925509487005,0.1758451301716432,0.5621925509487005
2001-06-29,-1.4675052410901557,0.2404351387969562,1.4675052410901557
2001-07-02,2.765957446808521,0.1171983930976991,2.765957446808521
2001-07-03,-1.4492753623188497,0.1437684314486548,1.4492753623188497
2001-07-05,4.341736694677875,0.1998428968036179,4.341736694677875
2001-07-06,3.020134228187915,0.2630319424526224,3.020134228187915
2001-07-09,4.755700325732911,0.2424791774887787,4.755700325732911
2001-07-10,-4.042288557213941,0.3602800585750487,4.042288557213941
2001-07-11,1.7498379779650122,0.3686457805071944,1.7498379779650122
2001-07-12,3.5668789808917087,0.4003073473281734,3.5668789808917087
2001-07-13,4.182041820418208,0.4700685568530275,4.182041820418208
2001-07-16,-6.493506493506486,0.6070758951325798,6.493506493506486
2001-07-17,1.4520202020201962,0.5508001928556833,1.4520202020201962
2001-07-18,0.4978220286247671,0.5159780974542272,0.4978220286247671
2001-07-19,2.3529411764705905,0.5088864587052865,2.3529411764705905
2001-07-20,2.9643073200241945,0.6407474172051851,2.9643073200241945
2001-07-23,-20.035252643948297,0.6971628712187496,20.035252643948297
2001-07-24,-9.698750918442313,0.4160368305676231,9.698750918442313
2001-07-25,-5.0447518307567165,0.3577284765649708,5.0447518307567165
2001-07-26,5.655526992287923,0.1230463463433152,5.655526992287923
2001-07-27,-0.9732360097323608,0.1202836165131061,0.9732360097323608
2001-07-30,3.5217035217035155,0.19201410593892,3.5217035217035155
2001-07-31,0.712025316455688,0.2319321477756579,0.712025316455688
2001-08-01,-1.0997643362136695,0.2804960757592861,1.0997643362136695
2001-08-02,-2.779984114376483,0.278709122173333,2.779984114376483
2001-08-03,-0.490196078431373,0.2872956893462166,0.490196078431373
2001-08-06,-2.380952380952374,0.3132773712093941,2.380952380952374
2001-08-07,-3.1959629941127026,0.1907701432190199,3.1959629941127026
2001-08-08,-3.214596003475232,0.2076108775203066,3.214596003475232
2001-08-09,-5.026929982046683,0.1281639067816341,5.026929982046683
2001-08-10,-4.536862003780723,-0.0704220145403341,4.536862003780723
2001-08-13,2.17821782178218,-0.1376276891324837,2.17821782178218
2001-08-14,2.131782945736436,-0.1053940986262511,2.131782945736436
2001-08-15,-4.364326375711578,-0.1125912220691934,4.364326375711578
2001-08-16,-5.6547619047619095,-0.1852611795649997,5.6547619047619095
2001-08-17,7.150368033648786,-0.2660575200920633,7.150368033648786
2001-08-20,5.004906771344471,-0.1558228683649216,5.004906771344471
2001-08-21,-5.046728971962621,-0.0728793162156724,5.046728971962621
2001-08-22,-0.2952755905511923,-0.1251543116965774,0.2952755905511923
2001-08-23,-2.86278381046396,-0.1445076752324749,2.86278381046396
2001-08-24,2.540650406504056,-0.1173847594943259,2.540650406504056
2001-08-27,0.2973240832507546,-0.0951118705932115,0.2973240832507546
2001-08-28,-0.7905138339920955,-0.1206731733993008,0.7905138339920955
2001-08-29,-9.7609561752988,-0.1384060882484876,9.7609561752988
2001-08-30,-3.973509933774838,-0.2523347020192541,3.973509933774838
2001-08-31,2.873563218390807,-0.2718177483608185,2.873563218390807
2001-09-04,-3.240223463687154,-0.3012474477146911,3.240223463687154
2001-09-05,-9.468822170900689,-0.3410879209236595,9.468822170900689
2001-09-06,1.5306122448979604,-0.4985749089893133,1.5306122448979604
2001-09-07,5.527638190954765,-0.4507944568894992,5.527638190954765
2001-09-10,-13.095238095238091,-0.4545802687756987,13.095238095238091
2001-09-17,3.972602739726031,-0.6740468646484338,3.972602739726031
2001-09-18,-3.162055335968382,-0.5695711973893831,3.162055335968382
2001-09-19,-3.2653061224489828,-0.6405881199840656,3.2653061224489828
2001-09-20,-2.250351617440227,-0.6839808225782611,2.250351617440227
2001-09-21,10.791366906474831,-0.6628591490533535,10.791366906474831
2001-09-24,-2.7272727272727297,-0.5842791912301599,2.7272727272727297
2001-09-25,-3.8718291054739686,-0.5815735644962096,3.8718291054739686
2001-09-26,-10.138888888888882,-0.6272667263166468,10.138888888888882
2001-09-27,-3.400309119010822,-0.7465093679390604,3.400309119010822
2001-09-28,-5.440000000000005,-0.857307538652972,5.440000000000005
2001-10-01,4.399323181049073,-0.8961180228905714,4.399323181049073
2001-10-02,0.0,-0.8232044412714318,0.0
2001-10-03,14.91085899513776,-0.8887567103840355,14.91085899513776
2001-10-04,-1.6925246826516236,-0.6450215259634311,1.6925246826516236
2001-10-05,1.434720229555238,-0.6169761483681429,1.434720229555238
2001-10-08,0.5657708628005663,-0.6234627742679295,0.5657708628005663
2001-10-09,-2.953586497890298,-0.5615008369479744,2.953586497890298
2001-10-10,9.275362318840587,-0.5886115886270752,9.275362318840587
2001-10-11,2.9177718832891273,-0.4137231593179332,2.9177718832891273
2001-10-12,6.18556701030927,-0.393811181461268,6.18556701030927
2001-10-15,12.014563106796128,-0.3797197300013863,12.014563106796128
2001-10-16,8.125677139761642,-0.3116121941808613,8.125677139761642
2001-10-17,-10.721442885771545,-0.2394046793066793,10.721442885771545
2001-10-18,-4.713804713804718,-0.5052603622971519,4.713804713804718
2001-10-19,-4.946996466431086,-0.4979241249791236,4.946996466431086
2001-10-22,14.622057001239154,-0.5024979283077391,14.622057001239154
2001-10-23,-12.972972972972972,-0.4690871905519947,12.972972972972972
2001-10-24,-8.198757763975163,-0.6190141002321554,8.198757763975163
2001-10-25,3.247631935047364,-0.6323539350649574,3.247631935047364
2001-10-26,-0.2621231979030146,-0.5541853881780963,0.2621231979030146
2001-10-29,-7.884362680683318,-0.683510883484994,7.884362680683318
2001-10-30,-3.138373751783154,-0.7514870002977005,3.138373751783154
2001-10-31,4.270986745213537,-0.7556653860303043,4.270986745213537
2001-11-01,-1.836158192090397,-0.6318104722983496,1.836158192090397
2001-11-02,2.158273381294966,-0.5938040641036717,2.158273381294966
2001-11-05,-0.2816901408450707,-0.5968313909862265,0.2816901408450707
2001-11-06,-0.9887005649717524,-0.5477087837696075,0.9887005649717524
2001-11-07,9.272467902995729,-0.4960577384600989,9.272467902995729
2001-11-08,-7.963446475195829,-0.4204059003920556,7.963446475195829
2001-11-09,1.5602836879432638,-0.4357525002444203,1.5602836879432638
2001-11-12,3.910614525139669,-0.3507541174864907,3.910614525139669
2001-11-13,2.5537634408602172,-0.2639237422378842,2.5537634408602172
2001-11-14,20.838794233289647,-0.2175109176678711,20.838794233289647
2001-11-15,-0.1084598698481562,-0.0052898298336544,0.1084598698481562
2001-11-16,1.5200868621064074,-0.1648757699580104,1.5200868621064074
2001-11-19,-2.994652406417115,-0.2092350834632367,2.994652406417115
2001-11-20,-3.6383682469680294,-0.1855281104496033,3.6383682469680294
2001-11-21,1.8993135011441589,-0.1960489698249694,1.8993135011441589
2001-11-23,10.3750280709634,-0.3334041305210471,10.3750280709634
2001-11-26,22.583926754832156,-0.3136040285533988,22.583926754832156
2001-11-27,-6.72199170124481,-0.1845373749932787,6.72199170124481
2001-11-28,5.7829181494661865,-0.1997724639905102,5.7829181494661865
2001-11-29,-4.962153069806574,-0.1970816988817315,4.962153069806574
2001-11-30,-2.4778761061946732,-0.1987161024582772,2.4778761061946732
2001-12-03,-0.8166969147005552,-0.2758735694186664,0.8166969147005552
2001-12-04,13.449222323879235,-0.3132839650397244,13.449222323879235
2001-12-05,-2.9032258064516157,-0.290867736843897,2.9032258064516157
2001-12-06,2.0764119601329014,-0.2426969663557548,2.0764119601329014
2001-12-07,-6.021155410903178,-0.225141194397894,6.021155410903178
2001-12-10,3.89610389610389,-0.3075657435749462,3.89610389610389
2001-12-11,3.583333333333346,-0.1276249377774266,3.583333333333346
2001-12-12,-7.16009654062753,-0.0179789428930913,7.16009654062753
2001-12-13,-3.812824956672428,-0.1048069607397406,3.812824956672428
2001-12-14,0.0,-0.1681865004347849,0.0
2001-12-17,-0.4504504504504608,-0.197216142298485,0.4504504504504608
2001-12-18,-2.8959276018099573,-0.2191471264602691,2.8959276018099573
2001-12-19,-1.4911463187325271,-0.3294117033446671,1.4911463187325271
2001-12-20,-2.459791863765376,-0.2176322456758135,2.459791863765376
2001-12-21,-1.5518913676042692,-0.1245017139643245,1.5518913676042692
2001-12-24,8.078817733990155,-0.2464896912331276,8.078817733990155
2001-12-26,3.2816773017319996,-0.1627375038397439,3.2816773017319996
2001-12-27,-3.7069726390114774,-0.1949980905448131,3.7069726390114774
2001-12-28,1.4665444546287822,-0.2171731604822806,1.4665444546287822
2001-12-31,-1.2104787714543883,-0.1620509030471054,1.2104787714543883
2002-01-02,1.7739575713240752,-0.1067881292553646,1.7739575713240752
2002-01-03,7.996406109613654,-0.0589697876413128,7.996406109613654
2002-01-04,0.4991680532445928,0.0582857409860707,0.4991680532445928
2002-01-07,1.572847682119216,0.1264368283364288,1.572847682119216
2002-01-08,-2.526487367563173,0.2007244049875126,2.526487367563173
2002-01-09,-2.5083612040133803,0.2504044907175142,2.5083612040133803
2002-01-10,-5.403087478559172,0.294076550650464,5.403087478559172
2002-01-11,-2.085222121486846,0.2209979590969581,2.085222121486846
2002-01-14,-4.259259259259263,0.1834799293220143,4.259259259259263
2002-01-15,-3.191489361702141,0.1986732893144697,3.191489361702141
2002-01-16,-1.898101898101889,0.2365991891876259,1.898101898101889
2002-01-17,-2.24032586558045,0.1140333475314615,2.24032586558045
2002-01-18,32.70833333333334,0.0123841048101153,32.70833333333334
2002-01-22,-1.9623233908948128,0.2973103477993356,1.9623233908948128
2002-01-23,2.0816653322657968,0.3143148008447426,2.0816653322657968
2002-01-24,6.352941176470604,0.3912459179253842,6.352941176470604
2002-01-25,9.587020648967544,0.4376222085016929,9.587020648967544
2002-01-28,4.57604306864065,0.543800003786728,4.57604306864065
2002-01-29,-10.038610038610049,0.6784657804375521,10.038610038610049
2002-01-30,1.0014306151645218,0.6111179082636585,1.0014306151645218
2002-01-31,-0.3541076487252049,0.6824601105474655,0.3541076487252049
2002-02-01,-8.244491826581386,0.6947976936240897,8.244491826581386
2002-02-04,-7.203718048024785,0.6461112894960869,7.203718048024785
2002-02-05,-0.6677796327212027,0.670501746712168,0.6677796327212027
2002-02-06,-5.4621848739495755,0.6480163291596198,5.4621848739495755
2002-02-07,2.311111111111113,0.5385482775712437,2.311111111111113
2002-02-08,9.817549956559512,0.6802300240914758,9.817549956559512
2002-02-11,3.0854430379746773,0.7340334093883404,3.0854430379746773
2002-02-12,0.5372217958557266,0.8051297161286224,0.5372217958557266
2002-02-13,1.8320610687022916,0.8513983203936133,1.8320610687022916
2002-02-14,4.272863568215887,0.8917786864352117,4.272863568215887
2002-02-15,-6.901509705248029,0.8254512657852048,6.901509705248029
2002-02-19,1.8532818532818551,0.785402795748794,1.8532818532818551
2002-02-20,-2.1228203184230496,0.8460918246593263,2.1228203184230496
2002-02-21,1.0844306738962055,0.9218479887784838,1.0844306738962055
2002-02-22,0.3065134099616861,0.9677468791473788,0.3065134099616861
2002-02-25,3.2085561497326234,1.0238589366743156,3.2085561497326234
2002-02-26,7.698001480384907,1.0106113414009907,7.698001480384907
2002-02-27,-1.7869415807560152,1.0801632158264196,1.7869415807560152
2002-02-28,-1.11966410076977,0.9231696478342544,1.11966410076977
2002-03-01,9.12951167728238,0.9288163701846792,9.12951167728238
2002-03-04,3.761348897535671,1.0057730212689715,3.761348897535671
2002-03-05,-7.375000000000007,1.037770972943715,7.375000000000007
2002-03-06,10.728744939271255,0.9802443844745592,10.728744939271255
2002-03-07,-0.9750152346130416,1.0241390197224591,0.9750152346130416
2002-03-08,-1.2923076923076866,0.9875792104671792,1.2923076923076866
2002-03-11,1.932668329177052,0.9231222567679582,1.932668329177052
2002-03-12,-1.8348623853211024,0.853842507389082,1.8348623853211024
2002-03-13,-6.604361370716503,0.7693994663428195,6.604361370716503
2002-03-14,-4.803202134756508,0.7489637068260241,4.803202134756508
2002-03-15,-0.840925017519272,0.7172384646627917,0.840925017519272
2002-03-18,7.067137809187269,0.7903895975245173,7.067137809187269
2002-03-19,-4.42244224422442,0.7254514627679646,4.42244224422442
2002-03-20,0.9668508287292826,0.786155111427427,0.9668508287292826
2002-03-21,3.4199726402188815,0.8770000054315712,3.4199726402188815
2002-03-22,2.3148148148148096,0.8795073093212609,2.3148148148148096
2002-03-25,-5.3652230122818345,0.9073369866461012,5.3652230122818345
2002-03-26,-5.054644808743174,0.9298022328006998,5.054644808743174
2002-03-27,3.5971223021582768,0.9104458174567804,3.5971223021582768
2002-03-28,-0.8333333333333341,0.9036350080360502,0.8333333333333341
2002-04-01,2.5210084033613467,0.9139631371370373,2.5210084033613467
2002-04-02,-1.8442622950819616,0.8017035884887561,1.8442622950819616
2002-04-03,-4.453723034098821,0.7484104431585424,4.453723034098821
2002-04-04,-0.4369992716678809,0.6595832548170582,0.4369992716678809
2002-04-05,-5.12070226773958,0.5851446333794341,5.12070226773958
2002-04-08,8.481110254433316,0.5529135987738295,8.481110254433316
2002-04-09,-2.2032693674484816,0.6602456704068012,2.2032693674484816
2002-04-10,-3.488372093023243,0.5719723692182653,3.488372093023243
2002-04-11,-2.8614457831325324,0.4677720115440865,2.8614457831325324
2002-04-12,4.031007751937988,0.5090020596988458,4.031007751937988
2002-04-15,5.663189269746635,0.4342965867424214,5.663189269746635
2002-04-16,0.4231311706629059,0.4938353025947073,0.4231311706629059
2002-04-17,3.2303370786516883,0.5003542964777787,3.2303370786516883
2002-04-18,-2.1768707482993217,0.5570724240352894,2.1768707482993217
2002-04-19,1.3908205841446466,0.5502430356933107,1.3908205841446466
2002-04-22,-1.577503429355275,0.4951723416658357,1.577503429355275
2002-04-23,6.1324041811846595,0.3237674353072272,6.1324041811846595
2002-04-24,8.404464871963238,0.4509020913477172,8.404464871963238
2002-04-25,2.1199273167777055,0.4773885377498688,2.1199273167777055
2002-04-26,-0.6524317912218208,0.5481228993929299,0.6524317912218208
2002-04-29,-3.701492537313436,0.5637299221656676,3.701492537313436
2002-04-30,2.60384376937384,0.5287182050189639,2.60384376937384
2002-05-01,-0.725075528700907,0.4156431834653792,0.725075528700907
2002-05-02,-1.2172854534388324,0.4441135149673524,1.2172854534388324
2002-05-03,-1.7868145409735006,0.4152708614470031,1.7868145409735006
2002-05-06,1.0664993726474217,0.4581123346957607,1.0664993726474217
2002-05-07,2.731222842954689,0.4319030374547806,2.731222842954689
2002-05-08,3.4441087613293013,0.426421765185618,3.4441087613293013
2002-05-09,4.497663551401867,0.5295540643916912,4.497663551401867
2002-05-10,-4.0245947456679625,0.6126795759577264,4.0245947456679625
2002-05-13,5.066977285963888,0.5722758252480278,5.066977285963888
2002-05-14,3.5476718403547705,0.6277569581997865,3.5476718403547705
2002-05-15,4.4432548179871505,0.6920165816104711,4.4432548179871505
2002-05-16,2.3577652485904683,0.794719213861925,2.3577652485904683
2002-05-17,-5.85878818227342,0.845882866322465,5.85878818227342
2002-05-20,3.936170212765961,0.7479885343931046,3.936170212765961
2002-05-21,-4.452405322415555,0.7627547182025429,4.452405322415555
2002-05-22,0.9105516871987094,0.6637653966157732,0.9105516871987094
2002-05-23,2.9723991507431027,0.6919940980114732,2.9723991507431027
2002-05-24,0.876288659793821,0.734041283844333,0.876288659793821
2002-05-28,-3.832396525293826,0.7502905378892816,3.832396525293826
2002-05-29,-0.6376195536663012,0.6547130606102567,0.6376195536663012
2002-05-30,-1.069518716577541,0.6010041578427373,1.069518716577541
2002-05-31,-1.027027027027034,0.567832756286058,1.027027027027034
2002-06-03,-2.7853631895139235,0.5319563796718284,2.7853631895139235
2002-06-04,1.0112359550561807,0.4780614965282104,1.0112359550561807
2002-06-05,-0.5005561735261468,0.4953372937240884,0.5005561735261468
2002-06-06,0.0,0.4862526719329972,0.0
2002-06-07,0.0558971492453947,0.4776524703712723,0.0558971492453947
2002-06-10,-3.296089385474857,0.471657382803214,3.296089385474857
2002-06-11,-1.5020219526285397,0.4206247166201382,1.5020219526285397
2002-06-12,-0.2932551319648161,0.3884656723857199,0.2932551319648161
2002-06-13,0.8235294117647066,0.3752987684932824,0.8235294117647066
2002-06-14,-1.108518086347719,0.31623689908609,1.108518086347719
2002-06-17,6.961651917404122,0.2914610867919562,6.961651917404122
2002-06-18,1.9856591285162732,0.4103639267633471,1.9856591285162732
2002-06-19,-0.9194159004867444,0.4125677552026712,0.9194159004867444
2002-06-20,-3.930131004366816,0.3438558274095193,3.930131004366816
2002-06-21,-0.9659090909090856,0.2477046678246328,0.9659090909090856
2002-06-24,-3.0981067125645465,0.284282501219027,3.0981067125645465
2002-06-25,-13.025458851391353,0.2211472772869923,13.025458851391353
2002-06-26,9.666439754935324,0.1118393208117405,9.666439754935324
2002-06-27,-2.607076350093112,0.2451180171161927,2.607076350093112
2002-06-28,3.0592734225621445,0.3131575513337987,3.0592734225621445
2002-07-01,-15.893630179344456,0.3502747156490799,15.893630179344456
2002-07-02,-1.6176470588235308,0.3581123635045553,1.6176470588235308
2002-07-03,7.548579970104631,0.3182505521151976,7.548579970104631
2002-07-05,3.891591382904798,0.266506201386654,3.891591382904798
2002-07-08,0.6688963210702198,0.2470446766338893,0.6688963210702198
2002-07-09,3.9867109634551534,0.2439065697313592,3.9867109634551534
2002-07-10,-6.3258785942492,0.2535287139846587,6.3258785942492
2002-07-11,7.435197817189631,0.1827906584342104,7.435197817189631
2002-07-12,-1.7777777777777797,0.3081539821767055,1.7777777777777797
2002-07-15,1.422107304460247,0.2795515528819236,1.422107304460247
2002-07-16,7.329509241555131,0.3005295936372679,7.329509241555131
2002-07-17,-5.463182897862224,0.3386141213360752,5.463182897862224
2002-07-18,-3.5175879396984953,0.2860588091768992,3.5175879396984953
2002-07-19,-1.3671875000000084,0.237813409048376,1.3671875000000084
2002-07-22,2.574257425742584,0.1830362600774463,2.574257425742584
2002-07-23,-20.398970398970395,0.1984219728557736,20.398970398970395
2002-07-24,10.832659660468869,0.1211693239334342,10.832659660468869
2002-07-25,-7.221006564551422,0.098426687797748,7.221006564551422
2002-07-26,4.166666666666662,0.0487295058432628,4.166666666666662
2002-07-29,7.094339622641517,0.1348441494442896,7.094339622641517
2002-07-30,1.8322762508809036,-0.0059228342641194,1.8322762508809036
2002-07-31,-0.96885813148789,0.0141749828782013,0.96885813148789
2002-08-01,-1.2578616352201268,0.0268085044146638,1.2578616352201268
2002-08-02,-3.3970276008492597,-0.0031782094318947,3.3970276008492597
2002-08-05,-2.7838827838827864,-0.0002937370031305,2.7838827838827864
2002-08-06,4.9736247174076915,0.063758301917592,4.9736247174076915
2002-08-07,-4.953338119167261,0.1547513506434483,4.953338119167261
2002-08-08,2.794561933534738,0.1267017672914191,2.794561933534738
2002-08-09,3.894195444526079,0.0286610476088361,3.894195444526079
2002-08-12,1.1315417256011326,0.1144240697371367,1.1315417256011326
2002-08-13,-2.587412587412582,0.0988391704961632,2.587412587412582
2002-08-14,0.8614501076812642,0.0248601139820867,0.8614501076812642
2002-08-15,2.419928825622778,-0.0015010242975163,2.419928825622778
2002-08-16,3.1271716469770623,0.0856992458842244,3.1271716469770623
2002-08-19,3.63881401617251,0.1958642917105066,3.63881401617251
2002-08-20,3.706111833550061,0.1829238208332631,3.706111833550061
2002-08-21,-3.824451410658304,0.2402271771364447,3.824451410658304
2002-08-22,1.6949152542372896,0.168782544125982,1.6949152542372896
2002-08-23,-1.987179487179496,0.2145911926092664,1.987179487179496
2002-08-26,-1.6350555918901186,0.246492861946544,1.6350555918901186
2002-08-27,-3.723404255319152,0.2280379408655513,3.723404255319152
2002-08-28,-0.3453038674033075,0.2408165325781607,0.3453038674033075
2002-08-29,3.3264033264033293,0.1255669800486692,3.3264033264033293
2002-08-30,-1.341381623071765,0.1968571152040303,1.341381623071765
2002-09-03,-0.3399048266485462,0.2309522168382071,0.3399048266485462
2002-09-04,-0.5457025920873129,0.2597956457127626,0.5457025920873129
2002-09-05,-0.1371742112482854,0.2018714730338913,0.1371742112482854
2002-09-06,3.84615384615385,0.1333546208307094,3.84615384615385
2002-09-09,9.325396825396826,0.1824124058804647,9.325396825396826
2002-09-10,3.750756200846949,0.2246264829740741,3.750756200846949
2002-09-11,-1.8658892128279896,0.2899714622595453,1.8658892128279896
2002-09-12,-0.8318478906714208,0.2601897254924673,0.8318478906714208
2002-09-13,-1.078490113840624,0.2655531730052626,1.078490113840624
2002-09-16,2.9678982434887904,0.2163458865093937,2.9678982434887904
2002-09-17,1.2941176470588247,0.1350883741186014,1.2941176470588247
2002-09-18,1.0452961672473875,0.1180888841214658,1.0452961672473875
2002-09-19,0.2873563218390871,0.1511274211554742,0.2873563218390871
2002-09-20,-10.60171919770774,0.2338034832728933,10.60171919770774
2002-09-23,1.730769230769225,-0.0019449466798406,1.730769230769225
2002-09-24,1.8903591682419676,0.0215203593167853,1.8903591682419676
2002-09-25,-1.5460729746443975,0.0532144247742553,1.5460729746443975
2002-09-26,5.841708542713565,0.0596225195958506,5.841708542713565
2002-09-27,-1.2462908011869511,0.0978464195426923,1.2462908011869511
2002-09-30,-2.4639423076923035,0.0502898648929515,2.4639423076923035
2002-10-01,3.573629081947015,-0.0164733997429702,3.573629081947015
2002-10-02,-0.1189767995240929,-0.0320479532583158,0.1189767995240929
2002-10-03,0.9529481834425262,0.0177872940060428,0.9529481834425262
2002-10-04,-2.359882005899707,-0.030568976339475,2.359882005899707
2002-10-07,1.9939577039274872,-0.1019415917332682,1.9939577039274872
2002-10-08,-1.0663507109004748,-0.1380786666787414,1.0663507109004748
2002-10-09,2.7544910179640745,-0.176583479403423,2.7544910179640745
2002-10-10,5.769230769230768,-0.0646880120903079,5.769230769230768
2002-10-11,0.1652892561983533,-0.0530881984114826,0.1652892561983533
2002-10-14,9.130913091309129,0.0238294187132841,9.130913091309129
2002-10-15,-7.913306451612905,0.0958682293520104,7.913306451612905
2002-10-16,10.016420361247938,-0.0356997780122418,10.016420361247938
2002-10-17,-8.0597014925373,0.0162297333252805,8.0597014925373
2002-10-18,2.2186147186147145,0.0226326609049821,2.2186147186147145
2002-10-21,0.6352567496029651,0.0554190619836415,0.6352567496029651
2002-10-22,2.682798527091001,0.0824991051184153,2.682798527091001
2002-10-23,2.2028688524590243,0.1163975728223907,2.2028688524590243
2002-10-24,-5.563909774436101,0.1645000536170851,5.563909774436101
2002-10-25,2.3354564755838663,0.092786377646366,2.3354564755838663
2002-10-28,-3.993775933609956,0.1160247247260231,3.993775933609956
2002-10-29,1.8368449486763927,0.0740825605276372,1.8368449486763927
2002-10-30,0.9549071618037144,0.090916550289171,0.9549071618037144
2002-10-31,1.36626379400946,0.1322246293386768,1.36626379400946
2002-11-01,0.5598755832037284,0.1623061433763709,0.5598755832037284
2002-11-04,-3.959171048561706,0.3611557597660291,3.959171048561706
2002-11-05,0.751476113794955,0.3005130014522605,0.751476113794955
2002-11-06,0.4262120404901442,0.3244239816367422,0.4262120404901442
2002-11-07,1.0079575596816923,0.2947015612265187,1.0079575596816923
2002-11-08,1.89075630252101,0.3095410196118144,1.89075630252101
2002-11-11,-2.010309278350511,0.3520134769144529,2.010309278350511
2002-11-12,3.1562335612835377,0.3412323286412221,3.1562335612835377
2002-11-13,7.037225905150439,0.397746495400014,7.037225905150439
2002-11-14,0.7622677465459748,0.5030484219322728,0.7622677465459748
2002-11-15,7.092198581560279,0.5567190975802742,7.092198581560279
2002-11-18,-3.399558498896245,0.5946229530873001,3.399558498896245
2002-11-19,-2.4223034734917905,0.5585685300965549,2.4223034734917905
2002-11-20,9.274004683840769,0.5143597557027204,9.274004683840769
2002-11-21,-0.5572224603514935,0.5182676726413714,0.5572224603514935
2002-11-22,3.57758620689656,0.5293792750523931,3.57758620689656
2002-11-25,-0.0416146483562168,0.4901759875392817,0.0416146483562168
2002-11-26,-1.248959200666122,0.6544668864606441,1.248959200666122
2002-11-27,1.8128161888701584,0.6360779242207523,1.8128161888701584
2002-11-29,0.0,0.6385126785263059,0.0
2002-12-02,-1.3250517598343696,0.6648201727911731,1.3250517598343696
2002-12-03,-1.468736886277807,0.6104697932716088,1.468736886277807
2002-12-04,0.7666098807495842,0.6019264425903725,0.7666098807495842
2002-12-05,-8.28402366863906,0.6058322852172883,8.28402366863906
2002-12-06,2.4423963133640525,0.4744863215433355,2.4423963133640525
2002-12-09,-1.2145748987854112,0.5267962157035908,1.2145748987854112
2002-12-10,-1.3205828779599431,0.5301411951959222,1.3205828779599431
2002-12-11,3.691739732348873,0.5019338561105433,3.691739732348873
2002-12-12,-2.3141967067200735,0.4585273714388257,2.3141967067200735
2002-12-13,1.2756264236902062,0.5603223671658313,1.2756264236902062
2002-12-16,0.4498425551057234,0.4846150529585977,0.4498425551057234
2002-12-17,-0.3582624272279447,0.5734824868615529,0.3582624272279447
2002-12-18,-2.7865168539325964,0.5390886690351946,2.7865168539325964
2002-12-19,0.7397133610725851,0.4289159127400668,0.7397133610725851
2002-12-20,-0.0458926112895773,0.4138165740959535,0.0458926112895773
2002-12-23,1.8365472910927472,0.4252416158229354,1.8365472910927472
2002-12-24,-2.6600541027953186,0.4577637435342123,2.6600541027953186
2002-12-26,-7.50347383047706,0.4603935117259801,7.50347383047706
2002-12-27,-5.608412618928397,0.4366820476348661,5.608412618928397
2002-12-30,2.1220159151193654,0.3621700105782758,2.1220159151193654
2002-12-31,-0.3116883116883119,0.4297807829346093,0.3116883116883119
2003-01-02,2.0844189682126126,0.4075104705357851,2.0844189682126126
2003-01-03,4.134762633996935,0.3824548584485742,4.134762633996935
2003-01-06,2.107843137254909,0.4233601047595143,2.107843137254909
2003-01-07,2.928468554968792,0.4739401124550411,2.928468554968792
2003-01-08,-1.6791044776119417,0.4968979551488073,1.6791044776119417
2003-01-09,-0.5692599620493364,0.4547362967942769,0.5692599620493364
2003-01-10,1.7652671755725151,0.4129663752623012,1.7652671755725151
2003-01-13,2.4378809188935793,0.3938591911805247,2.4378809188935793
2003-01-14,3.386727688787178,0.387450123613253,3.386727688787178
2003-01-15,-3.984063745019914,0.4641787151154865,3.984063745019914
2003-01-16,-1.0603964960811494,0.4103864177097291,1.0603964960811494
2003-01-17,-0.9785647716682156,0.4174999813224265,0.9785647716682156
2003-01-21,-2.258823529411767,0.427323237201252,2.258823529411767
2003-01-22,3.707270101107365,0.4409258882130467,3.707270101107365
2003-01-23,4.8746518105849574,0.477775627780673,4.8746518105849574
2003-01-24,-4.028331119964575,0.4899518199658249,4.028331119964575
2003-01-27,1.060885608856074,0.4702386800156669,1.060885608856074
2003-01-28,-1.6430853491556383,0.4790910532841904,1.6430853491556383
2003-01-29,3.016241299303963,0.468817492905852,3.016241299303963
2003-01-30,-2.5225225225225247,0.4742061186151809,2.5225225225225247
2003-01-31,1.386321626617366,0.4170724239632912,1.386321626617366
2003-02-03,0.0,0.366403629515862,0.0
2003-02-04,1.0938924339106664,0.331453793666726,1.0938924339106664
2003-02-05,-0.0901713255184751,0.3666028247558959,0.0901713255184751
2003-02-06,-0.2707581227436925,0.3762440256387966,0.2707581227436925
2003-02-07,-3.1674208144796308,0.3774661823997033,3.1674208144796308
2003-02-10,0.7476635514018698,0.3119142335533836,0.7476635514018698
2003-02-11,-3.5714285714285694,0.2101117910768247,3.5714285714285694
2003-02-12,0.7696007696007702,0.1682643254382057,0.7696007696007702
2003-02-13,-4.582338902147975,0.1997584762888329,4.582338902147975
2003-02-14,0.8004002001000506,0.2786158287078982,0.8004002001000506
2003-02-18,4.962779156327548,0.2498369837672938,4.962779156327548
2003-02-19,0.1891252955082744,0.278001924810865,0.1891252955082744
2003-02-20,0.7550731477111642,0.2824389713605598,0.7550731477111642
2003-02-21,1.3583138173302278,0.2407891822208465,1.3583138173302278
2003-02-24,-0.6469500924214525,0.271888290475639,0.6469500924214525
2003-02-25,0.6046511627906931,0.2793546268058364,0.6046511627906931
2003-02-26,0.1386962552011148,0.2465511133612807,0.1386962552011148
2003-02-27,-0.4155124653739565,0.2452228218442294,0.4155124653739565
2003-02-28,2.688919796012973,0.2303367277206964,2.688919796012973
2003-03-03,-2.0316027088036086,0.2740005353512327,2.0316027088036086
2003-03-04,1.7511520737327306,0.2053858906115524,1.7511520737327306
2003-03-05,1.0869565217391313,0.1897472345834421,1.0869565217391313
2003-03-06,0.0,0.1817338371600919,0.0
2003-03-07,1.2544802867383325,0.1740839228022917,1.2544802867383325
2003-03-10,0.6637168141592976,0.1829954962833673,0.6637168141592976
2003-03-11,-1.054945054945056,0.1623848248321056,1.054945054945056
2003-03-12,5.197689915593069,0.1853882290676292,5.197689915593069
2003-03-13,3.6317567567567695,0.2063715766896987,3.6317567567567695
2003-03-14,-0.2852485737571359,0.3101448129370607,0.2852485737571359
2003-03-17,8.132407029015114,0.2891885374845827,8.132407029015114
2003-03-18,-0.4837490551776237,0.3567140725221064,0.4837490551776237
2003-03-19,0.0303812851283575,0.3385918536932858,0.0303812851283575
2003-03-20,5.201214882308277,0.3279280762863269,5.201214882308277
2003-03-21,-2.273547455792123,0.4279263236615105,2.273547455792123
2003-03-24,-3.0649926144756345,0.3878555311934731,3.0649926144756345
2003-03-25,2.4000000000000066,0.3973191314113553,2.4000000000000066
2003-03-26,2.6413690476190372,0.4025998194257778,2.6413690476190372
2003-03-27,0.0,0.4208031916096214,0.0
2003-03-28,-3.696991663646244,0.4227422421653045,3.696991663646244
2003-03-31,-3.838916070756487,0.3645506262819593,3.838916070756487
2003-04-01,1.6829745596868768,0.345894078889361,1.6829745596868768
2003-04-02,2.0400307929176265,0.3547672229303196,2.0400307929176265
2003-04-03,0.7544322897019999,0.3702723175539975,0.7544322897019999
2003-04-04,1.871958068139284,0.3677176622026616,1.871958068139284
2003-04-07,-1.5435501653803845,0.374117052043094,1.5435501653803845
2003-04-08,-1.634938409854409,0.3603348505817484,1.634938409854409
2003-04-09,-3.4987856709168206,0.316728807815632,3.4987856709168206
2003-04-10,1.651592607156894,0.2339863259886349,1.651592607156894
2003-04-11,-4.061895551257253,0.2460343990831777,4.061895551257253
2003-04-14,0.3629032258064474,0.1501912690889733,0.3629032258064474
2003-04-15,1.6472478907191614,0.1775880086081359,1.6472478907191614
2003-04-16,-3.2806324110671836,0.2109819859330836,3.2806324110671836
2003-04-17,2.288516550878629,0.0845183152576816,2.288516550878629
2003-04-21,0.2397123451857684,0.1182567632157714,0.2397123451857684
2003-04-22,5.221203666799531,0.0853835168081304,5.221203666799531
2003-04-23,-3.787878787878791,0.1358202974833932,3.787878787878791
2003-04-24,10.236220472440936,0.1128511231059729,10.236220472440936
2003-04-25,2.285714285714288,0.2074477644650284,2.285714285714288
2003-04-28,0.9427374301676024,0.224400346074159,0.9427374301676024
2003-04-29,-1.0722933241093096,0.2524525103476723,1.0722933241093096
2003-04-30,0.2797202797202799,0.2587403968748223,0.2797202797202799
2003-05-01,-0.174337517433748,0.2757518252228257,0.174337517433748
2003-05-02,2.933985330073352,0.3725008493450172,2.933985330073352
2003-05-05,1.3573125212080093,0.3821256124987502,1.3573125212080093
2003-05-06,2.64479410780046,0.4109117667842975,2.64479410780046
2003-05-07,-0.978473581213301,0.4534894905796562,0.978473581213301
2003-05-08,0.3293807641633658,0.4000040626943104,0.3293807641633658
2003-05-09,1.2147078135259477,0.4294994058512159,1.2147078135259477
2003-05-12,2.3353876094712818,0.4294434154452247,2.3353876094712818
2003-05-13,5.039619651347077,0.4572558832705137,5.039619651347077
2003-05-14,-1.5087507543753853,0.5291815951767758,1.5087507543753853
2003-05-15,-0.3982843137254871,0.5614142023034723,0.3982843137254871
2003-05-16,0.5844355582897609,0.545175502943806,0.5844355582897609
2003-05-19,-3.486238532110088,0.5187632460160555,3.486238532110088
2003-05-20,-0.6970849176172447,0.462348291651934,0.6970849176172447
2003-05-21,1.3082322910019122,0.4484023939120576,1.3082322910019122
2003-05-22,4.0314960629921295,0.4901716049093452,4.0314960629921295
2003-05-23,-1.4532243415077215,0.5953911631023079,1.4532243415077215
2003-05-27,7.158218125960065,0.5597673049449831,7.158218125960065
2003-05-28,0.028669724770639,0.6356941142095827,0.028669724770639
2003-05-29,2.0636285468615667,0.6190024077251017,2.0636285468615667
2003-05-30,2.49929795001404,0.5677416825586975,2.49929795001404
2003-06-02,-4.9041095890410915,0.5717712601574181,4.9041095890410915
2003-06-03,0.8354940939210578,0.4914151034026117,0.8354940939210578
2003-06-04,0.4571428571428576,0.5234971210262356,0.4571428571428576
2003-06-05,2.5028441410693993,0.5576202227247604,2.5028441410693993
2003-06-06,-4.356270810210877,0.5641170560964689,4.356270810210877
2003-06-09,-1.3054830287206245,0.4958334865458249,1.3054830287206245
2003-06-10,-0.1469723691946013,0.4490475374333395,0.1469723691946013
2003-06-11,3.915219311156904,0.4847602272505736,3.915219311156904
2003-06-12,0.2832861189801765,0.5360120794499992,0.2832861189801765
2003-06-13,-2.344632768361587,0.5494441517364095,2.344632768361587
2003-06-16,3.9340468614405593,0.5487980840339305,3.9340468614405593
2003-06-17,-1.1967715001391637,0.5509099989451404,1.1967715001391637
2003-06-18,0.8450704225352184,0.4903768825726214,0.8450704225352184
2003-06-19,0.0,0.5097742130172204,0.0
2003-06-20,-0.8938547486033527,0.5023440304682808,0.8938547486033527
2003-06-23,-0.3100338218714802,0.5187801527064142,0.3100338218714802
2003-06-24,-0.197907831495621,0.4769922154347508,0.197907831495621
2003-06-25,-0.2549575070821501,0.5081520204727005,0.2549575070821501
2003-06-26,4.203351320647547,0.4916480425839946,4.203351320647547
2003-06-27,-0.1635322976287878,0.535437729779102,0.1635322976287878
2003-06-30,-0.8190008190008137,0.5072304470783294,0.8190008190008137
2003-07-01,3.495733553537016,0.5301773210844983,3.495733553537016
2003-07-02,-1.542553191489357,0.5692936896339001,1.542553191489357
2003-07-03,3.457590491626151,0.5850598775813775,3.457590491626151
2003-07-07,1.2010443864229718,0.6127279706131411,1.2010443864229718
2003-07-08,4.592363261093921,0.6601683136844393,4.592363261093921
2003-07-09,-3.5027133695116017,0.6986134035963691,3.5027133695116017
2003-07-10,-2.096114519427399,0.7228841601156512,2.096114519427399
2003-07-11,0.5221932114882512,0.693320734997303,0.5221932114882512
2003-07-14,2.8831168831168767,0.6380459960843003,2.8831168831168767
2003-07-15,-2.7518303458722544,0.6651277981402484,2.7518303458722544
2003-07-16,-3.556593977154725,0.630407681779787,3.556593977154725
2003-07-17,-2.234185733512779,0.5797604995221834,2.234185733512779
2003-07-18,-4.432819383259912,0.5664881865199735,4.432819383259912
2003-07-21,2.8522039757994744,0.5162227868286157,2.8522039757994744
2003-07-22,5.742296918767509,0.5420990282845334,5.742296918767509
2003-07-23,8.741721854304648,0.6040244003921653,8.741721854304648
2003-07-24,-0.7551766138855196,0.6347861308380498,0.7551766138855196
2003-07-25,1.8409425625920517,0.6696201058800958,1.8409425625920517
2003-07-28,1.2051096649795088,0.7205169550287515,1.2051096649795088
2003-07-29,-2.000476303881868,0.6767225777609105,2.000476303881868
2003-07-30,0.4860267314702204,0.6944197384124914,0.4860267314702204
2003-07-31,0.1451027811366439,0.648457993594159,0.1451027811366439
2003-08-01,-4.129437333977295,0.6331346878290949,4.129437333977295
2003-08-04,-1.1586901763224249,0.5945979819315337,1.1586901763224249
2003-08-05,-1.5800203873598326,0.5407840347178979,1.5800203873598326
2003-08-06,0.983946141895386,0.4924378551849833,0.983946141895386
2003-08-07,0.3333333333333308,0.4974969977575432,0.3333333333333308
2003-08-08,-0.357781753130585,0.4643446903080724,0.357781753130585
2003-08-11,-0.102590407796871,0.4663454691013626,0.102590407796871
2003-08-12,3.3376123234916646,0.4537313010006068,3.3376123234916646
2003-08-13,-0.8198757763975245,0.4375132240121665,0.8198757763975245
2003-08-14,0.7765531062124172,0.4517424248760235,0.7765531062124172
2003-08-15,0.6214267959234491,0.4872485047395855,0.6214267959234491
2003-08-18,7.336956521739123,0.4707447629895562,7.336956521739123
2003-08-19,-0.897583429228992,0.5124703083755,0.897583429228992
2003-08-20,2.693915466790517,0.5220965790564757,2.693915466790517
2003-08-21,4.839439167797386,0.5662895812056482,4.839439167797386
2003-08-22,-3.257118205349435,0.6478747573744259,3.257118205349435
2003-08-25,1.7837235228539592,0.6041080259493471,1.7837235228539592
2003-08-26,0.2628696604600123,0.5923208498114383,0.2628696604600123
2003-08-27,0.3714223290364944,0.5869349760185666,0.3714223290364944
2003-08-28,-0.2612102742707978,0.5758297128498056,0.2612102742707978
2003-08-29,1.5277171540811936,0.5890229929071324,1.5277171540811936
2003-09-02,2.2785898538263085,0.6151813126838392,2.2785898538263085
2003-09-03,-2.9003783102143736,0.6726478592382625,2.9003783102143736
2003-09-04,1.6233766233766271,0.6450238079735792,1.6233766233766271
2003-09-05,-0.95846645367412,0.6878638012550553,0.95846645367412
2003-09-08,1.2903225806451528,0.67309900874315,1.2903225806451528
2003-09-09,-1.783439490445852,0.682626879608268,1.783439490445852
2003-09-10,-0.1297016861219244,0.692276719543119,0.1297016861219244
2003-09-11,-2.9220779220779174,0.6663224263389446,2.9220779220779174
2003-09-12,1.1371237458193817,0.5877855039540059,1.1371237458193817
2003-09-15,0.0881834215167647,0.564334891444135,0.0881834215167647
2003-09-16,1.7841409691630046,0.592001656739879,1.7841409691630046
2003-09-17,-0.1082016879463488,0.555571529703862,0.1082016879463488
2003-09-18,3.704506065857891,0.5199704573664422,3.704506065857891
2003-09-19,-2.736578232713604,0.5462987634017243,2.736578232713604
2003-09-22,1.825601374570446,0.52978144613418,1.825601374570446
2003-09-23,6.2012233705969315,0.5419995850365465,6.2012233705969315
2003-09-24,-1.3704071499503463,0.606722606059338,1.3704071499503463
2003-09-25,0.4832863471606931,0.5622997000206552,0.4832863471606931
2003-09-26,-2.0440881763527115,0.5509497211322973,2.0440881763527115
2003-09-29,1.5752864157119468,0.5015099745323576,1.5752864157119468
2003-09-30,-2.578046324269891,0.5263972938921284,2.578046324269891
2003-10-01,1.178416373785412,0.4958778938491093,1.178416373785412
2003-10-02,4.474867184307321,0.4936005515045489,4.474867184307321
2003-10-03,3.4422061412086693,0.5165861744095486,3.4422061412086693
2003-10-06,2.0986954055587193,0.4974269157056118,2.0986954055587193
2003-10-07,2.6666666666666523,0.5368423798196065,2.6666666666666523
2003-10-08,3.5533910533910547,0.5832197016570094,3.5533910533910547
2003-10-09,0.5051384776171384,0.6240406494054105,0.5051384776171384
2003-10-10,0.4159445407279033,0.6529205456816706,0.4159445407279033
2003-10-13,0.2761477390403868,0.6668860127675792,0.2761477390403868
2003-10-14,3.9414802065404495,0.6386189716646717,3.9414802065404495
2003-10-15,-3.6926643484020514,0.6744593119185972,3.6926643484020514
2003-10-16,1.9601100412654728,0.6082434511487222,1.9601100412654728
2003-10-17,0.4384485666104669,0.5253861641891653,0.4384485666104669
2003-10-20,0.2854264607118781,0.5459977064082375,0.2854264607118781
2003-10-21,-6.161058094759742,0.5355595414795643,6.161058094759742
2003-10-22,-5.477252453166821,0.4566831294312253,5.477252453166821
2003-10-23,2.9633824084560216,0.4533457605152626,2.9633824084560216
2003-10-24,0.6416131989000943,0.4642162360052204,0.6416131989000943
2003-10-27,0.5282331511839693,0.4668388151488078,0.5282331511839693
2003-10-28,2.6454067765899603,0.4560792968701483,2.6454067765899603
2003-10-29,1.323918799646958,0.5236160291960821,1.323918799646958
2003-10-30,-2.613240418118473,0.5550343940486093,2.613240418118473
2003-10-31,-1.9677996422182369,0.5210245790943541,1.9677996422182369
2003-11-03,3.4671532846715234,0.4605393554450722,3.4671532846715234
2003-11-04,-1.0052910052909965,0.4958271672108847,1.0052910052909965
2003-11-05,1.211473365401739,0.5113163009393146,1.211473365401739
2003-11-06,-2.112304171800741,0.4784719779990438,2.112304171800741
2003-11-07,-2.9850746268656785,0.4687237595659859,2.9850746268656785
2003-11-10,-3.911028730305828,0.4353378393638042,3.911028730305828
2003-11-11,1.4081790123456694,0.4106264136046491,1.4081790123456694
2003-11-12,2.79627163781625,0.4296379690798005,2.79627163781625
2003-11-13,0.7216876387860789,0.4649201650725859,0.7216876387860789
2003-11-14,-4.61142752158735,0.4791298010186103,4.61142752158735
2003-11-17,-2.291987673343601,0.4215429869730028,2.291987673343601
2003-11-18,-3.981864774295288,0.3591407911890504,3.981864774295288
2003-11-19,0.8006569492917204,0.3287585319558176,0.8006569492917204
2003-11-20,-0.199592668024445,0.3346071477833929,0.199592668024445
2003-11-21,0.5673237827027477,0.2956418489439898,0.5673237827027477
2003-11-24,4.20048701298701,0.3102167400189717,4.20048701298701
2003-11-25,2.8821811100292227,0.321429481163037,2.8821811100292227
2003-11-26,0.0189286390308431,0.3290126119404373,0.0189286390308431
2003-11-28,2.952308856926582,0.2882667351478763,2.952308856926582
2003-12-01,0.1838235294117607,0.3550027041236829,0.1838235294117607
2003-12-02,-0.733944954128441,0.3898678871100458,0.733944954128441
2003-12-03,-4.898336414048069,0.3780287917392064,4.898336414048069
2003-12-04,-0.485908649173945,0.3075968512374147,0.485908649173945
2003-12-05,0.6835937500000028,0.3215669682722454,0.6835937500000028
2003-12-08,-0.737148399612032,0.3522526618124796,0.737148399612032
2003-12-09,-3.3613445378151203,0.3572773299826203,3.3613445378151203
2003-12-10,-0.3842264914054626,0.3565105676046403,0.3842264914054626
2003-12-11,3.511977263499798,0.3252527543776698,3.511977263499798
2003-12-12,2.078838988036867,0.3211738887787848,2.078838988036867
2003-12-15,-4.707012487992317,0.2766581604096389,4.707012487992317
2003-12-16,-0.2620967741935464,0.2586085136976143,0.2620967741935464
2003-12-17,-3.759854457246815,0.2254365786963232,3.759854457246815
2003-12-18,2.4994749002310392,0.1852622492251912,2.4994749002310392
2003-12-19,0.3688524590163892,0.2312498921114256,0.3688524590163892
2003-12-22,2.1233156390363432,0.2207110836802298,2.1233156390363432
2003-12-23,4.55817672930829,0.2201312822714525,4.55817672930829
2003-12-24,3.518164435946449,0.3411016082593066,3.518164435946449
2003-12-26,-0.6464721093461423,0.3875461927708852,0.6464721093461423
2003-12-29,-1.1340397843465315,0.3980744712533978,1.1340397843465315
2003-12-30,-0.6769462203835952,0.3686100326015666,0.6769462203835952
2003-12-31,-0.113593335857634,0.3349555953784862,0.113593335857634
2004-01-02,-1.4404852160727752,0.3368685186938966,1.4404852160727752
2004-01-05,2.13461538461538,0.3227434360441001,2.13461538461538
2004-01-06,-1.7510826586330253,0.3111959624475632,1.7510826586330253
2004-01-07,-0.1724798773476493,0.2958060279141172,0.1724798773476493
2004-01-08,-4.453829909771536,0.281136291917252,4.453829909771536
2004-01-09,3.777375929274658,0.2261453876768708,3.777375929274658
2004-01-12,1.9748305905130747,0.2060917212448931,1.9748305905130747
2004-01-13,3.702297322954231,0.2334326312584553,3.702297322954231
2004-01-14,0.2013914317099985,0.2452563467677835,0.2013914317099985
2004-01-15,2.7407272062854076,0.2020225875162941,2.7407272062854076
2004-01-16,-1.1737506669037852,0.2753021576195781,1.1737506669037852
2004-01-20,1.0437286305560525,0.2383288022291528,1.0437286305560525
2004-01-21,1.1754229741763105,0.2435525101967302,1.1754229741763105
2004-01-22,0.5104735081851771,0.2491050131097048,0.5104735081851771
2004-01-23,-0.5078809106830108,0.2564683934742268,0.5078809106830108
2004-01-26,-0.1056152085900409,0.2330287055257316,0.1056152085900409
2004-01-27,-5.303964757709254,0.2061793882399794,5.303964757709254
2004-01-28,-3.181987346483055,0.1885338486381677,3.181987346483055
2004-01-29,-5.246972900249866,0.1373252862574317,5.246972900249866
2004-01-30,2.5557809330628873,0.097270726780655,2.5557809330628873
2004-02-02,-4.687500000000002,0.1065963719448469,4.687500000000002
2004-02-03,-7.034654492633316,0.0811842082521756,7.034654492633316
2004-02-04,2.7455357142856993,0.0380587447158901,2.7455357142856993
2004-02-05,0.3693243536823886,0.0887047463527353,0.3693243536823886
2004-02-06,1.1904761904761842,0.0797225679987802,1.1904761904761842
2004-02-09,-1.9251336898395692,0.0910496990139848,1.9251336898395692
2004-02-10,0.0218102508178916,0.0508532319754074,0.0218102508178916
2004-02-11,2.4858264282599185,0.0487645686613855,2.4858264282599185
2004-02-12,0.6170212765957428,0.0369833574838697,0.6170212765957428
2004-02-13,-2.4318037640093086,0.0743697941238904,2.4318037640093086
2004-02-17,-1.69050715214565,0.0337775923428052,1.69050715214565
2004-02-18,-0.4629629629629609,-0.0556648668275567,0.4629629629629609
2004-02-19,-0.7751937984495959,-0.0473059947540536,0.7751937984495959
2004-02-20,0.8705357142857075,-0.0595767595591111,0.8705357142857075
2004-02-23,-2.8546138526222715,-0.0290962452385462,2.8546138526222715
2004-02-24,-3.1890660592255053,-0.075494905152723,3.1890660592255053
2004-02-25,1.17647058823529,-0.0791386435506246,1.17647058823529
2004-02-26,1.0000000000000036,-0.0851412110076136,1.0000000000000036
2004-02-27,-1.2664057103384692,-0.1089158802668651,1.2664057103384692
2004-03-01,-0.3498134328358341,-0.1562410810392762,0.3498134328358341
2004-03-02,-2.363678914111865,-0.18347915987683,2.363678914111865
2004-03-03,3.4515819750719112,-0.2334576838133898,3.4515819750719112
2004-03-04,1.297497683039853,-0.2319989674183266,1.297497683039853
2004-03-05,0.6175663311985392,-0.2246231056203972,0.6175663311985392
2004-03-08,-1.6140031825414805,-0.2217027743252163,1.6140031825414805
2004-03-09,-1.2939001848428846,-0.2497753558206834,1.2939001848428846
2004-03-10,-3.8155430711610543,-0.305068186553073,3.8155430711610543
2004-03-11,0.6327573618885325,-0.3064953026092084,0.6327573618885325
2004-03-12,2.200725513905688,-0.3258290673494883,2.200725513905688
2004-03-15,-1.8930430667297695,-0.304861708171865,1.8930430667297695
2004-03-16,3.7144235407621786,-0.3135059230083178,3.7144235407621786
2004-03-17,-1.0930232558139468,-0.2323308621945033,1.0930232558139468
2004-03-18,1.293204796614148,-0.176440106296037,1.293204796614148
2004-03-19,-3.0872794800371404,-0.1947281105312903,3.0872794800371404
2004-03-22,-1.29341317365268,-0.2368559801440406,1.29341317365268
2004-03-23,-2.0868721184178667,-0.2594766770257252,2.0868721184178667
2004-03-24,-0.867410161090462,-0.3103129348355251,0.867410161090462
2004-03-25,5.024999999999991,-0.3339915369557702,5.024999999999991
2004-03-26,0.1428231373482558,-0.2459070049616124,0.1428231373482558
2004-03-29,1.52127406703114,-0.2254267314323738,1.52127406703114
2004-03-30,2.669164130180283,-0.2467445876247916,2.669164130180283
2004-03-31,-0.9350057012542642,-0.2088514048731232,0.9350057012542642
2004-04-01,5.593922651933688,-0.2253633635737857,5.593922651933688
2004-04-02,-0.4360148245040238,-0.148702719870973,0.4360148245040238
2004-04-05,1.4013575651412318,-0.1244619506800645,1.4013575651412318
2004-04-06,-0.237529691211404,-0.0713461782847034,0.237529691211404
2004-04-07,3.5497835497835433,-0.0870580714432725,3.5497835497835433
2004-04-08,0.4389632107023392,-0.0785699488624877,0.4389632107023392
2004-04-12,-0.104058272632672,-0.0729131956421774,0.104058272632672
2004-04-13,-4.208333333333333,-0.0321691818776745,4.208333333333333
2004-04-14,2.0878642888212284,-0.0567999620503461,2.0878642888212284
2004-04-15,0.2769492969748594,0.0083187451961538,0.2769492969748594
2004-04-16,-3.654132143615885,0.0005640454703483,3.654132143615885
2004-04-19,5.00551267916206,-0.0377625962918038,5.00551267916206
2004-04-20,-4.976900461990744,0.0091114568223008,4.976900461990744
2004-04-21,1.546961325966837,-0.0690274821177647,1.546961325966837
2004-04-22,0.0652883569096869,-0.0898800196885152,0.0652883569096869
2004-04-23,0.587211831230973,-0.0910979703955044,0.587211831230973
2004-04-26,2.9837837837837817,-0.114562785224969,2.9837837837837817
2004-04-27,-0.0209951711106515,-0.0853451019217147,0.0209951711106515
2004-04-28,-1.5119697606047708,-0.0700974813907508,1.5119697606047708
2004-04-29,-1.791044776119414,-0.0317002283268638,1.791044776119414
2004-04-30,-4.971775944420323,-0.0469580686607419,4.971775944420323
2004-05-03,1.4621887137308671,-0.1038424092153266,1.4621887137308671
2004-05-04,-0.990767845079928,-0.0847694812119528,0.990767845079928
2004-05-05,-0.932453945872194,-0.0600716015446153,0.932453945872194
2004-05-06,-1.3774104683195505,-0.067662015115836,1.3774104683195505
2004-05-07,-3.980446927374308,-0.1149542895240449,3.980446927374308
2004-05-10,1.599999999999996,-0.1689022409328517,1.599999999999996
2004-05-11,0.1670245764734087,-0.1073947302915614,0.1670245764734087
2004-05-12,1.1434016198189625,-0.0932091521402563,1.1434016198189625
2004-05-13,2.8026377767310353,-0.0395123340014826,2.8026377767310353
2004-05-14,-3.2302405498281788,-0.0376753737207771,3.2302405498281788
2004-05-17,0.0,-0.0759983451703653,0.0
2004-05-18,0.326704545454541,-0.0947850534761631,0.326704545454541
2004-05-19,-1.717872481004294,-0.1265036582602123,1.717872481004294
2004-05-20,-1.1284513805522138,-0.1793293644008631,1.1284513805522138
2004-05-21,0.1457017969888134,-0.1854330166572884,0.1457017969888134
2004-05-24,1.2366634335596547,-0.1723205732746043,1.2366634335596547
2004-05-25,4.646706586826347,-0.152171454172191,4.646706586826347
2004-05-26,3.5934996566720083,-0.1109838008199727,3.5934996566720083
2004-05-27,4.441007512152022,-0.0708168649642031,4.441007512152022
2004-05-28,1.2904590649460532,-0.0578990154431337,1.2904590649460532
2004-06-01,5.158730158730156,-0.0280045212928232,5.158730158730156
2004-06-02,-0.9334657398212456,0.0070086092509065,0.9334657398212456
2004-06-03,0.6615878107457793,0.0501870604380188,0.6615878107457793
2004-06-04,2.748456482772354,0.0357733075279673,2.748456482772354
2004-06-07,-0.368288427989923,0.0476547983350878,0.368288427989923
2004-06-08,0.3891050583657677,0.0083063673983663,0.3891050583657677
2004-06-09,-2.403100775193809,0.0121310753548578,2.403100775193809
2004-06-10,-1.8069896743447045,-0.0442391461750059,1.8069896743447045
2004-06-14,0.5864509605662268,-0.0534408656763682,0.5864509605662268
2004-06-15,0.7438681141938062,-0.060893681454302,0.7438681141938062
2004-06-16,0.7583316703252895,-0.0652834877435897,0.7583316703252895
2004-06-17,-1.5646662705486358,-0.0356714074899865,1.5646662705486358
2004-06-18,-0.2213279678068435,-0.0400000705896833,0.2213279678068435
2004-06-21,0.0806614236741368,-0.031541326383005,0.0806614236741368
2004-06-22,-1.7126737860165215,-0.0028004786642952,1.7126737860165215
2004-06-23,4.551045510455094,0.0021508238538532,4.551045510455094
2004-06-24,0.0392156862745229,0.0778348631645534,0.0392156862745229
2004-06-25,2.312818502548009,0.0606256853629296,2.312818502548009
2004-06-28,2.0114942528735713,0.1166657516996054,2.0114942528735713
2004-06-29,0.8450704225352099,0.1847865783693822,0.8450704225352099
2004-06-30,0.1489757914338921,0.1554571839537299,0.1489757914338921
2004-07-01,-2.1941242097434053,0.1570824786825408,2.1941242097434053
2004-07-02,-0.3802281368821212,0.1229965924440924,0.3802281368821212
2004-07-06,-3.0725190839694747,0.1448684989694161,3.0725190839694747
2004-07-07,-4.430005906674536,0.1167210739163574,4.430005906674536
2004-07-08,2.966625463535231,0.0368690055722827,2.966625463535231
2004-07-09,-3.66146458583433,0.0614103620877154,3.66146458583433
2004-07-12,2.076843198338518,0.0513110930022853,2.076843198338518
2004-07-13,-0.1831129196337811,0.0936330030025281,0.1831129196337811
2004-07-14,1.039543416225034,0.1010196522676833,1.039543416225034
2004-07-15,-1.1700625378252942,0.1231838619413034,1.1700625378252942
2004-07-16,-3.5313329250867533,0.1087193926179035,3.5313329250867533
2004-07-19,-2.369868810833688,0.1160684195493253,2.369868810833688
2004-07-20,2.5574338968357244,0.1104073139789112,2.5574338968357244
2004-07-21,-7.776838546069322,0.1221824471231747,7.776838546069322
2004-07-22,-2.703941338221802,0.0509884470710215,2.703941338221802
2004-07-23,-5.793688177107876,0.0405141444236018,5.793688177107876
2004-07-26,-2.0000000000000018,-0.0170961554529183,2.0000000000000018
2004-07-27,0.051020408163271,-0.0111971253547164,0.051020408163271
2004-07-28,-2.371239163691993,-0.0295970238296131,2.371239163691993
2004-07-29,0.548446069469833,-0.0704152503045843,0.548446069469833
2004-07-30,-0.1298701298701271,-0.094596887376853,0.1298701298701271
2004-08-02,-0.4421326397919466,-0.0777966125633871,0.4421326397919466
2004-08-03,-3.552769070010441,-0.0663593554777527,3.552769070010441
2004-08-04,1.516793066088842,-0.0634871444548418,1.516793066088842
2004-08-05,-6.536819637139811,-0.0571341788114729,6.536819637139811
2004-08-06,0.8849557522123807,-0.1486808284154619,0.8849557522123807
2004-08-09,0.6225240520656549,-0.1241747065580833,0.6225240520656549
2004-08-10,2.362204724409451,-0.1559785068499242,2.362204724409451
2004-08-11,-0.5219780219780255,-0.1214122629535328,0.5219780219780255
2004-08-12,0.9665838166252456,-0.1389699855197318,0.9665838166252456
2004-08-13,-1.1487964989059152,-0.0974934456570902,1.1487964989059152
2004-08-16,6.502490315439965,-0.0952173976113455,6.502490315439965
2004-08-17,-1.480904130943112,-0.0117864914902556,1.480904130943112
2004-08-18,6.381856540084389,-0.0258855566855543,6.381856540084389
2004-08-19,-4.685176003966277,-0.0004520938921977,4.685176003966277
2004-08-20,3.74512353706111,-0.0427606894119107,3.74512353706111
2004-08-23,-0.3509651541739731,-0.0287250081390514,0.3509651541739731
2004-08-24,-1.8616352201257933,-0.056105643784908,1.8616352201257933
2004-08-25,2.999230966418867,-0.0709639669824414,2.999230966418867
2004-08-26,0.3235440517670458,-0.0998308379048347,0.3235440517670458
2004-08-27,-0.9923096005953757,-0.0902066976859176,0.9923096005953757
2004-08-30,-3.833625657729893,-0.1159290452889765,3.833625657729893
2004-08-31,-0.3908285565398677,-0.1582033964891399,0.3908285565398677
2004-09-01,-0.8370389746272568,-0.205476774990378,0.8370389746272568
2004-09-02,2.9016090741229195,-0.2199572137065704,2.9016090741229195
2004-09-03,0.0512689054088752,-0.1818811344869093,0.0512689054088752
2004-09-07,-1.5629003330771187,-0.1334580370814492,1.5629003330771187
2004-09-08,-0.5205622071837589,-0.1713656090540715,0.5205622071837589
2004-09-09,-0.052328623757201,-0.1792580884913952,0.052328623757201
2004-09-10,2.4397905759162293,-0.1530536193860381,2.4397905759162293
2004-09-13,2.7547786977409823,-0.1790925680385268,2.7547786977409823
2004-09-14,4.451628948022886,-0.0866713699767799,4.451628948022886
2004-09-15,1.0714285714285696,-0.0697118781475992,1.0714285714285696
2004-09-16,0.9422850412249714,-0.0550950542397134,0.9422850412249714
2004-09-17,-0.0233372228704862,-0.05096300102612,0.0233372228704862
2004-09-20,1.5406162464985955,-0.0892087130969453,1.5406162464985955
2004-09-21,-0.8045977011494082,-0.0688226493524055,0.8045977011494082
2004-09-22,-4.217844727694099,-0.059643960261071,4.217844727694099
2004-09-23,1.1613839825792414,-0.0915524885197499,1.1613839825792414
2004-09-24,-2.6309495336044084,-0.024553240021319,2.6309495336044084
2004-09-27,-1.3755833947433076,-0.0711586720162689,1.3755833947433076
2004-09-28,-1.7434620174346165,-0.0731427234148252,1.7434620174346165
2004-09-29,2.788339670468945,-0.0819341667265526,2.788339670468945
2004-09-30,1.7016029593094932,-0.0357851662354306,1.7016029593094932
2004-10-01,-0.4849660523763233,0.0348780713549104,0.4849660523763233
2004-10-04,-0.487329434697867,0.0112831026642203,0.487329434697867
2004-10-05,-0.269343780607229,0.0020919191159566,0.269343780607229
2004-10-06,1.546771421556585,-0.0166138003364233,1.546771421556585
2004-10-07,-1.4748549323017397,-0.0305524720848191,1.4748549323017397
2004-10-08,-2.2822085889570545,-0.0071066860622115,2.2822085889570545
2004-10-11,-0.6780512305374218,-0.0327193039149428,0.6780512305374218
2004-10-12,4.753476611883684,-0.044297238466517,4.753476611883684
2004-10-13,-4.779145546705285,0.0393392211912223,4.779145546705285
2004-10-14,-0.3802281368821212,0.0048986134039962,0.3802281368821212
2004-10-15,-2.5445292620865163,-0.0080718826352195,2.5445292620865163
2004-10-18,3.864229765013058,-0.0478015908013056,3.864229765013058
2004-10-19,-4.198089492207145,-0.033712027756042,4.198089492207145
2004-10-20,3.122540015743905,-0.0957347038386288,3.122540015743905
2004-10-21,-7.83715012722647,-0.1059491526427388,7.83715012722647
2004-10-22,-5.880728879072338,-0.1670267984055768,5.880728879072338
2004-10-25,0.1760046934584989,-0.2270153818175248,0.1760046934584989
2004-10-26,-1.5226939970717437,-0.2367424173508519,1.5226939970717437
2004-10-27,1.8138566755872716,-0.2648756094877927,1.8138566755872716
2004-10-28,0.3504672897196265,-0.2837975629839151,0.3504672897196265
2004-10-29,-0.3783469150174592,-0.2754847278677068,0.3783469150174592
2004-11-01,3.5933391761612556,-0.276725747110717,3.5933391761612556
2004-11-02,4.991539763113368,-0.2127732011998258,4.991539763113368
2004-11-03,-4.055868922911626,-0.1584698022121856,4.055868922911626
2004-11-04,4.5912653975363975,-0.1968462590535774,4.5912653975363975
2004-11-05,-1.6327623126338433,-0.1731343799747631,1.6327623126338433
2004-11-08,1.1700680272108883,-0.1951095843846243,1.1700680272108883
2004-11-09,2.2592791823561074,-0.1688982963451474,2.2592791823561074
2004-11-10,0.263019463440289,-0.1457351450627334,0.263019463440289
2004-11-11,2.4396642182581316,-0.1382340101528969,2.4396642182581316
2004-11-12,3.610755441741369,-0.1024265164276742,3.610755441741369
2004-11-15,0.0988630746416104,-0.1130969268693471,0.0988630746416104
2004-11-16,-0.3703703703703624,-0.1150198703041599,0.3703703703703624
2004-11-17,-1.5365551425031048,-0.1397504889403468,1.5365551425031048
2004-11-18,-1.459854014598536,-0.1802346545713631,1.459854014598536
2004-11-19,-1.8135376756066457,-0.2087606201851958,1.8135376756066457
2004-11-22,-0.6763787721123777,-0.2268084656490983,0.6763787721123777
2004-11-23,1.807228915662649,-0.2128454328157899,1.807228915662649
2004-11-24,0.2058142526369953,-0.1758689506649991,0.2058142526369953
2004-11-26,1.6688061617458263,-0.1478488681156147,1.6688061617458263
2004-11-29,-1.590909090909095,-0.0874329394511514,1.590909090909095
2004-11-30,2.643058763151147,-0.1222342713492954,2.643058763151147
2004-12-01,-0.8750000000000036,-0.0539998316724285,0.8750000000000036
2004-12-02,1.7906683480453904,-0.0823996728840225,1.7906683480453904
2004-12-03,-1.5609514370663955,-0.0628369524019146,1.5609514370663955
2004-12-06,-0.7047571104958477,-0.0772040574849806,0.7047571104958477
2004-12-07,-2.8643852978453737,-0.0615758594491275,2.8643852978453737
2004-12-08,0.2087682672233822,-0.0743156586320941,0.2087682672233822
2004-12-09,2.9687500000000084,-0.0644673826024565,2.9687500000000084
2004-12-10,-0.5816894284269127,-0.0013004719193655,0.5816894284269127
2004-12-13,2.2640549478504077,0.0219169787209223,2.2640549478504077
2004-12-14,0.3233830845771341,0.0555160731951658,0.3233830845771341
2004-12-15,1.3637490701710813,0.1077311564975157,1.3637490701710813
2004-12-16,-1.7612524461839545,0.1499424104252922,1.7612524461839545
2004-12-17,-0.5727091633466168,0.1390273533324828,0.5727091633466168
2004-12-20,-2.729777109942399,0.1567527605068459,2.729777109942399
2004-12-21,-0.592173017507716,0.1179833463068691,0.592173017507716
2004-12-22,1.890701890701889,0.0948774090628027,1.890701890701889
2004-12-23,0.4575495678698473,0.1254746437416806,0.4575495678698473
2004-12-27,11.108299595141702,0.140744333771055,11.108299595141702
2004-12-28,1.9130038715554456,0.2476502672229878,1.9130038715554456
2004-12-29,0.5586592178771029,0.3240353014301492,0.5586592178771029
2004-12-30,0.3555555555555558,0.3173043107610809,0.3555555555555558
2004-12-31,-0.2435783879539442,0.3138869185841105,0.2435783879539442
2005-01-03,-5.283018867924518,0.2886670236325165,5.283018867924518
2005-01-04,-2.4373095851886593,0.2316678753664304,2.4373095851886593
2005-01-05,0.4323804948354502,0.2001691704137505,0.4323804948354502
2005-01-06,-1.004544367376221,0.2004961606903731,1.004544367376221
2005-01-07,1.328823387291609,0.1365743247820068,1.328823387291609
2005-01-10,-1.287553648068676,0.1465467393111832,1.287553648068676
2005-01-11,0.2173913043478343,0.0662440146676833,0.2173913043478343
2005-01-12,2.313810556760667,0.116949656765956,2.313810556760667
2005-01-13,1.06007067137809,0.1010384936800492,1.06007067137809
2005-01-14,3.2400932400932456,0.1188619767419464,3.2400932400932456
2005-01-18,0.3386769022352603,0.1687513320439179,0.3386769022352603
2005-01-19,-6.143114311431136,0.1431868787637155,6.143114311431136
2005-01-20,0.59937664828577,0.0752112720261503,0.59937664828577
2005-01-21,-1.4299332697807343,0.0876323462497291,1.4299332697807343
2005-01-24,-1.740812379110253,0.1180423244490748,1.740812379110253
2005-01-25,1.3287401574803217,0.1070063108054338,1.3287401574803217
2005-01-26,0.218552695483231,0.1171694877645887,0.218552695483231
2005-01-27,1.9869154349406313,0.0891673609948781,1.9869154349406313
2005-01-28,0.8315514373960595,0.1107790806728117,0.8315514373960595
2005-01-31,1.3195098963242238,0.1374271377979572,1.3195098963242238
2005-02-01,-0.0697674418604677,0.1571491091912379,0.0697674418604677
2005-02-02,-18.734000465441,0.1560950248261523,18.734000465441
2005-02-03,2.090492554410079,-0.0151645525552698,2.090492554410079
2005-02-04,0.4768583450210352,-0.0416745530598508,0.4768583450210352
2005-02-07,-0.781686208821888,-0.1089413100432882,0.781686208821888
2005-02-08,2.560495216657293,-0.1315075351509207,2.560495216657293
2005-02-09,-1.0425240054869631,-0.1279257991537528,1.0425240054869631
2005-02-10,-1.3861935126143683,-0.1330528719161085,1.3861935126143683
2005-02-11,0.6466123137475438,-0.1646892468809896,0.6466123137475438
2005-02-14,1.1452513966480429,-0.1460258336429579,1.1452513966480429
2005-02-15,-0.773267053300194,-0.0819835060215608,0.773267053300194
2005-02-16,-0.5288060116893996,-0.1033187180348316,0.5288060116893996
2005-02-17,-0.3637381085618327,-0.0712246000037632,0.3637381085618327
2005-02-18,-1.6568379668632454,-0.0560354202355004,1.6568379668632454
2005-02-22,-0.1998857795545309,-0.0477852953669758,0.1998857795545309
2005-02-23,-3.6909871244635193,-0.0855450897420363,3.6909871244635193
2005-02-24,3.1491384432560863,-0.1376558915598341,3.1491384432560863
2005-02-25,0.0,-0.1170912695470958,0.0
2005-02-28,0.9792626728110544,-0.1104235809751582,0.9792626728110544
2005-03-01,0.9412435824301302,-0.0971926367705636,0.9412435824301302
2005-03-02,0.3108222661768769,-0.1029041397911559,0.3108222661768769
2005-03-03,0.9577464788732466,-0.0845188052892001,0.9577464788732466
2005-03-04,0.2790178571428512,-0.0483302132045556,0.2790178571428512
2005-03-07,1.0294936004451842,-0.036699345658487,1.0294936004451842
2005-03-08,-1.5698154778297977,-0.0683108784286944,1.5698154778297977
2005-03-09,-1.2031337437045246,-0.0440151617211398,1.2031337437045246
2005-03-10,-1.4160294534126383,-0.0489056610161652,1.4160294534126383
2005-03-11,-0.4021832806664691,-0.0390850032410503,0.4021832806664691
2005-03-14,-0.2595904239976895,-0.0731881936099822,0.2595904239976895
2005-03-15,-2.0242914979757165,-0.040120660638526,2.0242914979757165
2005-03-16,-0.8854781582054252,-0.0827397102492136,0.8854781582054252
2005-03-17,1.6974389517569963,-0.0305047042984897,1.6974389517569963
2005-03-18,0.1756954612005793,0.103554980237069,0.1756954612005793
2005-03-21,-1.4907921660333152,0.0926319910619887,1.4907921660333152
2005-03-22,-1.8100890207715117,0.0517477813201098,1.8100890207715117
2005-03-23,0.9368389241462584,0.01122971707882,0.9368389241462584
2005-03-24,-0.8982035928143655,0.0156199131106437,0.8982035928143655
2005-03-28,0.5438066465256736,0.010046239204619,0.5438066465256736
2005-03-29,0.9314903846153888,-0.0204276277791447,0.9314903846153888
2005-03-30,2.679368859779692,-0.0610779217581619,2.679368859779692
2005-03-31,0.4059147579008476,0.006107570036179,0.4059147579008476
2005-04-01,-1.8192318798729472,0.0059272149234946,1.8192318798729472
2005-04-04,3.617647058823536,0.0153053712531423,3.617647058823536
2005-04-05,-0.3690036900369101,0.0295997815674996,0.3690036900369101
2005-04-06,-1.1965811965811914,-0.0077243444330946,1.1965811965811914
2005-04-07,0.2018454440599803,-0.0258060714228096,0.2018454440599803
2005-04-08,-0.4316546762589964,-0.0589136255160577,0.4316546762589964
2005-04-11,-0.5780346820809253,-0.1167798730471588,0.5780346820809253
2005-04-12,-0.1453488372092992,-0.1255031792427744,0.1453488372092992
2005-04-13,-0.2620087336244511,-0.122801389421053,0.2620087336244511
2005-04-14,-1.0215995329830747,-0.1049243699989019,1.0215995329830747
2005-04-15,-2.97847242701268,-0.0962889779853109,2.97847242701268
2005-04-18,0.8510638297872348,-0.1019722746151262,0.8510638297872348
2005-04-19,-0.2411091018685957,-0.0877798695026108,0.2411091018685957
2005-04-20,1.2084592145015116,-0.113377261125165,1.2084592145015116
2005-04-21,-0.0298507462686534,-0.1059570796532208,0.0298507462686534
2005-04-22,-1.074947745595701,-0.1260471396549169,1.074947745595701
2005-04-25,0.9055236945366678,-0.1209679602219798,0.9055236945366678
2005-04-26,-7.747532156745436,-0.1395694757275594,7.747532156745436
2005-04-27,2.6588845654993465,-0.2075139150170279,2.6588845654993465
2005-04-28,3.7902716361339266,-0.2000284007763501,3.7902716361339266
2005-04-29,-1.7041996348143655,-0.1467123602571125,1.7041996348143655
2005-05-02,1.981424148606813,-0.1566450778352854,1.981424148606813
2005-05-03,1.2446873102610785,-0.1081743363544533,1.2446873102610785
2005-05-04,1.8290854572713624,-0.098075404398284,1.8290854572713624
2005-05-05,0.82449941107185,-0.1093757466116231,0.82449941107185
2005-05-06,0.4672897196261686,-0.0952010473925936,0.4672897196261686
2005-05-09,0.0,-0.113090144162277,0.0
2005-05-10,-0.2906976744185984,-0.1163239398199035,0.2906976744185984
2005-05-11,-1.7492711370262406,-0.1326917662735967,1.7492711370262406
2005-05-12,0.8605341246290775,-0.1212711559989935,0.8605341246290775
2005-05-13,0.0,-0.0984814335068258,0.0
2005-05-16,1.353339217416882,-0.0829579053518992,1.353339217416882
2005-05-17,1.0449927431059516,-0.0495101314073118,1.0449927431059516
2005-05-18,1.608733122665902,-0.0346678322388196,1.608733122665902
2005-05-19,0.2261803788521348,-0.123506734173632,0.2261803788521348
2005-05-20,0.3385049365303247,-0.1774653949939166,0.3385049365303247
2005-05-23,-0.2530222097272954,-0.1931804723261814,0.2530222097272954
2005-05-24,-0.5918827508455442,-0.2013042626122725,0.5918827508455442
2005-05-25,0.0283527076835806,-0.203454445573106,0.0283527076835806
2005-05-26,-0.1700680272108908,-0.1945919273171482,0.1700680272108908
2005-05-27,0.397501419647934,-0.1569196888636462,0.397501419647934
2005-05-31,0.5938914027149295,-0.0305534838044763,0.5938914027149295
2005-06-01,2.136631993252743,-0.0097190501361527,2.136631993252743
2005-06-02,0.3578309936691412,0.0453721886111242,0.3578309936691412
2005-06-03,-2.5233132199670893,0.0594264497979942,2.5233132199670893
2005-06-06,1.0410804727068197,0.0084331793915704,1.0410804727068197
2005-06-07,-1.4202172096908985,0.0400032460247765,1.4202172096908985
2005-06-08,-1.3276836158192131,-0.000125566794334,1.3276836158192131
2005-06-09,0.9161179501860872,-0.0316874710157949,0.9161179501860872
2005-06-10,-1.645390070921981,-0.0186494987348281,1.645390070921981
2005-06-13,0.4326507066628244,-0.0570216181413847,0.4326507066628244
2005-06-14,1.493394600804124,-0.0264266163619043,1.493394600804124
2005-06-15,-0.3961516694963155,-0.0153913549480402,0.3961516694963155
2005-06-16,1.9602272727272712,-0.0211802758467031,1.9602272727272712
2005-06-17,-2.25689607132906,0.0044033471976578,2.25689607132906
2005-06-20,1.4823261117445852,-0.0299284075283371,1.4823261117445852
2005-06-21,-0.2808988764045008,-0.0122774621521083,0.2808988764045008
2005-06-22,-1.0140845070422544,-0.0183561400319591,1.0140845070422544
2005-06-23,0.4553215708594199,-0.0298552199352196,0.4553215708594199
2005-06-24,-1.1048158640226544,-0.0248386969358546,1.1048158640226544
2005-06-27,-0.8879977083930145,-0.0409804967452274,0.8879977083930145
2005-06-28,-2.6011560693641576,-0.0453802490496088,2.6011560693641576
2005-06-29,-0.6824925816023778,-0.0940095559780501,0.6824925816023778
2005-06-30,-0.6871825515386953,-0.1055630152694914,0.6871825515386953
2005-07-01,0.7821901323706452,-0.112514974744945,0.7821901323706452
2005-07-05,1.5223880597014838,-0.1401284746998252,1.5223880597014838
2005-07-06,-0.6174654513378391,-0.1090631169522496,0.6174654513378391
2005-07-07,0.9171597633136136,-0.0967311758821732,0.9171597633136136
2005-07-08,1.7883318674875386,-0.0948333678092467,1.7883318674875386
2005-07-11,2.2177419354838697,-0.0873052233217975,2.2177419354838697
2005-07-12,2.1978021978021935,-0.0561243181696594,2.1978021978021935
2005-07-13,1.847256685966368,-0.0301634395369788,1.847256685966368
2005-07-14,1.1099079588521907,-0.0075323673174966,1.1099079588521907
2005-07-15,-1.0709504685408309,0.0230211580849321,1.0709504685408309
2005-07-18,-0.703653585926923,0.0051180378312727,0.703653585926923
2005-07-19,2.180430635050425,0.0550807653521579,2.180430635050425
2005-07-20,4.081088290210723,0.0434947297757152,4.081088290210723
2005-07-21,-2.895950794464377,0.0698657177027691,2.895950794464377
2005-07-22,0.2903140670361487,0.0122287221489962,0.2903140670361487
2005-07-25,0.2105263157894739,0.0119380751865866,0.2105263157894739
2005-07-26,10.346638655462188,0.0069742926425636,10.346638655462188
2005-07-27,3.522132317943829,0.0222790969634901,3.522132317943829
2005-07-28,4.160919540229886,0.0399463799667344,4.160919540229886
2005-07-29,-0.9490178768483616,0.0343138364287816,0.9490178768483616
2005-08-01,0.0445632798573925,0.0779598494891239,0.0445632798573925
2005-08-02,2.4721603563474335,0.1245281967625276,2.4721603563474335
2005-08-03,-0.9997826559443656,0.1695743052548053,0.9997826559443656
2005-08-04,-0.6586169045005349,0.1877278667904041,0.6586169045005349
2005-08-05,0.1546961325966778,0.1981846767200423,0.1546961325966778
2005-08-08,0.970873786407758,0.2298612865174436,0.970873786407758
2005-08-09,-0.8085664335664319,0.2556320899746092,0.8085664335664319
2005-08-10,-1.6523463317911278,0.2235743181964491,1.6523463317911278
2005-08-11,-0.0224014336917637,0.2050129227032046,0.0224014336917637
2005-08-12,-1.5684517140936654,0.2211237107130734,1.5684517140936654
2005-08-15,2.208058274527667,0.2272391696220916,2.208058274527667
2005-08-16,-1.5812917594654925,0.2416178311050452,1.5812917594654925
2005-08-17,-0.7015161801312446,0.2376818407570906,0.7015161801312446
2005-08-18,-0.7520510483135705,0.2226049710617505,0.7520510483135705
2005-08-19,0.1377726750860927,0.2001283843968787,0.1377726750860927
2005-08-22,0.298096766796604,0.167555000776583,0.298096766796604
2005-08-23,-0.9602194787379932,0.161929156414617,0.9602194787379932
2005-08-24,-2.03139427516159,0.1663963579598031,2.03139427516159
2005-08-25,-0.3298774740810402,0.0754923179523686,0.3298774740810402
2005-08-26,-0.7092198581560342,0.0801394090378473,0.7092198581560342
2005-08-29,0.9285714285714214,0.0873385728299781,0.9285714285714214
2005-08-30,0.1179523472517077,0.0992312519475771,0.1179523472517077
2005-08-31,0.1885014137606034,0.1075982858606831,0.1885014137606034
2005-09-01,-1.222953904045146,0.1152098500456633,1.222953904045146
2005-09-02,-1.0714285714285696,0.099170570238649,1.0714285714285696
2005-09-06,4.693140794223812,0.0809786233554882,4.693140794223812
2005-09-07,-0.1149425287356297,0.1846962362987143,0.1149425287356297
2005-09-08,-1.058688147295728,0.2177105545513376,1.058688147295728
2005-09-09,-0.6280530355896751,0.1989486093523676,0.6280530355896751
2005-09-12,3.394194756554297,0.1926884566170446,3.394194756554297
2005-09-13,-0.6565542223228417,0.2204479373050156,0.6565542223228417
2005-09-14,-1.5496809480401006,0.2092186617234332,1.5496809480401006
2005-09-15,-0.9259259259259268,0.1897119006897533,0.9259259259259268
2005-09-16,-0.3971962616822511,0.1891538757397368,0.3971962616822511
2005-09-19,0.0469153178512732,0.269781486091473,0.0469153178512732
2005-09-20,-1.875732708089099,0.2567925645317532,1.875732708089099
2005-09-21,-1.5531660692950895,0.1949951708174082,1.5531660692950895
2005-09-22,1.8689320388349504,0.2260254929131057,1.8689320388349504
2005-09-23,1.143674052894926,0.2132050715673469,1.143674052894926
2005-09-26,1.9081272084805536,0.1994378665823861,1.9081272084805536
2005-09-27,-0.0231160425335054,0.1794604982108356,0.0231160425335054
2005-09-28,0.3005780346820786,0.1651795579735761,0.3005780346820786
2005-09-29,2.8123559243891165,0.163411166104215,2.8123559243891165
2005-09-30,1.6367713004484394,0.192676039610957,1.6367713004484394
2005-10-03,1.4780498566070874,0.2164584395632124,1.4780498566070874
2005-10-04,-2.369565217391304,0.2828887746014872,2.369565217391304
2005-10-05,-0.3562680917390339,0.2320102941486253,0.3562680917390339
2005-10-06,-1.0726256983240234,0.2310393267735794,1.0726256983240234
2005-10-07,-1.0616670431443351,0.1978884822372755,1.0616670431443351
2005-10-10,0.2739726027397364,0.1696479481302083,0.2739726027397364
2005-10-11,-2.299635701275045,0.1371810278997415,2.299635701275045
2005-10-12,-1.1186203682125389,0.1169752757255811,1.1186203682125389
2005-10-13,1.343389111477716,0.104485970850656,1.343389111477716
2005-10-14,1.4651162790697818,0.1273254620885923,1.4651162790697818
2005-10-17,2.9566811826724626,0.1568722193768518,2.9566811826724626
2005-10-18,-0.8459483526268979,0.1951385073042651,0.8459483526268979
2005-10-19,3.143242029636295,0.1940454092400732,3.143242029636295
2005-10-20,-0.5877231171092758,0.2231017097747024,0.5877231171092758
2005-10-21,0.9196409021239283,0.2139452707675998,0.9196409021239283
2005-10-24,1.714037752223904,0.1971112047941305,1.714037752223904
2005-10-25,-12.521331058020474,0.2145001828266756,12.521331058020474
2005-10-26,-3.3406486222872473,0.2017639488694917,3.3406486222872473
2005-10-27,-0.5802219979818398,0.1644989508776386,0.5802219979818398
2005-10-28,-0.152245622938335,0.1857970235266204,0.152245622938335
2005-10-31,1.5756035578144811,0.2076393935197378,1.5756035578144811
2005-11-01,0.8006004503377541,0.2031001844462799,0.8006004503377541
2005-11-02,1.48920327624722,0.2356750412457753,1.48920327624722
2005-11-03,1.4673514306676352,0.2377067724061911,1.4673514306676352
2005-11-04,-0.9881899252832096,0.2260852643133353,0.9881899252832096
2005-11-07,0.6085686465433388,0.1704337849321633,0.6085686465433388
2005-11-08,1.1129929833051115,0.1560933181576589,1.1129929833051115
2005-11-09,-0.7657334290500126,0.2430619725835033,0.7657334290500126
2005-11-10,2.170243549553891,0.2152655110543604,2.170243549553891
2005-11-11,0.3540240736369998,0.1936626148312537,0.3540240736369998
2005-11-14,6.914393226716851,0.2087713878238878,6.914393226716851
2005-11-15,-2.617685877694691,0.2785464519326358,2.617685877694691
2005-11-16,2.620284617122217,0.2670641712156266,2.620284617122217
2005-11-17,3.235747303543919,0.3021180157158054,3.235747303543919
2005-11-18,1.428571428571413,0.3904874382899575,1.428571428571413
2005-11-21,-0.1471515661130896,0.3900075461756202,0.1471515661130896
2005-11-22,2.6736842105263112,0.3884152736326347,2.6736842105263112
2005-11-23,-1.4763174082427737,0.4074138240840755,1.4763174082427737
2005-11-25,0.2081165452653626,0.3775897255809287,0.2081165452653626
2005-11-28,0.3322949117341643,0.3856165326075983,0.3322949117341643
2005-11-29,0.3518940178016861,0.3795162202645663,0.3518940178016861
2005-11-30,0.8250825082508259,0.3644116227205233,0.8250825082508259
2005-12-01,0.0818330605564739,0.3504596732682165,0.0818330605564739
2005-12-02,-0.1226492232215909,0.3287275291378372,0.1226492232215909
2005-12-05,0.4093327875562745,0.3085532053107904,0.4093327875562745
2005-12-06,0.5095801059926693,0.3016879928977888,0.5095801059926693
2005-12-07,-0.9734333806530124,0.2846319977551159,0.9734333806530124
2005-12-08,-0.3686258447675567,0.2702693569443329,0.3686258447675567
2005-12-09,1.0277492291880743,0.2445898185055553,1.0277492291880743
2005-12-12,-1.2410986775178017,0.2283405660920825,1.2410986775178017
2005-12-13,1.3597033374536431,0.2288771969690348,1.3597033374536431
2005-12-14,0.6097560975609807,0.2298433773011156,0.6097560975609807
2005-12-15,-0.2020202020201977,0.2216719093527436,0.2020202020201977
2005-12-16,-0.8299595141700479,0.1888383021778077,0.8299595141700479
2005-12-19,-1.081853439477443,0.153303502365046,1.081853439477443
2005-12-20,-0.3508047874535771,0.0354713551052515,0.3508047874535771
2005-12-21,1.2632014909919227,0.0551944990331077,1.2632014909919227
2005-12-22,0.5316973415133066,0.0683604253579981,0.5316973415133066
2005-12-23,-0.5288852725793468,0.0222114330344774,0.5288852725793468
2005-12-27,-0.8384458077709506,0.0397424019410144,0.8384458077709506
2005-12-28,-0.7424211177562482,0.0483601182117705,0.7424211177562482
2005-12-29,-0.8310824849366307,0.0429257825552751,0.8310824849366307
2005-12-30,-0.5447307772889127,0.0216941023018226,0.5447307772889127
2006-01-03,0.0337054982093917,0.0322894442967233,0.0337054982093917
2006-01-04,-0.6865181316598475,0.0580291052093187,0.6865181316598475
2006-01-05,1.7175572519083866,0.0546655810821719,1.7175572519083866
2006-01-06,-2.6683343756514515,0.0935298526613582,2.6683343756514515
2006-01-09,-0.5997001499250285,0.0313386639756875,0.5997001499250285
2006-01-10,-1.6375781081663354,0.049740195551468,1.6375781081663354
2006-01-11,-1.88389923329683,0.0463086676311745,1.88389923329683
2006-01-12,-0.7010493413708339,0.0404781473851041,0.7010493413708339
2006-01-13,-1.1826603111790823,0.0327653873266541,1.1826603111790823
2006-01-17,-1.774744027303741,0.0184012716270968,1.774744027303741
2006-01-18,3.071577484364143,0.0230835726928759,3.071577484364143
2006-01-19,-0.5978065444084901,0.069423794549212,0.5978065444084901
2006-01-20,-0.1130454442685935,0.0762533663446564,0.1130454442685935
2006-01-23,-1.1770031688546965,0.081888811502495,1.1770031688546965
2006-01-24,0.8932661475034492,0.0601719233997834,0.8932661475034492
2006-01-25,-0.2270147559591526,0.0677027677358805,0.2270147559591526
2006-01-26,1.3651877133105916,0.0643253273617441,1.3651877133105916
2006-01-27,1.930415263748604,0.0908028074755404,1.930415263748604
2006-01-30,-1.4314027747192333,0.114334561039424,1.4314027747192333
2006-01-31,-1.87667560321715,0.0469540171862506,1.87667560321715
2006-02-01,-0.1821493624772314,0.0305040994473187,0.1821493624772314
2006-02-02,-14.00547445255475,0.0409670655143661,14.00547445255475
2006-02-03,1.697612732095492,-0.036520616916115,1.697612732095492
2006-02-06,-0.6624934793948843,-0.0644852655371433,0.6624934793948843
2006-02-07,-1.0134957727248908,-0.0632792352195349,1.0134957727248908
2006-02-08,2.413793103448281,-0.0517146759283284,2.413793103448281
2006-02-09,-1.631701631701636,-0.0249709494019692,1.631701631701636
2006-02-10,0.7109004739336529,-0.0391046376059,0.7109004739336529
2006-02-13,-0.5490196078431464,-0.0420160762188765,0.5490196078431464
2006-02-14,0.5415352260778232,-0.0546207968936599,0.5415352260778232
2006-02-15,2.9388694242535065,-0.0320697811894573,2.9388694242535065
2006-02-16,-1.1176022352044714,-0.0244421721633626,1.1176022352044714
2006-02-17,0.2054970459799642,-0.050197791643798,0.2054970459799642
2006-02-21,-1.7944116893104292,-0.069585831728562,1.7944116893104292
2006-02-22,0.8091882015139686,-0.0886946002724566,0.8091882015139686
2006-02-23,-0.958052822371826,-0.0847757529970744,0.958052822371826
2006-02-24,1.385620915032678,-0.1221558158977711,1.385620915032678
2006-02-27,-2.552862300154724,-0.1245978725247429,2.552862300154724
2006-02-28,-0.899708917703091,-0.1649052643710115,0.899708917703091
2006-03-01,-4.806408544726305,-0.1502324012374266,4.806408544726305
2006-03-02,3.4782608695652204,-0.1947216447860887,3.4782608695652204
2006-03-03,1.1656275413391204,-0.1491950912513109,1.1656275413391204
2006-03-06,-1.6345123258306642,-0.1270529248050208,1.6345123258306642
2006-03-07,0.0272405339144738,-0.146102286688293,0.0272405339144738
2006-03-08,0.2178649237472768,-0.1227830938779545,0.2178649237472768
2006-03-09,-1.505434782608699,-0.1414543256351527,1.505434782608699
2006-03-10,0.1765712078574115,-0.1683111665544168,0.1765712078574115
2006-03-13,-0.7546130542550165,-0.1756849775439042,0.7546130542550165
2006-03-14,2.536352536352528,-0.1983659846039546,2.536352536352528
2006-03-15,0.3518267929634734,-0.1625058185279672,0.3518267929634734
2006-03-16,-0.5231930960086322,-0.1706357110797922,0.5231930960086322
2006-03-17,-2.6188797917909237,-0.1668959279131168,2.6188797917909237
2006-03-20,1.141425389755009,-0.1894076867351142,1.141425389755009
2006-03-21,-0.908340214698594,-0.1641559065356132,0.908340214698594
2006-03-22,-0.1111111111111112,-0.0639083421293223,0.1111111111111112
2006-03-23,-0.6674082313681875,-0.0009232298024516,0.6674082313681875
2006-03-24,-0.615901455767084,-0.0121827513080246,0.615901455767084
2006-03-27,-0.8169014084507019,-0.0323688901567817,0.8169014084507019
2006-03-28,1.363249076966772,-0.0991663922767162,1.363249076966772
2006-03-29,2.1294480246567686,-0.0955266693619392,2.1294480246567686
2006-03-30,0.6310013717421161,-0.0903197875998984,0.6310013717421161
2006-03-31,-0.0272628135223646,-0.0996184997219908,0.0272628135223646
2006-04-03,-1.4453231524406855,-0.090155944180628,1.4453231524406855
2006-04-04,1.4388489208633106,-0.1204479366246044,1.4388489208633106
2006-04-05,1.472995090016374,-0.1207720131481662,1.472995090016374
2006-04-06,3.6290322580645102,-0.1056394611479396,3.6290322580645102
2006-04-07,-3.616083009079123,-0.0865236359083672,3.616083009079123
2006-04-10,-1.4694800301431736,-0.1311478896048303,1.4694800301431736
2006-04-11,-1.912045889101334,-0.1941992926252183,1.912045889101334
2006-04-12,0.1113895850737956,-0.1870690514595227,0.1113895850737956
2006-04-13,1.44645340751042,-0.2119371884908462,1.44645340751042
2006-04-17,-2.9613380860981535,-0.1756783381647738,2.9613380860981535
2006-04-18,2.051426956767448,-0.2230130911060621,2.051426956767448
2006-04-19,1.6170118507032831,-0.2089527672993042,1.6170118507032831
2006-04-20,-0.2179836512261582,-0.2448251870821506,0.2179836512261582
2006-04-21,-1.3762971054068756,-0.2124241253949958,1.3762971054068756
2006-04-24,-1.4564182079964552,-0.2294730950984575,1.4564182079964552
2006-04-25,-0.7024445068839661,-0.2504544534199704,0.7024445068839661
2006-04-26,0.4697226938313637,-0.2661487837173243,0.4697226938313637
2006-04-27,0.7435363037233075,-0.2810259117698994,0.7435363037233075
2006-04-28,-1.6214705060106187,-0.2790023230634075,1.6214705060106187
2006-05-01,-1.5629440181869894,-0.2927617188851538,1.5629440181869894
2006-05-02,-1.010392609699773,-0.3161814851981197,1.010392609699773
2006-05-03,0.9507144940215796,-0.3363017450201463,0.9507144940215796
2006-05-04,0.0866651259533196,-0.3133141568636458,0.0866651259533196
2006-05-05,0.9928996132309706,-0.3085360873150014,0.9928996132309706
2006-05-08,-1.6404687053443812,-0.3165001199715192,1.6404687053443812
2006-05-09,0.7670850767085006,-0.3142476905663107,0.7670850767085006
2006-05-10,-1.614763552479817,-0.3281177811666944,1.614763552479817
2006-05-11,-1.6412661195779616,-0.3536776120487102,1.6412661195779616
2006-05-12,-3.00953516090584,-0.3674921142143025,3.00953516090584
2006-05-15,0.8909370199692754,-0.386485132128315,0.8909370199692754
2006-05-16,-1.1875761266747775,-0.3648597006496464,1.1875761266747775
2006-05-17,-2.2804314329738147,-0.3731276268785456,2.2804314329738147
2006-05-18,2.995900346893731,-0.41106911915794,2.995900346893731
2006-05-19,3.9804041641151224,-0.3881953666541452,3.9804041641151224
2006-05-22,3.062426383981157,-0.3430806316046054,3.062426383981157
2006-05-23,-4.542857142857137,-0.3029953244582999,4.542857142857137
2006-05-24,5.836575875486377,-0.3401246682376448,5.836575875486377
2006-05-25,0.8484162895927546,-0.2737904302089825,0.8484162895927546
2006-05-26,0.1962983735277655,-0.2882886135593911,0.1962983735277655
2006-05-30,-2.7819759305905447,-0.2837956473500567,2.7819759305905447
2006-05-31,-0.3166743436204421,-0.3085557444745513,0.3166743436204421
2006-06-01,1.6288338242938831,-0.3296923070296115,1.6288338242938831
2006-06-02,-2.0744529695936333,-0.2806100030819987,2.0744529695936333
2006-06-05,-2.5536854323853766,-0.2937744287896682,2.5536854323853766
2006-06-06,-0.5360333531864275,-0.3022919592210233,0.5360333531864275
2006-06-07,0.4491017964071894,-0.2828917411155326,0.4491017964071894
2006-06-08,-0.149031296572277,-0.2699546880807202,0.149031296572277
2006-06-09,1.4925373134328306,-0.2187368471487893,1.4925373134328306
2006-06-12,-1.4999999999999916,-0.187604024172177,1.4999999999999916
2006-06-13,0.0298596595998772,-0.220946973613965,0.0298596595998772
2006-06-14,1.0149253731343226,-0.211517915555134,1.0149253731343226
2006-06-15,3.073286052009459,-0.1935180256606231,3.073286052009459
2006-06-16,0.9174311926605512,-0.1491614695593525,0.9174311926605512
2006-06-19,-0.539772727272731,-0.1376156228150822,0.539772727272731
2006-06-20,0.942587832047984,-0.1378678424964467,0.942587832047984
2006-06-21,3.423882286361064,-0.1272869851469917,3.423882286361064
2006-06-22,-0.2462380300957564,-0.0934181332830372,0.2462380300957564
2006-06-23,0.2468458584750383,-0.0859404904675699,0.2468458584750383
2006-06-26,0.465116279069777,-0.1038414981873273,0.465116279069777
2006-06-27,-0.0544662309368252,-0.1674959799712054,0.0544662309368252
2006-06-28,0.3269754768392373,-0.1240443213680392,0.3269754768392373
2006-06-29,4.780010863661058,-0.1391041124859623,4.780010863661058
2006-06-30,-0.155520995334376,-0.0756121018125693,0.155520995334376
2006-07-03,-0.6230529595015583,-0.0683875897961361,0.6230529595015583
2006-07-05,-3.160919540229885,-0.1057541013855595,3.160919540229885
2006-07-06,-0.9711356892365804,-0.115107710120909,0.9711356892365804
2006-07-07,-1.1168618904930516,-0.1296533697138812,1.1168618904930516
2006-07-10,-1.5426997245179075,-0.1387589171754428,1.5426997245179075
2006-07-11,-0.3917179630665862,-0.1722637075128537,0.3917179630665862
2006-07-12,-3.567415730337085,-0.216019767103789,3.567415730337085
2006-07-13,-2.38858141567142,-0.2353278324921424,2.38858141567142
2006-07-14,-2.1486123545210405,-0.2476665429992422,2.1486123545210405
2006-07-17,2.6227508386703353,-0.2474240354253137,2.6227508386703353
2006-07-18,-0.4457652303120393,-0.2259832730405045,0.4457652303120393
2006-07-19,2.6567164179104465,-0.2167842662433386,2.6567164179104465
2006-07-20,-1.5702239022971871,-0.185878092539468,1.5702239022971871
2006-07-21,-1.4771048744460804,-0.1663136508589394,1.4771048744460804
2006-07-24,1.94902548725637,-0.1908417644293046,1.94902548725637
2006-07-25,-15.411764705882357,-0.100906172172792,15.411764705882357
2006-07-26,-8.031988873435322,-0.1556258136925561,8.031988873435322
2006-07-27,1.3232514177693817,-0.536861257147436,1.3232514177693817
2006-07-28,0.8208955223880521,-0.1837006272855694,0.8208955223880521
2006-07-31,-1.7394522575869782,-0.5225356675017845,1.7394522575869782
2006-08-01,-1.5065913370997963,-0.5305371331486115,1.5065913370997963
2006-08-02,-0.2294455066921693,-0.5336134110725085,0.2294455066921693
2006-08-03,3.2579532387888066,-0.5499296486264891,3.2579532387888066
2006-08-04,0.9279881217520384,-0.5409547482401165,0.9279881217520384
2006-08-07,-1.4343508642883305,-0.5567922873733189,1.4343508642883305
2006-08-08,-0.9701492537313524,-0.5685325524193016,0.9701492537313524
2006-08-09,-1.281085154483791,-0.5695928634129303,1.281085154483791
2006-08-10,0.8778625954198354,-0.5628559647430509,0.8778625954198354
2006-08-11,-0.7945516458569772,-0.570885553017273,0.7945516458569772
2006-08-14,2.860411899313508,-0.5583456264151,2.860411899313508
2006-08-15,3.7078235076010415,-0.5074452175553881,3.7078235076010415
2006-08-16,-0.0357525920629365,-0.4940202245831152,0.0357525920629365
2006-08-17,4.041487839771102,-0.4812405890423253,4.041487839771102
2006-08-18,-1.3406668958404848,-0.445306072581595,1.3406668958404848
2006-08-21,-1.9512195121951237,-0.4492763070625248,1.9512195121951237
2006-08-22,1.4925373134328292,-0.4937414215549531,1.4925373134328292
2006-08-23,-1.1204481792717098,-0.4947983722572184,1.1204481792717098
2006-08-24,-1.5934844192634536,-0.4883074155921161,1.5934844192634536
2006-08-25,2.195034184958616,-0.506159573087934,2.195034184958616
2006-08-28,2.0070422535211248,-0.4912028420663842,2.0070422535211248
2006-08-29,2.0711080428029014,-0.474738196616882,2.0711080428029014
2006-08-30,4.0108217788299045,-0.5012780522076999,4.0108217788299045
2006-08-31,0.305631421511245,-0.4700910680275882,0.305631421511245
2006-09-01,2.4635332252836326,-0.4412899008140274,2.4635332252836326
2006-09-05,0.4745333755140817,-0.3930074549123878,0.4745333755140817
2006-09-06,-3.746851385390435,-0.3881761677136477,3.746851385390435
2006-09-07,-1.2430487405953488,-0.4401194618571029,1.2430487405953488
2006-09-08,0.1324942033786023,-0.4209656971429629,0.1324942033786023
2006-09-11,2.1171022163413844,-0.4473725395452229,2.1171022163413844
2006-09-12,2.7858762552640055,-0.4439650136005186,2.7858762552640055
2006-09-13,-0.5988023952095849,-0.4209438409249078,0.5988023952095849
2006-09-14,1.1414077362079909,-0.3819456245330426,1.1414077362079909
2006-09-15,1.5987460815047072,-0.3443025856110461,1.5987460815047072
2006-09-18,-0.5245294662141284,-0.3060260222881164,0.5245294662141284
2006-09-19,-1.3337468982630318,-0.3003755564149701,1.3337468982630318
2006-09-20,1.3517761710154086,-0.3357678797868709,1.3517761710154086
2006-09-21,-6.265508684863535,-0.2928759443053449,6.265508684863535
2006-09-22,2.7465254798146987,-0.367559783480997,2.7465254798146987
2006-09-25,2.705314009661838,-0.1883783872361655,2.705314009661838
2006-09-26,1.2229539040451598,-0.1378383951384506,1.2229539040451598
2006-09-27,-0.0309789343246695,-0.1001785028998245,0.0309789343246695
2006-09-28,-0.8057018903005827,-0.1119251068681525,0.8057018903005827
2006-09-29,-0.0937207122774168,-0.1048817195854052,0.0937207122774168
2006-10-02,-3.377110694183868,-0.1224852548117555,3.377110694183868
2006-10-03,2.750809061488672,-0.1342732504263789,2.750809061488672
2006-10-04,2.929133858267716,-0.0815751131497079,2.929133858267716
2006-10-05,1.4381884944920489,-0.0091918100994834,1.4381884944920489
2006-10-06,-1.990950226244339,0.0072244444689923,1.990950226244339
2006-10-09,2.4007386888273268,-0.0012000954292443,2.4007386888273268
2006-10-10,-1.9837691614066677,0.0485486699579038,1.9837691614066677
2006-10-11,1.5026065624041685,0.0010642697560161,1.5026065624041685
2006-10-12,0.7552870090634414,-0.0193645376148852,0.7552870090634414
2006-10-13,-1.4992503748125885,-0.035442896364409,1.4992503748125885
2006-10-16,-1.9786910197869083,0.0135255199503878,1.9786910197869083
2006-10-17,1.149068322981364,-0.0793199710550438,1.149068322981364
2006-10-18,-1.2281240405280944,-0.0765411146845251,1.2281240405280944
2006-10-19,1.6164128069630104,-0.0914849030567355,1.6164128069630104
2006-10-20,-0.6729886815539994,-0.0438882300343999,0.6729886815539994
2006-10-23,1.2319063751154924,-0.0469103154818533,1.2319063751154924
2006-10-24,13.477334955886828,-0.0522205866825261,13.477334955886828
2006-10-25,-0.1340482573726513,0.1215531807015853,0.1340482573726513
2006-10-26,2.4161073825503316,0.1350520478680772,2.4161073825503316
2006-10-27,-0.2621231979030088,0.172032200468972,0.2621231979030088
2006-10-30,0.4467805519053851,0.1890571954610987,0.4467805519053851
2006-10-31,-0.2459445316588135,0.1946882740941836,0.2459445316588135
2006-11-01,-2.087814090122229,0.1769556925671397,2.087814090122229
2006-11-02,0.7500669702652029,0.1710473650880487,0.7500669702652029
2006-11-03,0.0797660196756094,0.1774693660997812,0.0797660196756094
2006-11-06,1.4877789585547303,0.1666152335226669,1.4877789585547303
2006-11-07,0.994764397905766,0.1493706682947118,0.994764397905766
2006-11-08,2.384655261793678,0.1512457915766693,2.384655261793678
2006-11-09,-1.797468354430384,0.1819964566402861,1.797468354430384
2006-11-10,1.134312967259604,0.1529440307246231,1.134312967259604
2006-11-13,2.2431812388478227,0.1274316429296901,2.2431812388478227
2006-11-14,3.4654699576165604,0.1541232122648044,3.4654699576165604
2006-11-15,2.2795180722891515,0.1872937240590911,2.2795180722891515
2006-11-16,0.2450171983225685,0.2066979349310241,0.2450171983225685
2006-11-17,-0.4700352526439383,0.2109693783208777,0.4700352526439383
2006-11-20,0.4722550177095531,0.1971024753393468,0.4722550177095531
2006-11-21,-0.1175088131609845,0.1513220857187845,0.1175088131609845
2006-11-22,0.1411764705882406,0.1523979994657942,0.1411764705882406
2006-11-24,-0.8928571428571488,0.1602880078077592,0.8928571428571488
2006-11-27,-3.3902323376007537,0.1827845990524207,3.3902323376007537
2006-11-28,-0.6625766871165677,0.1592989693232629,0.6625766871165677
2006-11-29,-0.1482213438735234,0.2903179998273139,0.1482213438735234
2006-11-30,-0.3958436417615045,0.3071452059811974,0.3958436417615045
2006-12-01,-2.3596621957277635,0.3133504488337607,2.3596621957277635
2006-12-04,-0.4578987534978437,0.3006113419130969,0.4578987534978437
2006-12-05,-0.9200102223358044,0.3116930364320098,0.9200102223358044
2006-12-06,0.4126902244003099,0.3149050350548861,0.4126902244003099
2006-12-07,-2.5944002054970454,0.3144272188665647,2.5944002054970454
2006-12-08,0.7911392405063357,0.2925445522146022,0.7911392405063357
2006-12-11,0.5756148613291417,0.2991925864045118,0.5756148613291417
2006-12-12,0.4422476586888748,0.3201220648498343,0.4422476586888748
2006-12-13,0.3367003367003341,0.3380507093756572,0.3367003367003341
2006-12-14,1.6520392359318548,0.3427469491737909,1.6520392359318548
2006-12-15,2.0822752666327933,0.3665038066912733,2.0822752666327933
2006-12-18,-3.5323383084576983,0.4417290032151663,3.5323383084576983
2006-12-19,1.6761217122227938,0.3931337212052791,1.6761217122227938
2006-12-20,1.115901597768198,0.4000779642794661,1.115901597768198
2006-12-21,0.2758966641585182,0.4331208121413602,0.2758966641585182
2006-12-22,0.3751875937968904,0.4553407891220488,0.3751875937968904
2006-12-26,-0.6728133565910713,0.4615038916482146,0.6728133565910713
2006-12-27,1.3045659809332677,0.417281715560039,1.3045659809332677
2006-12-28,-0.7924715205547307,0.4198622330174463,0.7924715205547307
2006-12-29,-3.444832750873698,0.4289240142973296,3.444832750873698
2007-01-03,-0.2326783867631824,0.4065366614192765,0.2326783867631824
2007-01-04,0.3368748380409406,0.4175119094323706,0.3368748380409406
2007-01-05,-1.2913223140495822,0.4077687901314111,1.2913223140495822
2007-01-08,-1.622187336473058,0.4014458358938317,1.622187336473058
2007-01-09,-0.2925531914893531,0.3569799087128404,0.2925531914893531
2007-01-10,-0.8535609495865571,0.3180348723999545,0.8535609495865571
2007-01-11,0.5111649179445824,0.3092376280471077,0.5111649179445824
2007-01-12,2.78372591006423,0.2741737531897236,2.78372591006423
2007-01-16,0.7812500000000066,0.3023706654853225,0.7812500000000066
2007-01-17,-3.1007751937984525,0.3441119875159852,3.1007751937984525
2007-01-18,-2.159999999999999,0.2971517438328149,2.159999999999999
2007-01-19,2.616516762060509,0.2867587548013406,2.616516762060509
2007-01-22,-1.9920318725099648,0.3288618979507461,1.9920318725099648
2007-01-23,-1.056910569105695,0.2868339953359886,1.056910569105695
2007-01-24,4.300191728293619,0.2531092842286497,4.300191728293619
2007-01-25,-2.1533613445378115,0.2760830851441985,2.1533613445378115
2007-01-26,-1.50295222758991,0.2169942784061595,1.50295222758991
2007-01-29,1.60762942779292,0.1989914587045819,1.60762942779292
2007-01-30,-0.9117725931885292,0.1910766552716922,0.9117725931885292
2007-01-31,2.7063599458728036,0.1799447868881263,2.7063599458728036
2007-02-01,-1.8972332015810296,0.241045796117922,1.8972332015810296
2007-02-02,0.053720118184266,0.2344877856455315,0.053720118184266
2007-02-05,-0.1342281879194602,0.233552213499645,0.1342281879194602
2007-02-06,3.467741935483871,0.2105180262358461,3.467741935483871
2007-02-07,1.1951156144453057,0.2180431947175919,1.1951156144453057
2007-02-08,0.6161745827984602,0.2360423401782706,0.6161745827984602
2007-02-09,-1.0206685378923204,0.2307138129904035,1.0206685378923204
2007-02-12,0.1546790409899403,0.1653255764559962,0.1546790409899403
2007-02-13,0.9781209781209848,0.1638590951134975,0.9781209781209848
2007-02-14,2.3196533265358195,0.1807551591229571,2.3196533265358195
2007-02-15,-0.5979073243647239,0.2041279539581575,0.5979073243647239
2007-02-16,0.5764411027568843,0.2984148539445817,0.5764411027568843
2007-02-20,2.641415399950159,0.2782347502396275,2.641415399950159
2007-02-21,0.5098324836125251,0.2784975854746672,0.5098324836125251
2007-02-22,-0.966183574879228,0.2712267882829796,0.966183574879228
2007-02-23,-0.3414634146341304,0.2325662822799645,0.3414634146341304
2007-02-26,-1.6397454723445954,0.226645531267206,1.6397454723445954
2007-02-27,-3.184871858671314,0.1917438677432137,3.184871858671314
2007-02-28,1.0537136982780757,0.1679090096459416,1.0537136982780757
2007-03-01,-2.5432349949135324,0.1626856856652073,2.5432349949135324
2007-03-02,-3.0532359081419624,0.1127469464283187,3.0532359081419624
2007-03-05,1.4535666218035066,0.0655734345177412,1.4535666218035066
2007-03-06,2.6266914300875497,0.0905152675888097,2.6266914300875497
2007-03-07,0.2326783867631824,0.1102419196108542,0.2326783867631824
2007-03-08,-0.7480010317255589,0.1172960941911382,0.7480010317255589
2007-03-09,0.4158004158004161,0.0943514497826275,0.4158004158004161
2007-03-12,-0.8799171842650054,0.0892134415262669,0.8799171842650054
2007-03-13,-1.4099216710182838,0.0787178105612224,1.4099216710182838
2007-03-14,0.900423728813566,0.0643338054496093,0.900423728813566
2007-03-15,-0.9973753280839962,0.0639506070934427,0.9973753280839962
2007-03-16,0.7423117709437971,0.0506757707695003,0.7423117709437971
2007-03-19,1.3947368421052733,0.0492817263534461,1.3947368421052733
2007-03-20,0.0519076044640482,0.0653367785910097,0.0519076044640482
2007-03-21,2.4124513618677037,0.0686581351163764,2.4124513618677037
2007-03-22,0.2026342451874368,0.0802813263178593,0.2026342451874368
2007-03-23,-1.466127401415567,0.0813582011740647,1.466127401415567
2007-03-26,-0.4104669061056956,0.041806826923291,0.4104669061056956
2007-03-27,0.6955177743431141,0.0392715568747492,0.6955177743431141
2007-03-28,1.432591455615248,0.039231908978321,1.432591455615248
2007-03-29,0.2522068095838646,0.0542867260328673,0.2522068095838646
2007-03-30,0.2515723270440198,0.0784182646003961,0.2515723270440198
2007-04-02,1.430363864491843,0.072707257559312,1.430363864491843
2007-04-03,1.979218208807523,0.0862949390834314,1.979218208807523
2007-04-04,0.8491023774866604,0.0876917632431069,0.8491023774866604
2007-04-05,0.3608371421698263,0.0864310627497258,0.3608371421698263
2007-04-09,-0.3595397890699828,0.0698671586368632,0.3595397890699828
2007-04-10,0.3848929516478233,0.0840628465182408,0.3848929516478233
2007-04-11,0.0,0.0771219572975816,0.0
2007-04-12,1.1023244668104544,0.0598252067644704,1.1023244668104544
2007-04-13,3.7449632614363466,0.0391957564922727,3.7449632614363466
2007-04-16,3.4498514964587574,0.0289197427103568,3.4498514964587574
2007-04-17,-1.0600706713780732,0.0776321952601691,1.0600706713780732
2007-04-18,-0.4241071428571457,0.0729226516744082,0.4241071428571457
2007-04-19,1.0759919300605254,0.063550024893252,1.0759919300605254
2007-04-20,-1.8185850521180025,0.0756330017904586,1.8185850521180025
2007-04-23,1.0842557036367757,0.0552189504247842,1.0842557036367757
2007-04-24,18.703910614525153,0.0747846158386135,18.703910614525153
2007-04-25,6.362951807228917,0.1101840870260659,6.362951807228917
2007-04-26,8.389380530973439,0.1609003405609383,8.389380530973439
2007-04-27,1.094056172436319,0.211911296249562,1.094056172436319
2007-04-30,-1.2760458730415076,0.2349908589671721,1.2760458730415076
2007-05-01,0.9162303664921474,0.2615941550004664,0.9162303664921474
2007-05-02,-0.972762645914405,0.2839013056303763,0.972762645914405
2007-05-03,2.1447282252783273,0.3891588230753744,2.1447282252783273
2007-05-04,0.064112838595936,0.3987194417130683,0.064112838595936
2007-05-07,-3.027390677558867,0.4471643211674798,3.027390677558867
2007-05-08,2.4116286752560274,0.4050946029987282,2.4116286752560274
2007-05-09,0.7096774193548322,0.4197566053141667,0.7096774193548322
2007-05-10,-2.370275464445863,0.4210812143887433,2.370275464445863
2007-05-11,1.1811023622047254,0.3917086530157986,1.1811023622047254
2007-05-14,-0.4539559014267261,0.3808271063058832,0.4539559014267261
2007-05-15,-0.6188925081433122,0.3461435661879695,0.6188925081433122
2007-05-16,3.048180924287118,0.4025029454037958,3.048180924287118
2007-05-17,-0.6361323155216291,0.4136670498393995,0.6361323155216291
2007-05-18,1.760563380281681,0.392556905612194,1.760563380281681
2007-05-21,7.7068260459263955,0.4062783575857568,7.7068260459263955
2007-05-22,1.066004672897202,0.4757224423754266,1.066004672897202
2007-05-23,-0.2456292443288592,0.5011347946653991,0.2456292443288592
2007-05-24,0.941483198146008,0.4814759917296393,0.941483198146008
2007-05-25,-1.808006887645291,0.4946648110817056,1.808006887645291
2007-05-29,0.9206488382288428,0.5245608067294194,0.9206488382288428
2007-05-30,2.3457862728062544,0.5350835650418535,2.3457862728062544
2007-05-31,-2.518392756083757,0.552240287756963,2.518392756083757
2007-06-01,-0.9433962264150872,0.5403451504389203,0.9433962264150872
2007-06-04,4.175824175824178,0.5532343697820058,4.175824175824178
2007-06-05,2.869198312236283,0.6001328989300498,2.869198312236283
2007-06-06,-0.779327317473344,0.6413325496291699,0.779327317473344
2007-06-07,-0.13779798814937,0.6289988433850863,0.13779798814937
2007-06-08,0.7313371050089683,0.5927400242003112,0.7313371050089683
2007-06-11,-3.5068493150684965,0.5875414656315291,3.5068493150684965
2007-06-12,0.6530380465644557,0.5837039419896538,0.6530380465644557
2007-06-13,0.0,0.6192658102478412,0.0
2007-06-14,2.75035260930889,0.5833352151508847,2.75035260930889
2007-06-15,-0.7000686341798237,0.635935221720075,0.7000686341798237
2007-06-18,-1.0920652474426285,0.6428837608567687,1.0920652474426285
2007-06-19,-1.8169112508735137,0.5748518008006741,1.8169112508735137
2007-06-20,-1.5516014234875442,0.5844016375500002,1.5516014234875442
2007-06-21,0.5639097744360859,0.594806339141862,0.5639097744360859
2007-06-22,-0.2875629043853409,0.5745111749345448,0.2875629043853409
2007-06-25,-1.1824080749819734,0.5851252112632009,1.1824080749819734
2007-06-26,-2.2909674595067857,0.5328051566098709,2.2909674595067857
2007-06-27,2.2401433691756325,0.5409752644361514,2.2401433691756325
2007-06-28,0.8326029798422363,0.5624751863472889,0.8326029798422363
2007-06-29,-0.3187020136172585,0.5755580705834001,0.3187020136172585
2007-07-02,1.7875308821392142,0.534878280209647,1.7875308821392142
2007-07-03,-0.9708737864077616,0.5350915389940684,0.9708737864077616
2007-07-05,-0.8794694348327559,0.5142762336834964,0.8794694348327559
2007-07-06,0.9163636363636324,0.5216406399620411,0.9163636363636324
2007-07-09,3.271836264053046,0.5292926697314989,3.271836264053046
2007-07-10,-1.4933705512910007,0.5527703649344103,1.4933705512910007
2007-07-11,1.03428733352225,0.508897411797329,1.03428733352225
2007-07-12,2.4821203197307473,0.5286458279795286,2.4821203197307473
2007-07-13,2.2577996715927755,0.5480703831418242,2.2577996715927755
2007-07-16,-0.4549712297604684,0.5400728800329366,0.4549712297604684
2007-07-17,-1.5055787068154336,0.5292939294777187,1.5055787068154336
2007-07-18,1.3238706155316011,0.5239494691239328,1.3238706155316011
2007-07-19,-2.182112068965528,0.5396152757460665,2.182112068965528
2007-07-20,-1.1567061415587945,0.5312864610452089,1.1567061415587945
2007-07-23,-1.0309278350515445,0.5548921042263196,1.0309278350515445
2007-07-24,19.172297297297288,0.5295816862925581,19.172297297297288
2007-07-25,0.4252303330971104,0.795956004635902,0.4252303330971104
2007-07-26,-0.8821453775582341,0.8594139303596859,0.8821453775582341
2007-07-27,-1.5070606384241,0.8375833855629659,1.5070606384241
2007-07-30,0.8433734939758856,0.78409838753286,0.8433734939758856
2007-07-31,-6.690561529271203,0.7944987328860982,6.690561529271203
2007-08-01,-0.3072983354673498,0.7825553144345795,0.3072983354673498
2007-08-02,2.1577189827896244,0.7798597000059901,2.1577189827896244
2007-08-03,-3.1179280864973515,0.8113733361492236,3.1179280864973515
2007-08-06,1.9335582662860111,0.818570855003779,1.9335582662860111
2007-08-07,1.553150859325269,0.814721684539972,1.553150859325269
2007-08-08,-4.224645856838418,0.8364206650751584,4.224645856838418
2007-08-09,-4.253926701570672,0.7936002237514461,4.253926701570672
2007-08-10,4.019138755980856,0.736386983370463,4.019138755980856
2007-08-13,-1.7085030884478891,0.7570262262815945,1.7085030884478891
2007-08-14,-2.3666265543521927,0.7004539535733335,2.3666265543521927
2007-08-15,-1.3968775677896388,0.6736480043907623,1.3968775677896388
2007-08-16,3.4583333333333286,0.6791478730211533,3.4583333333333286
2007-08-17,0.6578064169687257,0.7178483517391736,0.6578064169687257
2007-08-20,-1.026940517471325,0.7149713710215738,1.026940517471325
2007-08-21,5.430534968333102,0.6874484358127166,5.430534968333102
2007-08-22,0.8946830265848708,0.7301706601831303,0.8946830265848708
2007-08-23,-2.71091968583735,0.7338761740010932,2.71091968583735
2007-08-24,4.895833333333326,0.6912235054926579,4.895833333333326
2007-08-27,-3.351539225422041,0.722555847180126,3.351539225422041
2007-08-28,-1.155920883637296,0.6890068985544694,1.155920883637296
2007-08-29,1.8711018711018728,0.6736273673838653,1.8711018711018728
2007-08-30,2.040816326530614,0.696072990153793,2.040816326530614
2007-08-31,-0.1249999999999973,0.7124907948162964,0.1249999999999973
2007-09-04,2.9286608260325404,0.622924496105523,2.9286608260325404
2007-09-05,2.74805447470816,0.6317436114541769,2.74805447470816
2007-09-06,0.2366863905325603,0.6273330804740537,0.2366863905325603
2007-09-07,0.2715466351829951,0.5979426728677683,0.2715466351829951
2007-09-10,-0.8948545861297599,0.5917040730751613,0.8948545861297599
2007-09-11,2.257336343115118,0.5680224714016248,2.257336343115118
2007-09-12,2.1842686185662905,0.5714896542245127,2.1842686185662905
2007-09-13,-1.7509948834565083,0.5865179108825468,1.7509948834565083
2007-09-14,0.6596458743201062,0.5442468157560076,0.6596458743201062
2007-09-17,0.4598758335249384,0.5335160165209044,0.4598758335249384
2007-09-18,2.4490730144197803,0.4802295855599653,2.4490730144197803
2007-09-19,-0.6925826630920396,0.4098115651977797,0.6925826630920396
2007-09-20,1.5635545556805326,0.3908882082711096,1.5635545556805326
2007-09-21,1.1186177871303673,0.4285381548418523,1.1186177871303673
2007-09-24,0.7557502738225527,0.4271196002836867,0.7557502738225527
2007-09-25,2.2285030981628444,0.452126892657764,2.2285030981628444
2007-09-26,0.0319013185878361,0.4426347428942454,0.0319013185878361
2007-09-27,-1.3819496119910788,0.4456673977249468,1.3819496119910788
2007-09-28,0.7006575401530806,0.4803232604559377,0.7006575401530806
2007-10-01,0.4774138300149763,0.4541712626282272,0.4774138300149763
2007-10-02,-1.7855240449150938,0.4506730038884717,1.7855240449150938
2007-10-03,0.3904978848031388,0.4696159520222032,0.3904978848031388
2007-10-04,1.0804970286331674,0.4576374774354058,1.0804970286331674
2007-10-05,0.7161945483698575,0.4728365673500289,0.7161945483698575
2007-10-08,2.51538951390363,0.4766935583673014,2.51538951390363
2007-10-09,-1.12848120923491,0.4694303017905922,1.12848120923491
2007-10-10,-0.1780104712042014,0.4646445759785754,0.1780104712042014
2007-10-11,-6.199517465645645,0.447329505893709,6.199517465645645
2007-10-12,2.6615969581748997,0.3000681902083341,2.6615969581748997
2007-10-15,-3.387799564270152,0.3099600298905519,3.387799564270152
2007-10-16,3.619348291802906,0.2848158083603668,3.619348291802906
2007-10-17,-2.7529923830250285,0.3063075918444953,2.7529923830250285
2007-10-18,0.6266084815933864,0.308081899656132,0.6266084815933864
2007-10-19,-0.7561436672967821,0.3030490101537119,0.7561436672967821
2007-10-22,6.7563025210084,0.2659377299336557,6.7563025210084
2007-10-23,-4.628463476070537,0.3637974871519863,4.628463476070537
2007-10-24,-2.9052492571805804,0.334602672453348,2.9052492571805804
2007-10-25,0.8727190298084546,0.2499858878547163,0.8727190298084546
2007-10-26,1.5842696629213484,0.2160444818509224,1.5842696629213484
2007-10-29,-0.8184935294768261,0.2451472667563673,0.8184935294768261
2007-10-30,-1.8066242890598951,0.2415499462677955,1.8066242890598951
2007-10-31,-0.340715502555359,0.2169551247491057,0.340715502555359
2007-11-01,0.2507122507122534,0.2571235646645858,0.2507122507122534
2007-11-02,-4.115039217915199,0.2526846947336714,4.115039217915199
2007-11-05,0.3082394783639573,0.2133405265462221,0.3082394783639573
2007-11-06,2.127408107788674,0.1833070864284885,2.127408107788674
2007-11-07,0.4513366508505925,0.2144555296738646,0.4513366508505925
2007-11-08,-5.046082949308743,0.2327065905447414,5.046082949308743
2007-11-09,-5.047318611987396,0.2023955662000792,5.047318611987396
2007-11-12,-0.4472271914132284,0.1690232767843322,0.4472271914132284
2007-11-13,3.195995379283773,0.1588934412805766,3.195995379283773
2007-11-14,-1.2064676616915366,0.1939407837512091,1.2064676616915366
2007-11-15,-3.0467077930253055,0.1934272392063715,3.0467077930253055
2007-11-16,2.363329437735364,0.186227924894083,2.363329437735364
2007-11-19,1.3066091589496354,0.1872563631124754,1.3066091589496354
2007-11-20,-0.7763586275982894,0.1921604578070637,0.7763586275982894
2007-11-21,1.0979303382130092,0.1873878689271335,1.0979303382130092
2007-11-23,2.7337411059792935,0.0966005547433446,2.7337411059792935
2007-11-26,0.7533414337788503,0.138256153425321,0.7533414337788503
2007-11-27,5.583695127834068,0.1456916853850226,5.583695127834068
2007-11-28,2.6727584237578523,0.2210353168969552,2.6727584237578523
2007-11-29,0.7453554344198285,0.235625630991464,0.7453554344198285
2007-11-30,-0.5852473498233111,0.2471340819069,0.5852473498233111
2007-12-03,0.0111074086415577,0.2300685643556355,0.0111074086415577
2007-12-04,5.4975566414926815,0.2166598344127699,5.4975566414926815
2007-12-05,-1.8001894936309206,0.2758410787739215,1.8001894936309206
2007-12-06,1.3722126929674112,0.2537710405305616,1.3722126929674112
2007-12-07,-0.2643824027072796,0.2726905222514382,0.2643824027072796
2007-12-10,-1.2830028628989365,0.2629973266849791,1.2830028628989365
2007-12-11,-0.2792696025778711,0.2520319487417681,0.2792696025778711
2007-12-12,-1.928048255062476,0.2488102268907047,1.928048255062476
2007-12-13,-0.3075233388248267,0.225262706310016,0.3075233388248267
2007-12-14,-1.93896661892696,0.1124298685280431,1.93896661892696
2007-12-17,-3.572632288506905,0.0934489012784402,3.572632288506905
2007-12-18,1.2932541069556176,0.0669324873662306,1.2932541069556176
2007-12-19,3.680699332873228,0.0958511549898589,3.680699332873228
2007-12-20,1.4754825826492224,0.1689121193622653,1.4754825826492224
2007-12-21,-0.4591669399803194,0.240459428389463,0.4591669399803194
2007-12-24,0.4722679846238249,0.2388548447574074,0.4722679846238249
2007-12-26,1.3008307826847374,0.2313402084576017,1.3008307826847374
2007-12-27,2.8056544728606863,0.2715649895049331,2.8056544728606863
2007-12-28,-1.5324866169833005,0.2915063604771316,1.5324866169833005
2007-12-31,1.641616032405926,0.2701793201253709,1.641616032405926
2008-01-02,0.7446250655479782,0.3150168237653092,0.7446250655479782
2008-01-03,-2.914844888611278,0.3634256986688164,2.914844888611278
2008-01-04,-4.975337765387094,0.2807123434529557,4.975337765387094
2008-01-07,-1.2074023922365078,0.2616511125877899,1.2074023922365078
2008-01-08,0.0114220445459673,0.2683021354990387,0.0114220445459673
2008-01-09,-4.088624942896306,0.2833751036008894,4.088624942896306
2008-01-10,0.0595379852345889,0.1941838217623602,0.0595379852345889
2008-01-11,-2.2015946685707544,0.1699444715629984,2.2015946685707544
2008-01-14,-2.0613287904599606,0.1562594678684222,2.0613287904599606
2008-01-15,-1.1256616057451014,0.0961858319740095,1.1256616057451014
2008-01-16,0.7288263382759466,0.0768076688646024,0.7288263382759466
2008-01-17,-0.2869261477045869,0.1071752673715742,0.2869261477045869
2008-01-18,-7.944451394970608,0.0457754381220043,7.944451394970608
2008-01-22,2.7453112258765966,0.0801410306547692,2.7453112258765966
2008-01-23,-1.4153439153439065,0.1170377695929833,1.4153439153439065
2008-01-24,5.581644975177774,0.0711855062488673,5.581644975177774
2008-01-25,-2.262040920066082,0.1007070744809613,2.262040920066082
2008-01-28,-1.4822519828370808,0.0782532433726513,1.4822519828370808
2008-01-29,-2.943117328758082,0.0260825103896662,2.943117328758082
2008-01-30,-6.295893391351647,-0.0359721348919813,6.295893391351647
2008-01-31,14.671310404875928,-0.0686401986470333,14.671310404875928
2008-02-01,-5.720070868134648,0.1489563290110514,5.720070868134648
2008-02-04,-2.2818791946308714,0.155738746039365,2.2818791946308714
2008-02-05,-0.6868131868131844,0.1053880143931803,0.6868131868131844
2008-02-06,-6.818810511756574,0.0557881831087413,6.818810511756574
2008-02-07,8.950571470981146,0.083851939148628,8.950571470981146
2008-02-08,-0.3542234332425041,0.0935631734457816,0.3542234332425041
2008-02-11,3.130981678971836,0.077950666777157,3.130981678971836
2008-02-12,-0.5833222855627799,0.0368107952931822,0.5833222855627799
2008-02-13,3.653820509401254,0.0483128088585678,3.653820509401254
2008-02-14,-3.512157468159008,0.0290517223357056,3.512157468159008
2008-02-15,-1.9466666666666657,-0.0080023244276617,1.9466666666666657
2008-02-19,-2.230078868642911,-0.0346269608918711,2.230078868642911
2008-02-20,2.837273991655073,-0.0944256560153895,2.837273991655073
2008-02-21,-4.598322964565862,-0.0760335303691872,4.598322964565862
2008-02-22,2.565920045364333,-0.0898318338226103,2.565920045364333
2008-02-25,-0.6081548030407806,-0.086324456634221,0.6081548030407806
2008-02-26,-1.710471422611601,-0.0767807743121849,1.710471422611601
2008-02-27,-0.5376344086021416,-0.0765492993240824,0.5376344086021416
2008-02-28,-4.679943100995741,-0.0934753715727499,4.679943100995741
2008-02-29,-5.103715863303979,-0.1576971667531055,5.103715863303979
2008-03-03,-3.019342663940874,-0.199258797249904,3.019342663940874
2008-03-04,6.469920544835415,-0.2503711100574147,6.469920544835415
2008-03-05,-1.3859275053304934,-0.1618843294294058,1.3859275053304934
2008-03-06,-3.938223938223937,-0.1415545512350512,3.938223938223937
2008-03-07,2.733118971061092,-0.1126910055715737,2.733118971061092
2008-03-10,3.20813771517997,-0.1177569831979661,3.20813771517997
2008-03-11,1.2433661865049257,-0.0587147543518383,1.2433661865049257
2008-03-12,-2.486146472966894,-0.0798647555555689,2.486146472966894
2008-03-13,5.375518353555516,-0.0738883172632153,5.375518353555516
2008-03-14,-4.2122139629791535,-0.0192747711517725,4.2122139629791535
2008-03-17,3.849665246500306,-0.0595442386228085,3.849665246500306
2008-03-18,4.175824175824178,-0.1872130652463801,4.175824175824178
2008-03-19,-1.3080168776371304,-0.0954690862329366,1.3080168776371304
2008-03-20,5.201653128117418,-0.0459818664137725,5.201653128117418
2008-03-24,2.7228393389325456,-0.0271356603452894,2.7228393389325456
2008-03-25,-2.228669392061196,-0.0339953993983457,2.228669392061196
2008-03-26,0.3102239007283595,-0.0290265871392077,0.3102239007283595
2008-03-27,-4.531397068710509,0.0078964232292927,4.531397068710509
2008-03-28,-1.0563380281690042,-0.0322937217081066,1.0563380281690042
2008-03-31,3.9003558718861218,-0.0405909282292174,3.9003558718861218
2008-04-01,5.603507329771198,0.0511740905236138,5.603507329771198
2008-04-02,-2.503892060197204,0.1094036312540586,2.503892060197204
2008-04-03,0.1463739188290102,0.0572269152253385,0.1463739188290102
2008-04-04,2.7903268668615464,0.0804094205865737,2.7903268668615464
2008-04-07,-1.2409513960703218,0.1475344604010109,1.2409513960703218
2008-04-08,0.2094240837696337,0.2431187454311096,0.2094240837696337
2008-04-09,-2.7168234064785697,0.2474317657612438,2.7168234064785697
2008-04-10,-0.8592910848549954,0.1605238389514778,0.8592910848549954
2008-04-11,-2.898158179848326,0.163029353486539,2.898158179848326
2008-04-14,1.771269177126915,0.1918840399592946,1.771269177126915
2008-04-15,0.0685213101274481,0.1627140951679604,0.0685213101274481
2008-04-16,1.588605861407841,0.1325404956755947,1.588605861407841
2008-04-17,3.1005661903477963,0.1559063384176592,3.1005661903477963
2008-04-18,4.641736401673646,0.1745773629638291,4.641736401673646
2008-04-21,-0.1124578283143863,0.1868762437425793,0.1124578283143863
2008-04-22,0.4503377533149811,0.179059785037961,0.4503377533149811
2008-04-23,-3.2254047322540407,0.1513823402408634,3.2254047322540407
2008-04-24,0.1286835671084775,0.0685461092733586,0.1286835671084775
2008-04-25,3.6370646446472223,0.0562516680499741,3.6370646446472223
2008-04-28,0.9672619047618972,0.0961211889679103,0.9672619047618972
2008-04-29,-0.6386637189879588,0.0952762972806453,0.6386637189879588
2008-04-30,-3.0902348578491967,0.0129181428832591,3.0902348578491967
2008-05-01,2.423469387755096,0.004258482082588,2.423469387755096
2008-05-02,-3.773349937733488,0.0069206705061481,3.773349937733488
2008-05-05,-2.2777274492040913,-0.0311961484664108,2.2777274492040913
2008-05-06,-0.3310819758972368,-0.0329615017084498,0.3310819758972368
2008-05-07,-2.03295243157055,-0.0340412275793025,2.03295243157055
2008-05-08,-2.0751390207513967,-0.0340204835185473,2.0751390207513967
2008-05-09,1.1080332409972309,-0.0568201319607573,1.1080332409972309
2008-05-12,2.15068493150685,-0.0318027599433627,2.15068493150685
2008-05-13,0.4693576505297056,0.0400324040222747,0.4693576505297056
2008-05-14,-1.3747997864388648,0.0214496127362977,1.3747997864388648
2008-05-15,3.4240086615238883,-0.0395630378497978,3.4240086615238883
2008-05-16,3.3891651400156952,-0.0144156898837862,3.3891651400156952
2008-05-19,3.999493734970266,0.019265691855126,3.999493734970266
2008-05-20,-2.1905805038335124,0.024901406350505,2.1905805038335124
2008-05-21,-2.1027746671643706,-0.0043856409401341,2.1027746671643706
2008-05-22,-0.1652262328418899,-0.0546499810117434,0.1652262328418899
2008-05-23,-0.3691915977084761,-0.0513923134085055,0.3691915977084761
2008-05-27,3.1561461794020036,-0.0757988209927734,3.1561461794020036
2008-05-28,-0.148643626904502,-0.035572421932741,0.148643626904502
2008-05-29,-0.0372162262746571,0.035416406256261,0.0372162262746571
2008-05-30,0.7073715562174284,0.0786927678553962,0.7073715562174284
2008-06-02,-0.5422057917436904,0.1041644430591104,0.5422057917436904
2008-06-03,-0.7434023045471503,0.1063306250153865,0.7434023045471503
2008-06-04,2.496567220072414,0.1143514140253787,2.496567220072414
2008-06-05,1.376202654975028,0.1677647197617305,1.376202654975028
2008-06-06,-2.462758289283999,0.2104481603721739,2.462758289283999
2008-06-09,-3.682719546742203,0.1678937588947441,3.682719546742203
2008-06-10,1.4705882352941089,0.0921680841279314,1.4705882352941089
2008-06-11,-1.6761184625078769,0.1219922468640192,1.6761184625078769
2008-06-12,-1.69187387849269,0.0892479536576577,1.69187387849269
2008-06-13,2.242503259452408,0.0708165099879428,2.242503259452408
2008-06-16,6.031624585564905,0.1146833035207341,6.031624585564905
2008-06-17,-1.3830426939266411,0.2297766015453206,1.3830426939266411
2008-06-18,0.2560975609756195,0.1873739914787962,0.2560975609756195
2008-06-19,1.0825933584722105,0.2001289922445559,1.0825933584722105
2008-06-20,-2.166064981949455,0.2225376355608277,2.166064981949455
2008-06-23,-2.1525215252152607,0.1956867573496935,2.1525215252152607
2008-06-24,1.1313639220615948,0.1775861447178347,1.1313639220615948
2008-06-25,-1.6780609073958954,0.1222445586298334,1.6780609073958954
2008-06-26,-4.437420986093552,0.1170341488119104,4.437420986093552
2008-06-27,-0.7408387352824454,0.0705133650985598,0.7408387352824454
2008-06-30,-3.718512594962014,0.0622852005079384,3.718512594962014
2008-07-01,2.657807308970102,0.0492670979682097,2.657807308970102
2008-07-02,-2.224919093851133,0.0326018683378919,2.224919093851133
2008-07-03,-0.1930768169907631,0.0056004868070515,0.1930768169907631
2008-07-07,0.0138178803371608,-0.0233460122603224,0.0138178803371608
2008-07-08,3.01188173528599,-0.0218830393522561,3.01188173528599
2008-07-09,-5.177038626609443,0.0020183431729593,5.177038626609443
2008-07-10,-1.8387553041018372,-0.0297790561528638,1.8387553041018372
2008-07-11,-0.1296829971181605,-0.0394748935110643,0.1296829971181605
2008-07-14,-4.963208772182951,-0.0292074253040315,4.963208772182951
2008-07-15,1.6244117200546564,-0.0961948384885458,1.6244117200546564
2008-07-16,6.363907977293101,-0.0463040065781675,6.363907977293101
2008-07-17,-1.7696629213483193,0.0418936983504364,1.7696629213483193
2008-07-18,-0.6005147269087764,0.0073173317333867,0.6005147269087764
2008-07-21,-3.495397008055241,0.0108446555466653,3.495397008055241
2008-07-22,0.5574601281860302,-0.0234757946124268,0.5574601281860302
2008-07-23,13.097355626704603,0.0101776246446208,13.097355626704603
2008-07-24,4.364351245085192,0.2810837826562218,4.364351245085192
2008-07-25,-3.1897526058018393,0.3140229706017281,3.1897526058018393
2008-07-28,-0.7783110649889688,0.2613855972571604,0.7783110649889688
2008-07-29,2.4447640214407147,0.2646120514662103,2.4447640214407147
2008-07-30,-2.054619703930583,0.3125456937456589,2.054619703930583
2008-07-31,-0.5081433224755662,0.2728422241854147,0.5081433224755662
2008-08-01,-0.4845468831849125,0.2307583839592499,0.4845468831849125
2008-08-04,1.2238452427951043,0.1990462975831594,1.2238452427951043
2008-08-05,2.1190847633905388,0.216244529822961,2.1190847633905388
2008-08-06,-1.96053469127945,0.1896912661831511,1.96053469127945
2008-08-07,-0.2986625113621567,0.2107298396348333,0.2986625113621567
2008-08-08,4.428236519927074,0.1668050859276967,4.428236519927074
2008-08-11,8.904963831379378,0.1752311479739211,8.904963831379378
2008-08-12,-1.191021530004572,0.2947595523801482,1.191021530004572
2008-08-13,-0.6606397774687109,0.1808580735310956,0.6606397774687109
2008-08-14,2.9984832574962046,0.1417816217660125,2.9984832574962046
2008-08-15,-2.480743090167642,0.1954482048828033,2.480743090167642
2008-08-18,-3.4847252874898444,0.1744681415849004,3.4847252874898444
2008-08-19,-1.3118305451919603,0.2053860591453705,1.3118305451919603
2008-08-20,-0.7195121951219424,0.208520988442165,0.7195121951219424
2008-08-21,3.5130819309667065,0.1539409788746074,3.5130819309667065
2008-08-22,0.4271982912068303,0.0945415307206795,0.4271982912068303
2008-08-25,-2.2332506203473956,0.1383011215554665,2.2332506203473956
2008-08-26,-1.5711868503746558,0.1231147816841032,1.5711868503746558
2008-08-27,0.9454813359528482,0.0685110649029667,0.9454813359528482
2008-08-28,0.8393139520739455,0.0966784475923432,0.8393139520739455
2008-08-29,0.3136308805790299,0.10182600169711,0.3136308805790299
2008-09-02,-2.116402116402118,0.1445707978744467,2.116402116402118
2008-09-03,-0.9828009828009836,0.1423986644525158,0.9828009828009836
2008-09-04,-4.044665012406954,0.1801316562967972,4.044665012406954
2008-09-05,6.3485906387380355,0.1253643576243407,6.3485906387380355
2008-09-08,-1.8115501519756736,0.1709690204487373,1.8115501519756736
2008-09-09,-0.92372461614661,0.1352745827315038,0.92372461614661
2008-09-10,-5.928962431574476,0.0861669609461947,5.928962431574476
2008-09-11,4.7030689517736155,-0.0268621695652614,4.7030689517736155
2008-09-12,-2.4743052912067034,0.0071155520543829,2.4743052912067034
2008-09-15,-0.0780640124902449,-0.0148766463479009,0.0780640124902449
2008-09-16,1.1458333333333344,0.0336987257384922,1.1458333333333344
2008-09-17,-5.92173017507724,0.0399947658470182,5.92173017507724
2008-09-18,9.63327859879585,-0.058921964656384,9.63327859879585
2008-09-19,1.260609086370433,-0.0144709858889084,1.260609086370433
2008-09-22,-6.582028842598296,0.0081835397450967,6.582028842598296
2008-09-23,-4.604829133131012,0.0119436733669631,4.604829133131012
2008-09-24,-2.268326417704019,-0.0595290389679666,2.268326417704019
2008-09-25,-1.6133597509198965,-0.0080513799196431,1.6133597509198965
2008-09-26,-1.5966628308400426,0.0244069870197277,1.5966628308400426
2008-09-29,-3.756760707498912,0.017925321019899,3.756760707498912
2008-09-30,9.021871202916168,0.030083053057579,9.021871202916168
2008-10-01,-5.781554750626916,0.1320626247254399,5.781554750626916
2008-10-02,2.646754398935388,0.0750018899415413,2.646754398935388
2008-10-03,-7.721117833477392,0.0539266998691623,7.721117833477392
2008-10-06,2.7005931938807377,-0.0032974911158663,2.7005931938807377
2008-10-07,-15.42787657698738,0.0340614021552058,15.42787657698738
2008-10-08,11.376707404744788,-0.0974686568635513,11.376707404744788
2008-10-09,-14.490882685170238,-0.0890098827681105,14.490882685170238
2008-10-10,11.266276655972815,-0.0278135040379905,11.266276655972815
2008-10-13,7.7001356852103084,0.04844490364908,7.7001356852103084
2008-10-14,-14.236220472440944,0.1139628859904211,14.236220472440944
2008-10-15,-14.799853103195009,0.0990457183881263,14.799853103195009
2008-10-16,5.237068965517249,0.0898967753173538,5.237068965517249
2008-10-17,6.840057341798067,0.0068857731787493,6.840057341798067
2008-10-20,-0.594211232509099,0.0128168524645975,0.594211232509099
2008-10-21,-3.490165831083688,0.0078585885574588,3.490165831083688
2008-10-22,-13.34665334665335,-0.0174379149179884,13.34665334665335
2008-10-23,3.1819229882407174,-0.0281610616694046,3.1819229882407174
2008-10-24,9.497206703910631,-0.0140930571165682,9.497206703910631
2008-10-27,5.1020408163265305,-0.0519975191627279,5.1020408163265305
2008-10-28,7.825242718446592,-0.0744879678200191,7.825242718446592
2008-10-29,5.816675670808579,-0.013975921089907,5.816675670808579
2008-10-30,-4.680054458815526,0.0753638130212637,4.680054458815526
2008-10-31,0.6070344581324729,0.0314029307938078,0.6070344581324729
2008-11-03,1.4374445430346123,0.0571134463541358,1.4374445430346123
2008-11-04,0.5423372988103515,0.0829961644179858,0.5423372988103515
2008-11-05,-13.3460936140595,0.054011600032016,13.3460936140595
2008-11-06,-4.0963855421686866,-0.1749719845061196,4.0963855421686866
2008-11-07,4.64824120603016,-0.1619873897640783,4.64824120603016
2008-11-10,-5.762304921968792,-0.1594482617125393,5.762304921968792
2008-11-11,-6.602972399150742,-0.2133390372432083,6.602972399150742
2008-11-12,-5.8877017503978255,-0.2001458638577372,5.8877017503978255
2008-11-13,5.338164251207732,-0.1907291244705918,5.338164251207732
2008-11-14,-8.484292593441863,-0.1910550334582762,8.484292593441863
2008-11-17,-0.4510147832623462,-0.1934542859009611,0.4510147832623462
2008-11-18,-4.42990183740246,-0.1363364609156615,4.42990183740246
2008-11-19,-7.058203845140907,-0.1599712386135397,7.058203845140907
2008-11-20,3.1170303202040204,-0.1321541387680531,3.1170303202040204
2008-11-21,6.595218466611713,-0.1867620498379187,6.595218466611713
2008-11-24,8.507347254447014,-0.0967254790313888,8.507347254447014
2008-11-25,-2.898550724637679,-0.0249542317242116,2.898550724637679
2008-11-26,7.731832640078293,-0.0387419458647885,7.731832640078293
2008-11-28,-4.6104928457869505,-0.0216598457127789,4.6104928457869505
2008-12-01,-1.452380952380951,0.0174416474964883,1.452380952380951
2008-12-02,-2.971732302488529,0.0303912663456924,2.971732302488529
2008-12-03,14.392430278884468,0.0092086324905014,14.392430278884468
2008-12-04,-0.1088376142794926,0.2185994124800896,0.1088376142794926
2008-12-05,7.103944214425793,0.1957211697037236,7.103944214425793
2008-12-08,1.3428280773143406,0.1801196808957322,1.3428280773143406
2008-12-09,3.3125878337683203,0.2020150871177979,3.3125878337683203
2008-12-10,-4.1391371939370405,0.2194085202727003,4.1391371939370405
2008-12-11,-3.669166835597001,0.2131767792389008,3.669166835597001
2008-12-12,6.58670033670035,0.1633560447312176,6.58670033670035
2008-12-15,-2.0335636722606245,0.0939504849357414,2.0335636722606245
2008-12-16,5.320435308343415,-0.0130501640045752,5.320435308343415
2008-12-17,1.415996938384995,0.0946856109012336,1.415996938384995
2008-12-18,-2.6603773584905666,0.1228254859951145,2.6603773584905666
2008-12-19,0.0193836014731601,0.0528408449865306,0.0193836014731601
2008-12-22,-2.8682170542635768,0.0973849660835566,2.8682170542635768
2008-12-23,3.0726256983240385,0.0717802331362581,3.0726256983240385
2008-12-24,4.12311265969801,0.104869306947467,4.12311265969801
2008-12-26,-4.3874326082915,0.1284559714400236,4.3874326082915
2008-12-29,-3.733229632510211,0.040024054399668,3.733229632510211
2008-12-30,2.4843465966471467,0.0122065904575319,2.4843465966471467
2008-12-31,1.2022073314938893,0.025081665382228,1.2022073314938893
2009-01-02,8.529698149951328,-0.0020271499586246,8.529698149951328
2009-01-05,-2.1173515162390153,-0.0813682787544708,2.1173515162390153
2009-01-06,3.189734188817589,-0.0666531348735646,3.189734188817589
2009-01-07,-2.3094688221708988,-0.0215802007305447,2.3094688221708988
2009-01-08,3.509729041643945,-0.0953225319146198,3.509729041643945
2009-01-09,-4.919184820801129,-0.0032710159491925,4.919184820801129
2009-01-12,-5.838876570583885,-0.001383144941733,5.838876570583885
2009-01-13,-1.6875981161695506,-0.0589769163315007,1.6875981161695506
2009-01-14,-3.0738522954091803,-0.0825215152701017,3.0738522954091803
2009-01-15,6.672158154859964,-0.1905323317782782,6.672158154859964
2009-01-16,-2.0270270270270183,-0.1170613097768223,2.0270270270270183
2009-01-20,-2.8374384236453225,-0.1037101407239502,2.8374384236453225
2009-01-21,0.2230784830663175,-0.1178924568184874,0.2230784830663175
2009-01-22,-1.0522055847834983,-0.1310852363146303,1.0522055847834983
2009-01-23,2.617586912065442,-0.1505612739927218,2.617586912065442
2009-01-26,-1.7536867277799937,-0.1047314991729438,1.7536867277799937
2009-01-27,0.8519269776876411,-0.0915964327584251,0.8519269776876411
2009-01-28,0.4827031375703945,-0.0430282425217826,0.4827031375703945
2009-01-29,14.811849479583652,0.0263795416507547,14.811849479583652
2009-01-30,2.109483960948404,-0.0048610094102349,2.109483960948404
2009-02-02,3.926925046952357,0.0534080604234824,3.926925046952357
2009-02-03,4.123541974700187,0.1184522802634812,4.123541974700187
2009-02-04,-3.518460082044807,0.2339523108480742,3.518460082044807
2009-02-05,3.3197056418642585,0.1746486690473072,3.3197056418642585
2009-02-06,5.349794238683129,0.2729330674603101,5.349794238683129
2009-02-09,-0.6159855769230692,0.3836259894279573,0.6159855769230692
2009-02-10,-4.610733182161763,0.3288613181335822,4.610733182161763
2009-02-11,0.2377179080824179,0.2927215340407146,0.2377179080824179
2009-02-12,1.1383399209486176,0.2342714550019062,1.1383399209486176
2009-02-13,-3.5954353603251588,0.2794750115236272,3.5954353603251588
2009-02-17,0.9761634506242912,0.2562334579840751,0.9761634506242912
2009-02-18,0.9121274409044188,0.3135673067255599,0.9121274409044188
2009-02-19,-2.8166772756206178,0.3601476142834215,2.8166772756206178
2009-02-20,5.059767479941054,0.3222109384447719,5.059767479941054
2009-02-23,-3.413341645885291,0.4399417469458617,3.413341645885291
2009-02-24,4.728094239147977,0.3816459257626464,4.728094239147977
2009-02-25,-1.2018489984591725,0.4356791682899939,1.2018489984591725
2009-02-26,-4.460386774797249,0.4372373200551069,4.460386774797249
2009-02-27,4.374795951681355,0.3454909297331964,4.374795951681355
2009-03-02,-1.8611197998123208,0.4449148706400915,1.8611197998123208
2009-03-03,0.0796812749003967,0.4100022831083971,0.0796812749003967
2009-03-04,2.1019108280254724,0.4432108987583067,2.1019108280254724
2009-03-05,1.6843418590143426,0.4410854452450861,1.6843418590143426
2009-03-06,-4.601226993865028,0.5052852042352486,4.601226993865028
2009-03-09,0.4662379421221851,0.3640976663446529,0.4662379421221851
2009-03-10,6.000960153624581,0.3399966559281922,6.000960153624581
2009-03-11,3.1853864734299564,0.483679077657842,3.1853864734299564
2009-03-12,1.887344550109736,0.5814126944588754,1.887344550109736
2009-03-13,-1.5508328546812251,0.5872252958991315,1.5508328546812251
2009-03-16,-1.735705950991829,0.5215737271641692,1.735705950991829
2009-03-17,5.34362475879472,0.4935330202745912,5.34362475879472
2009-03-18,0.6058898125968615,0.6066723213771941,0.6058898125968615
2009-03-19,-1.414565826330532,0.6526534380760672,1.414565826330532
2009-03-20,1.3780366529336614,0.608179719805418,1.3780366529336614
2009-03-23,4.890695067264577,0.5744216337660724,4.890695067264577
2009-03-24,-2.351369405477624,0.6297195167663819,2.351369405477624
2009-03-25,0.5199069640169689,0.536741304052726,0.5199069640169689
2009-03-26,-2.5316455696202644,0.5157808104539312,2.5316455696202644
2009-03-27,-1.6897081413210384,0.4916048218255034,1.6897081413210384
2009-03-30,3.1392045454545467,0.4598407210606628,3.1392045454545467
2009-03-31,0.5591516320066041,0.5151684689080595,0.5591516320066041
2009-04-01,0.8409115810233482,0.526960837811987,0.8409115810233482
2009-04-02,3.789216352030421,0.5708237870157258,3.789216352030421
2009-04-03,1.099188694059142,0.6539179736411921,1.099188694059142
2009-04-06,-0.375355940978513,0.6505572207808339,0.375355940978513
2009-04-07,-1.35117578277251,0.6591226592749185,1.35117578277251
2009-04-08,2.0808639536415168,0.649897799911119,2.0808639536415168
2009-04-09,3.0060637337117746,0.7049318451226425,3.0060637337117746
2009-04-13,-2.304609218436876,0.7316793773508488,2.304609218436876
2009-04-14,-3.2051282051282053,0.7128484757865684,3.2051282051282053
2009-04-15,-0.2251655629139001,0.6417621259414706,0.2251655629139001
2009-04-16,1.924863932032385,0.6432833333050652,1.924863932032385
2009-04-17,2.162021359729101,0.7076625150468691,2.162021359729101
2009-04-20,-1.41509433962265,0.7163620136636543,1.41509433962265
2009-04-21,1.086253717832672,0.6493219027739092,1.086253717832672
2009-04-22,4.0424715363950225,0.6295512901959429,4.0424715363950225
2009-04-23,0.8606910119267219,0.7088725072590374,0.8606910119267219
2009-04-24,2.255272461294654,0.6828226723881511,2.255272461294654
2009-04-27,-1.4306151645207346,0.735484850241824,1.4306151645207346
2009-04-28,0.3749395258829076,0.6999003682385306,0.3749395258829076
2009-04-29,-2.4822267743101523,0.7043138990085016,2.4822267743101523
2009-04-30,-0.6795996540219909,0.6063597598407469,0.6795996540219909
2009-05-01,-0.1492908683752233,0.5866058006524454,0.1492908683752233
2009-05-04,0.9344629952654008,0.5400490551804623,0.9344629952654008
2009-05-05,2.308356992963824,0.5397487360120446,2.308356992963824
2009-05-06,-0.1809845559845628,0.5539722376340267,0.1809845559845628
2009-05-07,-3.6746041339296434,0.5661105707069488,3.6746041339296434
2009-05-08,-3.626552892458283,0.5207507272827689,3.626552892458283
2009-05-11,2.4739583333333384,0.4310942415465645,2.4739583333333384
2009-05-12,-3.1130876747141056,0.4729664907957474,3.1130876747141056
2009-05-13,-3.226229508196727,0.3935801416774032,3.226229508196727
2009-05-14,1.0163978858924,0.3274067580772126,1.0163978858924
2009-05-15,-0.7781057150523186,0.3490878303173797,0.7781057150523186
2009-05-18,1.9875608436993,0.3196741865419068,1.9875608436993
2009-05-19,4.069998674267526,0.3587280377372944,4.069998674267526
2009-05-20,-2.2292993630573226,0.408764325913226,2.2292993630573226
2009-05-21,-0.8469055374592769,0.3425201403583054,0.8469055374592769
2009-05-22,-1.4060446780551932,0.3435860547112044,1.4060446780551932
2009-05-26,4.638144742103156,0.3297840907364036,4.638144742103156
2009-05-27,-1.0317157050057368,0.4061886586378356,1.0317157050057368
2009-05-28,0.0257400257400343,0.3734403806608249,0.0257400257400343
2009-05-29,0.6304683479155878,0.3273156209885269,0.6304683479155878
2009-06-01,5.382943357626917,0.3393212615387391,5.382943357626917
2009-06-02,1.0798349915068992,0.422467768801377,1.0798349915068992
2009-06-03,2.5327091585644017,0.4440249420115434,2.5327091585644017
2009-06-04,1.0184968391477376,0.4623074707613096,1.0184968391477376
2009-06-05,0.5330861049947984,0.4941941378340994,0.5330861049947984
2009-06-08,0.2074927953890363,0.5265473335007111,0.2074927953890363
2009-06-09,0.7477280570573969,0.5271519298232963,0.7477280570573969
2009-06-10,-1.4615208951815295,0.5439956893768952,1.4615208951815295
2009-06-11,-1.471610660486682,0.4878192142446713,1.471610660486682
2009-06-12,-2.587322121604147,0.4629360745884373,2.587322121604147
2009-06-15,1.0503440782325215,0.43144934927034,1.0503440782325215
2009-06-16,-1.4336917562723923,0.4333385219342683,1.4336917562723923
2009-06-17,0.3757575757575828,0.4055231194661692,0.3757575757575828
2009-06-18,-0.7970051926095969,0.3893923327489993,0.7970051926095969
2009-06-19,0.3164942178940937,0.3732903471942647,0.3164942178940937
2009-06-22,-4.174250697730851,0.3636715034492846,4.174250697730851
2009-06-23,-1.2283145498290542,0.3131797169887068,1.2283145498290542
2009-06-24,1.4102564102564144,0.2529885568440056,1.4102564102564144
2009-06-25,3.5398230088495493,0.2532050615926794,3.5398230088495493
2009-06-26,2.4053724053724173,0.29036196489104,2.4053724053724173
2009-06-29,-0.298080362465725,0.297414767189682,0.298080362465725
2009-06-30,0.956708921310692,0.3098822519310678,0.956708921310692
2009-07-01,-3.9208718313195865,0.298980853605393,3.9208718313195865
2009-07-02,-3.2794969794106876,0.2183163484317157,3.2794969794106876
2009-07-06,0.1019757807520714,0.1866147448752975,0.1019757807520714
2009-07-07,-2.6359353113459805,0.2154835746429709,2.6359353113459805
2009-07-08,2.3410933821606106,0.1819970574260203,2.3410933821606106
2009-07-09,-0.9329073482428164,0.2020297078646278,0.9329073482428164
2009-07-10,0.7094943240454155,0.2111634155161538,0.7094943240454155
2009-07-13,4.3678749839887185,0.2070766144536907,4.3678749839887185
2009-07-14,1.8654884634266204,0.2604688354185545,1.8654884634266204
2009-07-15,1.7108433734939692,0.2963551156519738,1.7108433734939692
2009-07-16,1.6346837242359618,0.2849770889227282,1.6346837242359618
2009-07-17,0.5477855477855548,0.32353339572006,0.5477855477855548
2009-07-20,2.608090877477682,0.2974096459225709,2.608090877477682
2009-07-21,0.1468594667871656,0.3331325890371083,0.1468594667871656
2009-07-22,1.3423575860124055,0.3669027891828892,1.3423575860124055
2009-07-23,-2.4933214603740006,0.3567225337718799,2.4933214603740006
2009-07-24,-1.5525114155251054,0.3350953729288556,1.5525114155251054
2009-07-27,-2.782931354359928,0.3108901979384095,2.782931354359928
2009-07-28,0.7514312977099097,0.2651422946223887,0.7514312977099097
2009-07-29,1.3851071386291096,0.2583285650571845,1.3851071386291096
2009-07-30,0.140121438580108,0.3076063537805295,0.140121438580108
2009-07-31,0.9328358208955232,0.2993797865000743,0.9328358208955232
2009-08-03,1.0628465804066398,0.2752734723365363,1.0628465804066398
2009-08-04,-2.1033379058070336,0.261233406790584,2.1033379058070336
2009-08-05,-1.5530126109294826,0.2180945328122483,1.5530126109294826
2009-08-06,-0.2490807733364846,0.2078486833359421,0.2490807733364846
2009-08-07,1.0820451843043912,0.2133090686086153,1.0820451843043912
2009-08-10,-1.6115751088107126,0.2031143990537924,1.6115751088107126
2009-08-11,-0.2630320420851296,0.1679580572846194,0.2630320420851296
2009-08-12,2.7571325821145845,0.1722217739426926,2.7571325821145845
2009-08-13,-1.878208119458698,0.2005819350413491,1.878208119458698
2009-08-14,-3.507311853525145,0.1390792343991478,3.507311853525145
2009-08-17,0.3080335140463326,0.1269570865669014,0.3080335140463326
2009-08-18,-0.6141751627564268,0.1254165164659539,0.6141751627564268
2009-08-19,2.5583982202447255,0.144073996711422,2.5583982202447255
2009-08-20,2.16919739696312,0.1859813544878022,2.16919739696312
2009-08-21,0.4600141542816667,0.1750949529990313,0.4600141542816667
2009-08-24,-0.5988023952095827,0.1753327147278293,0.5988023952095827
2009-08-25,-0.6614694070399145,0.1588606948438972,0.6614694070399145
2009-08-26,-0.1070154577883512,0.1168295190118042,0.1070154577883512
2009-08-27,0.9165575526723004,0.1013904740087471,0.9165575526723004
2009-08-28,-3.3616418966737456,0.1134822824441874,3.3616418966737456
2009-08-31,-1.4524594165751223,0.0839192559309393,1.4524594165751223
2009-09-01,-2.1104780777805288,0.0477116092413276,2.1104780777805288
2009-09-02,-0.8173490561263165,0.0002596355569025,0.8173490561263165
2009-09-03,-0.1530807500956812,0.0089315199508922,0.1530807500956812
2009-09-04,2.0314296665389016,0.0400822996911443,2.0314296665389016
2009-09-08,0.9266215877786218,0.0600941712276894,0.9266215877786218
2009-09-09,2.146401985111663,0.0523664715893896,2.146401985111663
2009-09-10,2.562856795821697,0.0607920991714102,2.562856795821697
2009-09-11,-0.746091899573669,0.1028680613908784,0.746091899573669
2009-09-14,0.429543013960143,0.0831950858732297,0.429543013960143
2009-09-15,2.067244861589634,0.0569372140676895,2.067244861589634
2009-09-16,5.633802816901409,0.0759575477249051,5.633802816901409
2009-09-17,-0.0110192837465503,0.1001528338052295,0.0110192837465503
2009-09-18,-1.1571523032841131,0.1284536068551795,1.1571523032841131
2009-09-21,1.973464154309303,0.1156924447385712,1.973464154309303
2009-09-22,1.4869888475836346,0.1579330707862631,1.4869888475836346
2009-09-23,-0.883430295195009,0.1829473716801836,0.883430295195009
2009-09-24,-0.608695652173904,0.1752725233441261,0.608695652173904
2009-09-25,-0.4374453193350932,0.1628277444933253,0.4374453193350932
2009-09-28,1.0105448154657353,0.1433747314414132,1.0105448154657353
2009-09-29,0.326228795128329,0.1596281645120364,0.326228795128329
2009-09-30,0.2601344027747575,0.1885704094735345,0.2601344027747575
2009-10-01,-2.64864864864864,0.2185850747662757,2.64864864864864
2009-10-02,0.2220988339811168,0.160391099144309,0.2220988339811168
2009-10-05,-1.0193905817174571,0.1861577147597251,1.0193905817174571
2009-10-06,2.4291951192208723,0.1971594464104711,2.4291951192208723
2009-10-07,3.606557377049181,0.2187987018254147,3.606557377049181
2009-10-08,0.2109704641350165,0.2607414313614155,0.2109704641350165
2009-10-09,1.2315789473684304,0.2477744819501503,1.2315789473684304
2009-10-12,-2.4331912238744073,0.2371489068183623,2.4331912238744073
2009-10-13,2.5471597570073623,0.2199521502798812,2.5471597570073623
2009-10-14,-1.132820619413843,0.2524265670285323,1.132820619413843
2009-10-15,0.1787028277094445,0.2479797346889659,0.1787028277094445
2009-10-16,0.0524658971668497,0.216813787260031,0.0524658971668497
2009-10-19,0.5873099108547368,0.2271844213969724,0.5873099108547368
2009-10-20,-0.6672922531539992,0.2352687056660134,0.6672922531539992
2009-10-21,-1.6899338721528243,0.2010023892543123,1.6899338721528243
2009-10-22,18.567157804825975,0.1453104070778223,18.567157804825975
2009-10-23,7.34804142278252,0.2217689055285557,7.34804142278252
2009-10-26,3.120543578558845,0.2148640182534556,3.120543578558845
2009-10-27,-1.106320670300165,0.2234005757347159,1.106320670300165
2009-10-28,1.916591264292182,0.542714833061563,1.916591264292182
2009-10-29,-1.5577078288942807,0.5562139460023947,1.5577078288942807
2009-10-30,-2.713782077560052,0.5475892933519632,2.713782077560052
2009-11-02,-0.834316534636779,0.5457455711042851,0.834316534636779
2009-11-03,1.1302795954788891,0.5468404847231889,1.1302795954788891
2009-11-04,-1.2941176470588227,0.5709302061137799,1.2941176470588227
2009-11-05,4.716499233781715,0.5562830631410837,4.716499233781715
2009-11-06,3.341463414634142,0.612467483791822,3.341463414634142
2009-11-09,-0.2438832507277207,0.6411221751236114,0.2438832507277207
2009-11-10,3.375394321766568,0.6665266525063435,3.375394321766568
2009-11-11,-0.8391821788221026,0.6838791247819218,0.8391821788221026
2009-11-12,0.9078319741498718,0.716947439367534,0.9078319741498718
2009-11-13,0.7319304666056732,0.7293312694385576,0.7319304666056732
2009-11-16,-0.5449591280653888,0.7057787635398693,0.5449591280653888
2009-11-17,-0.3805175038051804,0.6656984232231864,0.3805175038051804
2009-11-18,-0.2750190985485071,0.631476265528834,0.2750190985485071
2009-11-19,-2.129615443542213,0.6285099566649873,2.129615443542213
2009-11-20,2.5751408891671934,0.6487703635457479,2.5751408891671934
2009-11-23,1.9229301793208613,0.6572245372186268,1.9229301793208613
2009-11-24,-0.1946544882832956,0.6921043286331837,0.1946544882832956
2009-11-25,-2.2578951316480396,0.6976694486125706,2.2578951316480396
2009-11-27,1.450498848810438,0.708967874423061,1.450498848810438
2009-11-30,3.5933126560254287,0.6914003818874008,3.5933126560254287
2009-12-01,1.6138454797721506,0.7271943789456994,1.6138454797721506
2009-12-02,3.2123607617678833,0.7137739655436436,3.2123607617678833
2009-12-03,-0.1392563709789693,0.709760996806589,0.1392563709789693
2009-12-04,-3.779110305396736,0.7005358817705475,3.779110305396736
2009-12-07,-2.681159420289862,0.681344402693725,2.681159420289862
2009-12-08,0.2233804914370896,0.6607018048303198,0.2233804914370896
2009-12-09,-1.627043090638939,0.642036316536134,1.627043090638939
2009-12-10,2.764141681141905,0.6031185842768169,2.764141681141905
2009-12-11,-2.6236495921216973,0.6105454431640537,2.6236495921216973
2009-12-14,-1.3132075471698077,0.6113870854323645,1.3132075471698077
2009-12-15,0.1300091771183807,0.6158656833960602,0.1300091771183807
2009-12-16,-1.1991140303979229,0.6091679631913614,1.1991140303979229
2009-12-17,-1.120902906617189,0.3950109062413079,1.120902906617189
2009-12-18,2.009225236494407,0.5966744225709512,2.009225236494407
2009-12-21,2.513795217657874,0.5890848896729246,2.513795217657874
2009-12-22,0.7775119617224954,0.6094512006746023,0.7775119617224954
2009-12-23,3.2640949554896106,0.6153618615543339,3.2640949554896106
2009-12-24,0.3951149425287336,0.6602741462491806,0.3951149425287336
2009-12-28,1.1019677996422177,0.693312884325467,1.1019677996422177
2009-12-29,-2.0454384599051574,0.7096567319426207,2.0454384599051574
2009-12-30,-0.946531791907516,0.6940607468992509,0.946531791907516
2009-12-31,-0.6127361587278404,0.6928644369646282,0.6127361587278404
2010-01-04,-2.069724770642202,0.6974020216621979,2.069724770642202
2010-01-05,0.8768642734017903,0.6720869686739499,0.8768642734017903
2010-01-06,-1.9242199108469564,0.6545720698765567,1.9242199108469564
2010-01-07,-1.098401636239689,0.6255466435907371,1.098401636239689
2010-01-08,1.5778186274509904,0.6466542164745538,1.5778186274509904
2010-01-11,-2.737143718896104,0.6617332174068614,2.737143718896104
2010-01-12,-0.8434762384680881,0.6238183595916271,0.8434762384680881
2010-01-13,0.9679285703116388,0.5984817597798109,0.9679285703116388
2010-01-14,0.0309741365959389,0.5728836804310999,0.0309741365959389
2010-01-15,-2.306858646849358,0.5762575777958208,2.306858646849358
2010-01-19,0.7369255150554673,0.5732767631444505,0.7369255150554673
2010-01-20,0.1022575316605182,0.5903166272949041,0.1022575316605182
2010-01-21,-1.3044161559013072,0.5929958134552681,1.3044161559013072
2010-01-22,-2.786624203821653,0.5741981721992949,2.786624203821653
2010-01-25,-1.261261261261275,0.5761692750391908,1.261261261261275
2010-01-26,0.3898473788984787,0.5824403249880231,0.3898473788984787
2010-01-27,2.809220854333635,0.5924419440761842,2.809220854333635
2010-01-28,4.2915695571807495,0.6392718767797352,4.2915695571807495
2010-01-29,-5.0782153039993885,0.6516933432293743,5.0782153039993885
2010-02-01,-3.563890241922391,0.5972225650990763,3.563890241922391
2010-02-02,-1.405842242613013,0.5821982125171536,1.405842242613013
2010-02-03,1.297814207650282,0.5609975255534896,1.297814207650282
2010-02-04,-2.3263654753877407,0.5430336657236173,2.3263654753877407
2010-02-05,3.0169140490162287,0.5290739430230593,3.0169140490162287
2010-02-08,-0.9851226377161196,0.5303829898267803,0.9851226377161196
2010-02-09,-0.1692047377326529,0.5310406894923521,0.1692047377326529
2010-02-10,-0.669491525423734,0.4959137112274803,0.669491525423734
2010-02-11,1.518641754116535,0.4935244535638038,1.518641754116535
2010-02-12,0.8992352298512573,0.502787231495422,0.8992352298512573
2010-02-16,-2.4854239546893293,0.4963580133672085,2.4854239546893293
2010-02-17,-1.0557244866582367,0.4646910747933975,1.0557244866582367
2010-02-18,1.786947513812161,0.4686727665709602,1.786947513812161
2010-02-19,-0.4579764226952783,0.485464827729477,0.4579764226952783
2010-02-22,0.5452841441594961,0.4891687270469817,0.5452841441594961
2010-02-23,-0.0423692907380796,0.4778770936757442,0.0423692907380796
2010-02-24,0.1780264496439538,0.4752575485791274,0.1780264496439538
2010-02-25,-0.2454091563002446,0.4914680349919086,0.2454091563002446
2010-02-26,0.822870715982351,0.0588049065687383,0.822870715982351
2010-03-01,5.183003786285231,0.0572165265003205,5.183003786285231
2010-03-02,0.3119750419966379,0.1718500707919821,0.3119750419966379
2010-03-03,0.4465709728867699,0.1532396367082628,0.4465709728867699
2010-03-04,2.5166719593521765,0.137339637719077,2.5166719593521765
2010-03-05,-0.6427631069464894,0.1642881453616876,0.6427631069464894
2010-03-08,1.0054559625876818,0.1385247442655302,1.0054559625876818
2010-03-09,-0.3703989505363071,0.1501606429966014,0.3703989505363071
2010-03-10,1.0378746805049983,0.1274535282910587,1.0378746805049983
2010-03-11,2.874664622460713,0.1348210305255929,2.874664622460713
2010-03-12,-1.8628912071535024,0.1663288638163575,1.8628912071535024
2010-03-15,-0.3492786636294561,0.1371930266149924,0.3492786636294561
2010-03-16,0.8914964949710386,0.1279771523444139,0.8914964949710386
2010-03-17,-1.0497696548599,0.1404226337290575,1.0497696548599
2010-03-18,2.0531216608151435,0.1352453121751143,2.0531216608151435
2010-03-19,-2.6250841373120997,0.1541271624129792,2.6250841373120997
2010-03-22,0.5299539170506977,0.1172548689950527,0.5299539170506977
2010-03-23,-1.7190006876002724,0.0863841682404055,1.7190006876002724
2010-03-24,0.3886815920397927,0.0766573039334054,0.3886815920397927
2010-03-25,4.457178256156107,0.0600714382216484,4.457178256156107
2010-03-26,0.3513818052425679,0.1215556876353179,0.3513818052425679
2010-03-29,0.273324961217397,0.1548405207982564,0.273324961217397
2010-03-30,0.1915426550758789,0.1656421924708814,0.1915426550758789
2010-03-31,-0.1470588235294086,0.1577204567238334,0.1470588235294086
2010-04-01,-2.172312223858615,0.1535457880054581,2.172312223858615
2010-04-05,-1.219420398946186,0.1028118059198115,1.219420398946186
2010-04-06,3.6043587594300144,0.054592424529177,3.6043587594300144
2010-04-07,-0.9193880553103854,0.092859066578677,0.9193880553103854
2010-04-08,4.461435676638699,0.0514410436663345,4.461435676638699
2010-04-09,-0.5116543490619612,0.1060435039505191,0.5116543490619612
2010-04-12,0.8785714285714238,0.0935948712377943,0.8785714285714238
2010-04-13,-0.6301777242795343,0.0971293915825553,0.6301777242795343
2010-04-14,2.9998574889553895,0.0973404479748813,2.9998574889553895
2010-04-15,0.2282947077135902,0.1324953247774092,0.2282947077135902
2010-04-16,-1.7462727774710114,0.138229757997802,1.7462727774710114
2010-04-19,1.039690902704599,0.1401666543430906,1.039690902704599
2010-04-20,0.9316554265452296,0.1248906855850758,0.9316554265452296
2010-04-21,1.2674795067851556,0.1159357539028953,1.2674795067851556
2010-04-22,-1.108768111012858,0.1328022852139222,1.108768111012858
2010-04-23,-1.4995185032329066,0.1456595689061531,1.4995185032329066
2010-04-26,1.6410614525139624,0.1051046601558769,1.6410614525139624
2010-04-27,-2.033665407076602,0.1017259800502729,2.033665407076602
2010-04-28,-1.7532786310400448,0.0638675036221508,1.7532786310400448
2010-04-29,0.9351131415518612,0.0172263666875569,0.9351131415518612
2010-04-30,-2.97029702970297,0.0356753405863411,2.97029702970297
2010-05-03,-1.1486880466472331,0.029248848836482,1.1486880466472331
2010-05-04,-5.621423936766351,0.0458407273698753,5.621423936766351
2010-05-05,1.5624999999999944,-0.0119544655584644,1.5624999999999944
2010-05-06,-1.5615384615384569,0.0116465438013589,1.5615384615384569
2010-05-07,1.3753223411737137,-0.0341165381756836,1.3753223411737137
2010-05-10,0.1695829800354464,-0.0079322106025312,0.1695829800354464
2010-05-11,1.1235090419392135,0.0239869193792702,1.1235090419392135
2010-05-12,1.9176622783654265,0.0346017817058285,1.9176622783654265
2010-05-13,-2.6655715672366243,0.0670769860814515,2.6655715672366243
2010-05-14,-1.6262657256827229,0.0500288926896248,1.6262657256827229
2010-05-17,1.481597005614469,0.0136950763534346,1.481597005614469
2010-05-18,-3.557707084678033,0.0033608525766193,3.557707084678033
2010-05-19,-2.2866703848299004,-0.0421541191229784,2.2866703848299004
2010-05-20,-3.868232224396602,-0.1218443730554047,3.868232224396602
2010-05-21,3.964511094523984,-0.152732048180482,3.964511094523984
2010-05-24,-3.2879171085910133,-0.0908013967751042,3.2879171085910133
2010-05-25,5.491817108149163,-0.0882878757325753,5.491817108149163
2010-05-26,-0.055977608956429,-0.0100282592737071,0.055977608956429
2010-05-27,0.8721395423267723,-0.0057927871829223,0.8721395423267723
2010-05-28,-0.872531133497259,0.0252368728981037,0.872531133497259
2010-06-01,-0.7601824437865139,0.012157827839426,0.7601824437865139
2010-06-02,1.7980970811159551,0.0255974800389977,1.7980970811159551
2010-06-03,0.0633663366336563,0.0551848361574062,0.0633663366336563
2010-06-04,-0.3878730309506807,0.0485192754040641,0.3878730309506807
2010-06-07,-3.0514939605848723,0.0783225520969596,3.0514939605848723
2010-06-08,-1.3852459016393337,0.0461141971481205,1.3852459016393337
2010-06-09,-0.257667691796198,0.0190998863872147,0.257667691796198
2010-06-10,1.158333333333328,0.0190499546864284,1.158333333333328
2010-06-11,2.347804596754264,0.0589041193457962,2.347804596754264
2010-06-14,-0.8370895041854411,0.0729064381370454,0.8370895041854411
2010-06-15,1.7775974025973975,0.0700998775095625,1.7775974025973975
2010-06-16,1.076640880452985,0.1059174302951013,1.076640880452985
2010-06-17,-0.2051443900899463,0.1462186612470732,0.2051443900899463
2010-06-18,0.2450980392156909,0.1586526190702897,0.2450980392156909
2010-06-21,-3.2652417383074352,0.1587645490505846,3.2652417383074352
2010-06-22,-0.4402772115776622,0.0908103926740994,0.4402772115776622
2010-06-23,-1.2284006223896515,0.0083653087118374,1.2284006223896515
2010-06-24,-2.0479230577895686,0.0190682112020573,2.0479230577895686
2010-06-25,0.6009818858980848,0.0465591685945267,0.6009818858980848
2010-06-28,-2.179217501051749,0.0659290983980398,2.179217501051749
2010-06-29,-6.605883364871831,0.0280085323236928,6.605883364871831
2010-06-30,0.2947135752440599,0.039009420152177,0.2947135752440599
2010-07-01,1.8549127640036729,0.0135658039091987,1.8549127640036729
2010-07-02,-0.2434186801298325,0.0384619390235529,0.2434186801298325
2010-07-06,-0.7320379575237191,0.0310976361422159,0.7320379575237191
2010-07-07,4.715950473415884,0.0255585911652258,4.715950473415884
2010-07-08,1.3302034428794878,0.0476625462801352,1.3302034428794878
2010-07-09,1.0810810810810916,0.0400748259424997,1.0810810810810916
2010-07-12,2.4446142093200938,0.0917683647362886,2.4446142093200938
2010-07-13,1.9388516032811332,0.1235025306576524,1.9388516032811332
2010-07-14,-2.3571486629277487,0.1127925615803974,2.3571486629277487
2010-07-15,0.9572962623824208,0.0961606237378272,0.9572962623824208
2010-07-16,-2.3911609498680813,0.0888846832515928,2.3911609498680813
2010-07-19,1.8837641493495587,0.0626432007239854,1.8837641493495587
2010-07-20,0.008291186468779,0.0438927547082764,0.008291186468779
2010-07-21,-1.5834853258166055,0.0461289820526718,1.5834853258166055
2010-07-22,-10.769101170920742,0.0218204262814976,10.769101170920742
2010-07-23,11.64397787134416,-0.0391261109815189,11.64397787134416
2010-07-26,0.1437510569930615,0.0634240435386659,0.1437510569930615
2010-07-27,-1.2074643249176786,0.0382774424045501,1.2074643249176786
2010-07-28,0.8461538461538479,-0.0018152591665204,0.8461538461538479
2010-07-29,-2.0849224510551627,0.0109829485247113,2.0849224510551627
2010-07-30,3.13338526789577,-0.0260043373096965,3.13338526789577
2010-08-02,0.7133864876206535,0.0076095698314474,0.7133864876206535
2010-08-03,2.549999999999993,0.0042228442021461,2.549999999999993
2010-08-04,3.0147895335608683,-0.0003179238448134,3.0147895335608683
2010-08-05,-0.0394415082432673,0.0482544062595562,0.0394415082432673
2010-08-06,1.3731060606060566,0.0509528250131677,1.3731060606060566
2010-08-09,-0.3970107426436257,0.0574478689055178,0.3970107426436257
2010-08-10,0.117233294255573,0.0658507215316617,0.117233294255573
2010-08-11,-3.387978142076511,0.0497327827067037,3.387978142076511
2010-08-12,1.8584356819650971,0.0392404101314533,1.8584356819650971
2010-08-13,-1.9435189592257591,0.0447535194131305,1.9435189592257591
2010-08-16,3.017555213979446,0.0457753853445392,3.017555213979446
2010-08-17,1.4999214700801062,0.0775337343302521,1.4999214700801062
2010-08-18,-0.0232108317214708,0.0508540628590601,0.0232108317214708
2010-08-19,-1.5632255068874783,0.0470676716665921,1.5632255068874783
2010-08-20,0.5188679245282936,0.0234174955157782,0.5188679245282936
2010-08-23,-1.916158298138583,0.0214375634251504,1.916158298138583
2010-08-24,-1.243919942588315,0.0061896591137964,1.243919942588315
2010-08-25,2.664513524424708,0.0152817546869994,2.664513524424708
2010-08-26,-1.329138812426272,0.0510862842382688,1.329138812426272
2010-08-27,0.4543280726924947,0.0032570779427864,0.4543280726924947
2010-08-30,-2.5232087598190875,0.0111299350193558,2.5232087598190875
2010-08-31,2.8571428571428497,-0.0627373828797792,2.8571428571428497
2010-09-01,4.597974042418497,-0.0334848141877105,4.597974042418497
2010-09-02,3.571158356661871,-0.0146880947747545,3.571158356661871
2010-09-03,0.4894440791876702,0.0057154251792069,0.4894440791876702
2010-09-07,0.2689735388194172,-0.019853318702656,0.2689735388194172
2010-09-08,1.7820633654752478,-0.0124806165799298,1.7820633654752478
2010-09-09,0.2578567968772197,0.0284255234312211,0.2578567968772197
2010-09-10,2.3587921847246944,0.020207779513184,2.3587921847246944
2010-09-13,0.2984660234608125,0.0325841998931311,0.2984660234608125
2010-09-14,0.2629757785467146,0.0259575640008607,0.2629757785467146
2010-09-15,0.3589177250138018,0.0465026676740044,0.3589177250138018
2010-09-16,2.407152682255856,0.0674926088545661,2.407152682255856
2010-09-17,-0.1343183344526618,0.0834952355769661,0.1343183344526618
2010-09-20,1.385339609952934,0.1087350071416201,1.385339609952934
2010-09-21,-0.6102414433536781,0.1455881890502008,0.6102414433536781
2010-09-22,0.9076348104644903,0.160345765414343,0.9076348104644903
2010-09-23,2.797619047619048,0.2060321857789832,2.797619047619048
2010-09-24,3.081773145467408,0.27073218701372,3.081773145467408
2010-09-27,-0.2371738859068685,0.3311613056781837,0.2371738859068685
2010-09-28,-0.5067567567567537,0.327083557703366,0.5067567567567537
2010-09-29,0.6162359303276158,0.3361027970005158,0.6162359303276158
2010-09-30,-1.8311355540278795,0.323108399537122,1.8311355540278795
2010-10-01,-1.9926152279093496,0.2906157241584862,1.9926152279093496
2010-10-04,2.0331276388437844,0.2557882386720003,2.0331276388437844
2010-10-05,2.240896358543408,0.2679632116740799,2.240896358543408
2010-10-06,-2.546699875466992,0.3110046613964567,2.546699875466992
2010-10-07,-0.8497859561689293,0.299673294161103,0.8497859561689293
2010-10-08,-0.1868797525454305,0.3160221469721037,0.1868797525454305
2010-10-11,-1.536574343082196,0.3275064054590296,1.536574343082196
2010-10-12,2.7408038817126816,0.3109647041231224,2.7408038817126816
2010-10-13,-0.9764503159103992,0.3648088428453901,0.9764503159103992
2010-10-14,2.101056973446768,0.3280006280712479,2.101056973446768
2010-10-15,4.153515970205779,0.3637386562095055,4.153515970205779
2010-10-18,-2.6181818181818097,0.33772719713685,2.6181818181818097
2010-10-19,-1.182474483445365,0.3211745517360637,1.182474483445365
2010-10-20,2.4499307217533652,0.2960037258346828,2.4499307217533652
2010-10-21,-0.1352431302637146,0.3330654769297222,0.1352431302637146
2010-10-22,5.614035087719292,0.3400216440344582,5.614035087719292
2010-10-25,-2.331409920149202,0.3720687802145031,2.331409920149202
2010-10-26,0.79966581130272,0.3596190566556279,0.79966581130272
2010-10-27,-0.3552187555502855,0.3769163653732144,0.3552187555502855
2010-10-28,-1.4912958231834188,0.4048321129044656,1.4912958231834188
2010-10-29,-0.8142340168878047,0.4026596269213924,0.8142340168878047
2010-11-01,-0.4256612952265143,0.3883478712175073,0.4256612952265143
2010-11-02,1.0076335877862543,0.365344482052374,1.0076335877862543
2010-11-03,2.696493349455874,0.3532665665704562,2.696493349455874
2010-11-04,-0.3002472624514419,0.3872839510769555,0.3002472624514419
2010-11-05,0.8798346619427276,0.3653848763088013,0.8798346619427276
2010-11-08,1.07117771013814,0.3632934451605232,1.07117771013814
2010-11-09,-1.2046099496148632,0.3794180205257389,1.2046099496148632
2010-11-10,0.2403423412861267,0.4001451911576322,0.2403423412861267
2010-11-11,-0.5146198830409413,0.4243710197055371,0.5146198830409413
2010-11-12,-2.9155889960028345,0.4316493317162669,2.9155889960028345
2010-11-15,-3.8871397432792305,0.4138115203775543,3.8871397432792305
2010-11-16,-0.566964848179412,0.4276246644215327,0.566964848179412
2010-11-17,1.837303598580847,0.4303714660957376,1.837303598580847
2010-11-18,1.9970138111235407,0.4384082526744303,1.9970138111235407
2010-11-19,0.7014333638304483,0.483903246081236,0.7014333638304483
2010-11-22,2.1259842519684984,0.485470323936583,2.1259842519684984
2010-11-23,1.7318071288772792,0.4937382016051128,1.7318071288772792
2010-11-24,3.3988223634349795,0.5216909173724591,3.3988223634349795
2010-11-26,1.482859720342795,0.5373913046739359,1.482859720342795
2010-11-29,-1.688982721262284,0.5134404359250924,1.688982721262284
2010-11-30,1.2489403786380338,0.4740585888175656,1.2489403786380338
2010-12-01,-1.2837686983701744,0.4617965908256268,1.2837686983701744
2010-12-02,-0.7689698066267061,0.4225645028099317,0.7689698066267061
2010-12-03,0.011396011396005,0.4160236982948888,0.011396011396005
2010-12-06,2.837283500455795,0.4223869011816779,2.837283500455795
2010-12-07,-1.6675900277008415,0.4547813418401267,1.6675900277008415
2010-12-08,0.1577553664995337,0.4405726790147976,0.1577553664995337
2010-12-09,-1.6256961242054422,0.4361214822513955,1.6256961242054422
2010-12-10,0.829139981701736,0.4168441324130437,0.829139981701736
2010-12-13,-1.1625928656496245,0.4494739216849656,1.1625928656496245
2010-12-14,-0.3213220105577286,0.4534557180368916,0.3213220105577286
2010-12-15,1.0706884641952563,0.3935478072230982,1.0706884641952563
2010-12-16,1.611800888483889,0.4038457342868308,1.611800888483889
2010-12-17,0.4820357603273276,0.4341745928192734,0.4820357603273276
2010-12-20,2.571540134991923,0.4343470425813783,2.571540134991923
2010-12-21,0.6090928866652072,0.482281077298559,0.6090928866652072
2010-12-22,-0.356756756756751,0.457386997794694,0.356756756756751
2010-12-23,-1.322556146251493,0.4435091686414261,1.322556146251493
2010-12-27,0.1088498202328728,0.4069302884613517,0.1088498202328728
2010-12-28,-0.1647446457990177,0.3741329096688161,0.1647446457990177
2010-12-29,1.1661166116611648,0.3709372889483254,1.1661166116611648
2010-12-30,-1.06568073075249,0.3691192238244035,1.06568073075249
2010-12-31,-0.3242470872719336,0.3840412495106468,0.3242470872719336
2011-01-03,2.6354964988697027,0.3847478703880481,2.6354964988697027
2011-01-04,-1.1012624227773211,0.4260666385475272,1.1012624227773211
2011-01-05,1.3036393264530062,0.4029761176470197,1.3036393264530062
2011-01-06,0.73994638069706,0.4319679279858159,0.73994638069706
2011-01-07,-1.5116031509474075,0.411473708457398,1.5116031509474075
2011-01-10,0.205361003026374,0.3783686147192349,0.205361003026374
2011-01-11,-0.0323589688275279,0.4021019409291449,0.0323589688275279
2011-01-12,-0.9495036685369116,0.4145375393242351,0.9495036685369116
2011-01-13,1.0348583877995712,0.401141949230147,1.0348583877995712
2011-01-14,1.7035040431266788,0.4230083230884527,1.7035040431266788
2011-01-18,1.18732110675289,0.4485666790910214,1.18732110675289
2011-01-19,-2.938711367207962,0.4435456759211633,2.938711367207962
2011-01-20,-1.23590048032813,0.4075595054958651,1.23590048032813
2011-01-21,-2.759562841530049,0.3925380158461823,2.759562841530049
2011-01-24,-1.375667322281548,0.394555568068265,1.375667322281548
2011-01-25,1.144146505452935,0.3646699244072982,1.144146505452935
2011-01-26,-0.016900456312321,0.3369387992299537,0.016900456312321
2011-01-27,-3.3975659229209008,0.3028906059745861,3.3975659229209008
2011-01-28,-0.7524059492563507,0.2696326378035654,0.7524059492563507
2011-01-31,0.2115655853314607,0.2502581924007692,0.2115655853314607
2011-02-01,0.5277973258268817,0.2260376020056006,0.5277973258268817
2011-02-02,1.2133940030334964,0.2213771833087787,1.2133940030334964
2011-02-03,0.2881844380403294,0.2091276658559722,0.2881844380403294
2011-02-04,1.2356321839080453,0.1841428456247662,1.2356321839080453
2011-02-07,0.2895259721828097,0.2014425394171769,0.2895259721828097
2011-02-08,3.67372353673724,0.1791307481214414,3.67372353673724
2011-02-09,0.6770406770406703,0.2116997371181495,0.6770406770406703
2011-02-10,0.6356093063615186,0.2162864356317785,0.6356093063615186
2011-02-11,1.987475884071093,0.2100234275247491,1.987475884071093
2011-02-14,-0.2747688243064708,0.2380523172599126,0.2747688243064708
2011-02-15,0.5510517670746526,0.2243636325935229,0.5510517670746526
2011-02-16,-2.1078147230858333,0.2119492760017663,2.1078147230858333
2011-02-17,0.9527910857511956,0.1609043043168344,0.9527910857511956
2011-02-18,-2.058227578116683,0.1738577673461272,2.058227578116683
2011-02-22,-1.867378048780488,0.149737921915611,1.867378048780488
2011-02-23,-1.8807212205270385,0.1217667280558067,1.8807212205270385
2011-02-24,1.1817256587131044,0.1107133995337752,1.1817256587131044
2011-02-25,-2.81642917015927,0.1367221349247658,2.81642917015927
2011-02-28,-0.2185038238168978,0.0930732958593147,0.2185038238168978
2011-03-01,-2.5586353944563047,0.0739105495333159,2.5586353944563047
2011-03-02,2.732272754154591,0.0646715023566955,2.732272754154591
2011-03-03,-0.6274825859190503,0.1027429548212041,0.6274825859190503
2011-03-04,-0.4055150040551517,0.0926163602206353,0.4055150040551517
2011-03-07,-1.471614704513728,0.0939440618911811,1.471614704513728
2011-03-08,-1.6057618513489489,0.0608210239052266,1.6057618513489489
2011-03-09,0.2399952000959929,0.0464069889055173,0.2399952000959929
2011-03-10,-0.9397258634105466,0.0350659212589169,0.9397258634105466
2011-03-11,0.6646525679758274,0.0016537157585893,0.6646525679758274
2011-03-14,-3.1272509003601487,0.0261857129402044,3.1272509003601487
2011-03-15,2.05093252370035,0.0027301695851547,2.05093252370035
2011-03-16,0.7346690953248466,0.0105258376629411,0.7346690953248466
2011-03-17,-2.8449159182689487,0.01779606981021,2.8449159182689487
2011-03-18,1.3524412184378682,-0.0502572996052834,1.3524412184378682
2011-03-21,0.42847524025219,-0.0125846973831835,0.42847524025219
2011-03-22,-1.0788078259279552,-0.0169707699522449,1.0788078259279552
2011-03-23,3.641404805914979,-0.0237325254648334,3.641404805914979
2011-03-24,2.039117769454848,0.0334770566435243,2.039117769454848
2011-03-25,0.0932183640177012,0.0563566736512644,0.0932183640177012
2011-03-28,-0.6228172293364338,0.0613020823859654,0.6228172293364338
2011-03-29,4.12932700755578,0.0438335701396311,4.12932700755578
2011-03-30,0.8606142423219837,0.0592795581415595,0.8606142423219837
2011-03-31,1.2659639730076422,0.0709653219289015,1.2659639730076422
2011-04-01,-0.379997797114234,0.0754088999729964,0.379997797114234
2011-04-04,0.6722317430482659,0.0625550905928309,0.6722317430482659
2011-04-05,2.220684656189247,0.0804046208259216,2.220684656189247
2011-04-06,-1.810367982809561,0.1021457176290394,1.810367982809561
2011-04-07,1.3568224094539945,0.0890546221169783,1.3568224094539945
2011-04-08,-0.2159127712404142,0.1268703586682784,0.2159127712404142
2011-04-11,-0.9737098344693266,0.1739474472769789,0.9737098344693266
2011-04-12,-1.218179831749167,0.1680777327530208,1.218179831749167
2011-04-13,0.309683127799596,0.1366447129869283,0.309683127799596
2011-04-14,-0.2150063399305249,0.1141334648109111,0.2150063399305249
2011-04-15,-1.4475138121546984,0.1032471117012016,1.4475138121546984
2011-04-18,-0.0168180289270103,0.0689013182444539,0.0168180289270103
2011-04-19,1.8334735071488544,0.0509084159245493,1.8334735071488544
2011-04-20,1.6187644532540495,0.0346326267273688,1.6187644532540495
2011-04-21,0.5905938448201222,0.0301059842287672,0.5905938448201222
2011-04-25,0.333961755992446,0.0578443674221769,0.333961755992446
2011-04-26,-1.648145165619792,0.0459156138732565,1.648145165619792
2011-04-27,6.965065502183405,0.0478041997833461,6.965065502183405
2011-04-28,-0.8062869973464036,0.1063963202959115,0.8062869973464036
2011-04-29,1.1266591213087829,0.1020666308038968,1.1266591213087829
2011-05-02,2.2536500992013093,0.0645991145408494,2.2536500992013093
2011-05-03,-1.36815920398011,0.1045120464229363,1.36815920398011
2011-05-04,0.206809583858766,0.095308750987892,0.206809583858766
2011-05-05,0.2214839424141774,0.1222366615441219,0.2214839424141774
2011-05-06,-0.3817177297840307,0.1124257218909703,0.3817177297840307
2011-05-09,1.8150650398305912,0.1284955060032294,1.8150650398305912
2011-05-10,0.5843319797959895,0.1476219286796413,0.5843319797959895
2011-05-11,0.541551792044109,0.1412576892321578,0.541551792044109
2011-05-12,0.7247086475369684,0.1280999591999123,0.7247086475369684
2011-05-13,-2.5085075352455117,0.1323616172070258,2.5085075352455117
2011-05-16,-4.349257006083572,0.0694349269678014,4.349257006083572
2011-05-17,1.205309199345219,0.0183629531349754,1.205309199345219
2011-05-18,2.1634986864472165,0.0351519968830861,2.1634986864472165
2011-05-19,-0.19159985882114,0.070078003725175,0.19159985882114
2011-05-20,-1.207375599898968,0.0709153526542581,1.207375599898968
2011-05-23,0.7363469012067823,0.0673985430697714,0.7363469012067823
2011-05-24,-1.7411167512690355,0.0603895615488704,1.7411167512690355
2011-05-25,-1.2036989202872377,0.0616503773432023,1.2036989202872377
2011-05-26,1.8406191173394704,0.0683212935579618,1.8406191173394704
2011-05-27,0.6058738960772341,0.0372194024146324,0.6058738960772341
2011-05-31,0.0612432377258367,0.0609467085077735,0.0612432377258367
2011-06-01,-1.9279812302356425,0.0476587375592798,1.9279812302356425
2011-06-02,-0.5460786353234888,0.0221442711294528,0.5460786353234888
2011-06-03,-1.6838362181666198,0.0377936147208993,1.6838362181666198
2011-06-06,-1.2180203180681837,0.0215652461038235,1.2180203180681837
2011-06-07,0.9315097996984808,0.012883946595845,0.9315097996984808
2011-06-08,1.2216591090957545,0.0363845755529395,1.2216591090957545
2011-06-09,-0.2582481290186544,0.0380774338389712,0.2582481290186544
2011-06-10,-1.2892998678996024,0.0189711045963208,1.2892998678996024
2011-06-13,1.1669610834537762,-0.0038986376104467,1.1669610834537762
2011-06-14,-0.5026720990528727,0.0344905006976343,0.5026720990528727
2011-06-15,-1.2231440119123425,0.0419650728986747,1.2231440119123425
2011-06-16,0.4145579842790899,0.0553762828500781,0.4145579842790899
2011-06-17,-0.294890354404588,0.0748936335555936,0.294890354404588
2011-06-20,1.258335125833503,0.0607698282518266,1.258335125833503
2011-06-21,3.005841741901235,0.0740144638033683,3.005841741901235
2011-06-22,-2.2994431841616905,0.141167426505632,2.2994431841616905
2011-06-23,2.3113456464380073,0.1281833484459996,2.3113456464380073
2011-06-24,0.3197854342892387,0.1477734713501638,0.3197854342892387
2011-06-27,3.8149100257069457,0.1438010099814068,3.8149100257069457
2011-06-28,0.3714342313787603,0.1689178763613649,0.3714342313787603
2011-06-29,-0.932550451472838,0.1684483315399538,0.932550451472838
2011-06-30,2.375734634923799,0.1458349848949119,2.375734634923799
2011-07-01,1.5616638287521358,0.1651190062285492,1.5616638287521358
2011-07-05,1.6095037363479523,0.1443818565544952,1.6095037363479523
2011-07-06,1.4001508580049058,0.1546775737862081,1.4001508580049058
2011-07-07,-0.3672881119531388,0.1629333390375567,0.3672881119531388
2011-07-08,1.138590760615958,0.1394730278194158,1.138590760615958
2011-07-11,-0.9689028328873344,0.1535091877493007,0.9689028328873344
2011-07-12,0.0279537830786443,0.1626864967567208,0.0279537830786443
2011-07-13,-0.521658127619927,0.1805202375416883,0.521658127619927
2011-07-14,-0.2341043168836066,0.1722559026801818,0.2341043168836066
2011-07-15,-0.2581190163318927,0.1854159995840186,0.2581190163318927
2011-07-18,0.5834470427704267,0.1975797468936771,0.5834470427704267
2011-07-19,2.9377368199466725,0.2195367759916217,2.9377368199466725
2011-07-20,-1.5042035900931583,0.246473932561951,1.5042035900931583
2011-07-21,-1.3287810279597687,0.2434555306746004,1.3287810279597687
2011-07-22,0.7621808659870956,0.2308964316578367,0.7621808659870956
2011-07-25,-0.2320293285071266,0.255972002121618,0.2320293285071266
2011-07-26,4.372296385878419,0.2270537556284527,4.372296385878419
2011-07-27,-0.4991309773162722,0.2770448577050704,0.4991309773162722
2011-07-28,-0.8868186500649455,0.2764471493883325,0.8868186500649455
2011-07-29,1.6765330561706298,0.2820945028315515,1.6765330561706298
2011-08-01,-2.08,0.3146828379965316,2.08
2011-08-02,-3.3360566448801716,0.2908803406020041,3.3360566448801716
2011-08-03,-2.9299901394562724,0.2626376465530711,2.9299901394562724
2011-08-04,-0.9964688240700408,0.2277477197460002,0.9964688240700408
2011-08-05,-4.04065080373283,0.2506065832497463,4.04065080373283
2011-08-08,0.1527494908350363,0.1919966897076367,0.1527494908350363
2011-08-09,2.064056939501773,0.1852814621601894,2.064056939501773
2011-08-10,-1.867901972504483,0.2357555926845448,1.867901972504483
2011-08-11,1.6598142226282837,0.2033154665305084,1.6598142226282837
2011-08-12,0.8887557419612584,0.2133861152523688,0.8887557419612584
2011-08-15,-0.4553103038701314,0.2305094816031061,0.4553103038701314
2011-08-16,-1.2976036591428817,0.1946542460526434,1.2976036591428817
2011-08-17,-3.687100186369833,0.1608396521178366,3.687100186369833
2011-08-18,-5.710998378745876,0.1229164799281503,5.710998378745876
2011-08-19,1.4088413112208182,0.3222004617905359,1.4088413112208182
2011-08-22,-2.13859869824428,0.2778800982548505,2.13859869824428
2011-08-23,8.366867873910127,0.2315251019243802,8.366867873910127
2011-08-24,0.268193305482488,0.311913108100993,0.268193305482488
2011-08-25,-1.6305745589218672,0.3060397754615466,1.6305745589218672
2011-08-26,6.055218573520191,0.3468070360494308,6.055218573520191
2011-08-29,1.4594221477171845,0.2723298817092666,1.4594221477171845
2011-08-30,3.153853630090392,0.3031222026073414,3.153853630090392
2011-08-31,1.4180053705186717,0.2992279697993448,1.4180053705186717
2011-09-01,-2.945001858045338,0.3290002786704409,2.945001858045338
2011-09-02,-1.9957882645735523,0.3098955268565831,1.9957882645735523
2011-09-06,6.851589588318594,0.3193267284773949,6.851589588318594
2011-09-07,-0.2285191956124347,0.3950497779887387,0.2285191956124347
2011-09-08,-1.4887769125057229,0.2768388501405329,1.4887769125057229
2011-09-09,-2.92955126714717,0.2845918279993736,2.92955126714717
2011-09-12,4.3305389221556885,0.2708065907783816,4.3305389221556885
2011-09-13,1.1157537077000714,0.2769433578142314,1.1157537077000714
2011-09-14,1.7119244391971775,0.2702489165847243,1.7119244391971775
2011-09-15,1.5982856377516876,0.2722169796148461,1.5982856377516876
2011-09-16,4.192116711341552,0.2769677250071116,4.192116711341552
2011-09-19,1.5562397199611986,0.2983071020421994,1.5562397199611986
2011-09-20,-2.612126245847167,0.1759088320027543,2.612126245847167
2011-09-21,-4.174662061319343,0.1844005516708777,4.174662061319343
2011-09-22,-1.873442506229988,0.1511727914785698,1.873442506229988
2011-09-23,3.160854383021191,0.0943557585205656,3.160854383021191
2011-09-26,2.962897837172496,0.1339512532349712,2.962897837172496
2011-09-27,-3.3600888053966314,0.1518294077135821,3.3600888053966314
2011-09-28,3.4548265959796773,0.144040583269375,3.4548265959796773
2011-09-29,-6.8241021480121375,0.1779669152023688,6.8241021480121375
2011-09-30,-0.5408130528438451,0.1095728987436753,0.5408130528438451
2011-10-03,-3.4053730242845988,0.108347447123358,3.4053730242845988
2011-10-04,1.38822631428299,0.1039697315985219,1.38822631428299
2011-10-05,3.646544017315196,0.1135922242087651,3.646544017315196
2011-10-06,0.9987288905030072,0.142985855840864,0.9987288905030072
2011-10-07,1.68554476806904,0.2027383673200436,1.68554476806904
2011-10-10,1.9316624674004224,0.1861429436217518,1.9316624674004224
2011-10-11,2.619254119687783,0.133763600719009,2.619254119687783
2011-10-12,0.1521298174442098,0.1613759637951455,0.1521298174442098
2011-10-13,1.632911392405065,0.1962565178926671,1.632911392405065
2011-10-14,1.4198530327562533,0.2080621187268934,1.4198530327562533
2011-10-17,-0.8105120962789998,0.2693739059277575,0.8105120962789998
2011-10-18,-0.6768189509306322,0.3224437844250603,0.6768189509306322
2011-10-19,-3.548427307101006,0.2955372528295247,3.548427307101006
2011-10-20,2.059190970576823,0.2154904293435043,2.059190970576823
2011-10-21,-0.3756700856865418,0.2437652077475463,0.3756700856865418
2011-10-24,1.0888907719684833,0.2808304588731899,1.0888907719684833
2011-10-25,-14.627603839222106,0.3110844818728205,14.627603839222106
2011-10-26,0.2798370072168423,0.1961322013525883,0.2798370072168423
2011-10-27,1.1113286987173228,0.2322319870222353,1.1113286987173228
2011-10-28,4.483610129279049,0.2188137217667345,4.483610129279049
2011-10-31,-3.559015709717784,0.217130307880094,3.559015709717784
2011-11-01,3.5750324347700726,0.2079661871425192,3.5750324347700726
2011-11-02,0.3507306889352885,0.2611726727113521,0.3507306889352885
2011-11-03,0.6213419877395884,0.2400341715145198,0.6213419877395884
2011-11-04,-0.3721571330117138,0.2561237281867882,0.3721571330117138
2011-11-07,1.0883600811658396,0.2834263903669569,1.0883600811658396
2011-11-08,-1.9388686131386892,0.2814852258662416,1.9388686131386892
2011-11-09,-0.6745754826703865,0.2756603621660265,0.6745754826703865
2011-11-10,-0.4590163934426348,0.2473949451197375,0.4590163934426348
2011-11-11,1.4728025597590928,0.1961426764013159,1.4728025597590928
2011-11-14,1.0897287271041012,0.257204745424369,1.0897287271041012
2011-11-15,-0.7935779816513845,0.2231368368377777,0.7935779816513845
2011-11-16,-1.7385675313265718,0.2110812846125162,1.7385675313265718
2011-11-17,-3.3786645334337204,0.1378191037585058,3.3786645334337204
2011-11-18,-5.863731554083673,0.1091081486060272,5.863731554083673
2011-11-21,-3.2800455274458087,0.0953562030512117,3.2800455274458087
2011-11-22,3.268253543728273,0.0294316947803364,3.268253543728273
2011-11-23,-1.3726302703822677,0.0173140464989886,1.3726302703822677
2011-11-25,0.6512263011396396,-0.0277018213362795,0.6512263011396396
2011-11-28,1.633185494390829,-0.0548238891378267,1.633185494390829
2011-11-29,-0.0102679946606553,-0.0383612068913842,0.0102679946606553
2011-11-30,-1.4941466420209508,-0.0623302924826701,1.4941466420209508
2011-12-01,2.720875684128236,-0.0590800048439341,2.720875684128236
2011-12-02,0.908306693053222,-0.0380364451811843,0.908306693053222
2011-12-05,-1.4482550538066996,-0.0227720451224667,1.4482550538066996
2011-12-06,-2.52576793550361,-0.0331739742840789,2.52576793550361
2011-12-07,1.3296340888865503,-0.0536489498244266,1.3296340888865503
2011-12-08,-1.2191971896471594,-0.0503402799769474,1.2191971896471594
2011-12-09,-0.6171225354322397,-0.1020635857751343,0.6171225354322397
2011-12-12,-0.7735620691469687,-0.0880812194586112,0.7735620691469687
2011-12-13,-5.0700042426813905,-0.078910722092486,5.0700042426813905
2011-12-14,1.703910614525138,-0.1377588829302396,1.703910614525138
2011-12-15,0.20324086789345,-0.1184846960898792,0.20324086789345
2011-12-16,-0.2302379125096019,-0.1707812614268544,0.2302379125096019
2011-12-19,0.379120879120874,-0.164729996392383,0.379120879120874
2011-12-20,-0.4214790081558826,-0.1495902124983635,0.4214790081558826
2011-12-21,-3.7543975373790666,-0.1702477137523219,3.7543975373790666
2011-12-22,2.3587869095893557,-0.1818999526610596,2.3587869095893557
2011-12-23,-0.8313804262917136,-0.1248846365573247,0.8313804262917136
2011-12-27,-0.7539526247679083,-0.1040593129179125,0.7539526247679083
2011-12-28,-3.838086059300412,-0.1006829482322667,3.838086059300412
2011-12-29,2.2049286640726256,-0.0994678998776317,2.2049286640726256
2011-12-30,1.4593908629441632,-0.0788888319976248,1.4593908629441632
2012-01-03,1.8875433509579895,-0.0849350671928054,1.8875433509579895
2012-01-04,-1.824674962334681,-0.0473750824124443,1.824674962334681
2012-01-05,1.210639990905976,-0.0822237024156117,1.210639990905976
2012-01-06,2.633795698320892,-0.1480604381491662,2.633795698320892
2012-01-09,-0.9082950317356115,-0.111071511305409,0.9082950317356115
2012-01-10,-0.80618442849255,-0.1247445612741512,0.80618442849255
2012-01-11,-0.1224671565352842,-0.1194440013386107,0.1224671565352842
2012-01-12,-2.0120387916620257,-0.0778250896839197,2.0120387916620257
2012-01-13,2.4685740287810765,-0.129791899908999,2.4685740287810765
2012-01-17,0.9936164307521426,-0.0809687742870042,0.9936164307521426
2012-01-18,4.913707815763449,-0.0799798709842473,4.913707815763449
2012-01-19,-0.0890611902766107,-0.0116988123381035,0.0890611902766107
2012-01-20,0.0419485082061723,-0.0063328931447057,0.0419485082061723
2012-01-23,-3.0347502489648335,-0.0198975215086489,3.0347502489648335
2012-01-24,1.0756756756756845,-0.0943868520808995,1.0756756756756845
2012-01-25,1.235360179688743,-0.1010257704882554,1.235360179688743
2012-01-26,2.0021130480718505,-0.0885023456598021,2.0021130480718505
2012-01-27,0.3055569941477937,-0.0426842038989336,0.3055569941477937
2012-01-30,0.1652209830648494,-0.0245597017522068,0.1652209830648494
2012-01-31,-10.407216494845352,-0.0817921619331512,10.407216494845352
2012-02-01,3.3599907945457663,-0.1832551256198807,3.3599907945457663
2012-02-02,1.770108544391881,-0.135091759020243,1.770108544391881
2012-02-03,1.886998851391997,-0.0913792973713632,1.886998851391997
2012-02-06,-1.9486794073437812,-0.1124619678803548,1.9486794073437812
2012-02-07,1.259238981658913,-0.1429710634513284,1.259238981658913
2012-02-08,-0.2433090024330992,-0.1495128105161448,0.2433090024330992
2012-02-09,-0.5853658536585395,-0.1638544558740348,0.5853658536585395
2012-02-10,2.0444880601897286,-0.2137078359588318,2.0444880601897286
2012-02-13,2.0890099909173574,-0.1850329295466824,2.0890099909173574
2012-02-14,0.1099016118903118,-0.138853181685762,0.1099016118903118
2012-02-15,-7.057347482879405,-0.1055566619731309,7.057347482879405
2012-02-16,1.2936610608020722,-0.1814069590145132,1.2936610608020722
2012-02-17,1.421511466488979,-0.1890049931692627,1.421511466488979
2012-02-21,-0.3832466465918439,-0.1927225044028359,0.3832466465918439
2012-02-22,-1.2695795548227626,-0.1721776457881444,1.2695795548227626
2012-02-23,0.0334001336005356,-0.2091272348294901,0.0334001336005356
2012-02-24,-1.20200333889815,-0.1537751663632615,1.20200333889815
2012-02-27,0.7660245578461148,-0.1587524275395115,0.7660245578461148
2012-02-28,2.7892677473448786,-0.1188143873267054,2.7892677473448786
2012-02-29,-2.175213442819069,-0.1079463019810548,2.175213442819069
2012-03-01,-0.2279170604258178,-0.1628993033211562,0.2279170604258178
2012-03-02,-0.2674392689993415,-0.1753533357800288,0.2674392689993415
2012-03-05,-0.1787709497206705,-0.1840348243779107,0.1787709497206705
2012-03-06,2.221849115737643,-0.1965653199673378,2.221849115737643
2012-03-07,0.8321927183137203,-0.1852540806566157,0.8321927183137203
2012-03-08,1.4225986859966169,-0.172343898111175,1.4225986859966169
2012-03-09,-1.4240591038064043,-0.1615267571710396,1.4240591038064043
2012-03-12,-0.1140498560799478,-0.1815888514655035,0.1140498560799478
2012-03-13,-0.146802957807748,-0.1741772347178017,0.146802957807748
2012-03-14,-0.8875578546147385,-0.1692406378680232,0.8875578546147385
2012-03-15,0.6922316228985697,-0.163343755361849,0.6922316228985697
2012-03-16,0.0927542557834977,-0.1630953008355584,0.0927542557834977
2012-03-19,0.7795039520305298,-0.1600253708651452,0.7795039520305298
2012-03-20,4.1215923842492455,-0.1531303541575449,4.1215923842492455
2012-03-21,-1.018181818181826,-0.0338765459995394,1.018181818181826
2012-03-22,0.7714915503306499,-0.0369669856216418,0.7714915503306499
2012-03-23,2.3280037498046933,-0.0491544914233575,2.3280037498046933
2012-03-26,3.618688925081444,-0.070469038004666,3.618688925081444
2012-03-27,1.2525173142099266,-0.0014438766398451,1.2525173142099266
2012-03-28,-2.357621034248572,-0.0357184576451184,2.357621034248572
2012-03-29,1.858108108108102,-0.0603920524053365,1.858108108108102
2012-03-30,-3.4143010438006014,-0.0460906353545266,3.4143010438006014
2012-04-02,0.1110998889001212,-0.0692804887829293,0.1110998889001212
2012-04-03,-0.6507263922518227,-0.0764035762332697,0.6507263922518227
2012-04-04,-1.7263264788017256,-0.0614092980903889,1.7263264788017256
2012-04-05,-0.7904934125548886,-0.0711845964269415,0.7904934125548886
2012-04-09,0.3801687324236894,-0.0780173987439327,0.3801687324236894
2012-04-10,-1.6186770428015442,-0.0625767961677563,1.6186770428015442
2012-04-11,-0.8279280704529876,-0.0841924582974401,0.8279280704529876
2012-04-12,0.978411145379121,-0.0955423693473591,0.978411145379121
2012-04-13,-0.4686677198525468,-0.0666325211986112,0.4686677198525468
2012-04-16,-0.9523305645203942,-0.0443092824365436,0.9523305645203942
2012-04-17,0.8599967950430071,-0.0075869544550602,0.8599967950430071
2012-04-18,2.17667619955512,0.0352434061509784,2.17667619955512
2012-04-19,-0.3058103975535038,0.0181223267422402,0.3058103975535038
2012-04-20,-1.7417073931579536,0.0324467763845209,1.7417073931579536
2012-04-23,-0.1640298428488404,0.0083596632027529,0.1640298428488404
2012-04-24,1.5846936612253713,-0.0109275057214532,1.5846936612253713
2012-04-25,0.9912871080502828,0.0074170470409649,0.9912871080502828
2012-04-26,16.149196673038183,0.0325419468144837,16.149196673038183
2012-04-27,-0.3914068407241069,0.0761626155817792,0.3914068407241069
2012-04-30,2.4335789238669423,0.0684849255343694,2.4335789238669423
2012-05-01,-0.6887532693984361,0.1129096898203204,0.6887532693984361
2012-05-02,0.8427706083750337,0.1415440446889318,0.8427706083750337
2012-05-03,-0.8444328371202188,0.1369485968989974,0.8444328371202188
2012-05-04,-2.3880597014925393,0.1538225529595799,2.3880597014925393
2012-05-07,0.3552797265695297,0.1916216395993237,0.3552797265695297
2012-05-08,-1.1472103965942202,0.2037253260649814,1.1472103965942202
2012-05-09,1.505054626229644,0.2083843077708202,1.505054626229644
2012-05-10,0.9110803447813882,0.1987044607196281,0.9110803447813882
2012-05-11,-0.1549015268864799,0.2097568608998843,0.1549015268864799
2012-05-14,0.3989361702127653,0.218202585790743,0.3989361702127653
2012-05-15,-0.6622516556291328,0.2237660957299347,0.6622516556291328
2012-05-16,0.0222222222222178,0.246420128191089,0.0222222222222178
2012-05-17,-2.506109753388136,0.2694591589348327,2.506109753388136
2012-05-18,-2.452030445285084,0.2209653319703775,2.452030445285084
2012-05-21,1.9997196654674616,0.2130434725460027,1.9997196654674616
2012-05-22,-1.6490311941734206,0.2468750880074717,1.6490311941734206
2012-05-23,1.0572399981370235,0.2734033457252803,1.0572399981370235
2012-05-24,-0.917135219835937,0.2558897294537058,0.917135219835937
2012-05-25,-0.3209451602400068,0.2358569464425822,0.3209451602400068
2012-05-29,-1.0079328044797065,0.211171791420845,1.0079328044797065
2012-05-30,-1.253888941265194,0.2217784754312896,1.253888941265194
2012-05-31,-0.4964674431926637,0.1957146764793511,0.4964674431926637
2012-06-01,-0.4989445403953308,0.1631996386044838,0.4989445403953308
2012-06-04,3.109932497589215,0.1678605832195553,3.109932497589215
2012-06-05,0.3647416413373832,0.2069058573171202,0.3647416413373832
2012-06-06,2.3389088198294687,0.2117613062905783,2.3389088198294687
2012-06-07,-0.4734805372182982,0.2552581998551373,0.4734805372182982
2012-06-08,-0.5123278898495123,0.2228395153111211,0.5123278898495123
2012-06-11,0.0735666007632617,0.2051536627650053,0.0735666007632617
2012-06-12,-0.978635423845628,0.1624460770460855,0.978635423845628
2012-06-13,-0.1206384558277644,0.153379654494978,0.1206384558277644
2012-06-14,0.0139366347672587,0.1538459898191587,0.0139366347672587
2012-06-15,0.9243346184216712,0.1823759956300733,0.9243346184216712
2012-06-18,2.7522091310751056,0.1909618691662487,2.7522091310751056
2012-06-19,0.559885335483293,0.2124920109157457,0.559885335483293
2012-06-20,-0.2984276869627195,0.2077178320801741,0.2984276869627195
2012-06-21,-0.8979628305932832,0.2055041111135725,0.8979628305932832
2012-06-22,-0.6897173511247293,0.1973813030428523,0.6897173511247293
2012-06-25,0.5220154334997659,0.2639427095941818,0.5220154334997659
2012-06-26,1.6075863626100777,0.2330327848784839,1.6075863626100777
2012-06-27,-0.4844229145371395,0.2284408046919871,0.4844229145371395
2012-06-28,0.3483386923901367,0.2066900803463226,0.3483386923901367
2012-06-29,2.047174009790836,0.2318940308727928,2.047174009790836
2012-07-02,-0.069777583951148,0.2390506387742487,0.069777583951148
2012-07-03,-0.2269354979488659,0.2409612555228359,0.2269354979488659
2012-07-05,-0.992914005773759,0.2467346260230235,0.992914005773759
2012-07-06,-0.5964214711729691,0.2173974428511567,0.5964214711729691
2012-07-09,0.5555555555555556,0.1930595826176591,0.5555555555555556
2012-07-10,-3.226519337016577,0.2018594906139668,3.226519337016577
2012-07-11,-1.068737154601499,0.2354944831786642,1.068737154601499
2012-07-12,-0.4524260191127026,0.2065012326592441,0.4524260191127026
2012-07-13,0.4498446412836864,0.1813967923232696,0.4498446412836864
2012-07-16,0.3924284395198562,0.1920915690841041,0.3924284395198562
2012-07-17,-0.5978385835824445,0.2140884001108426,0.5978385835824445
2012-07-18,2.118898912792052,0.2084850804141502,2.118898912792052
2012-07-19,2.0975852851900556,0.245025452546183,2.0975852851900556
2012-07-20,-0.283990060347888,0.2557928234651396,0.283990060347888
2012-07-23,0.6897472410110251,0.2185662809873518,0.6897472410110251
2012-07-24,-1.8871259999116083,0.2535571827625676,1.8871259999116083
2012-07-25,-0.9009009009008976,0.2383041783953208,0.9009009009008976
2012-07-26,2.38636363636363,0.2324681358402515,2.38636363636363
2012-07-27,5.21642619311876,0.2574338166954279,5.21642619311876
2012-07-30,-0.8016877637130706,0.2847937936809224,0.8016877637130706
2012-07-31,-0.4083368779242878,0.2675224746248988,0.4083368779242878
2012-08-01,-1.528999743743062,0.2463612826768037,1.528999743743062
2012-08-02,1.505031228313661,0.2394352370046855,1.505031228313661
2012-08-03,0.6537623381617838,0.2639557889531113,0.6537623381617838
2012-08-06,-0.607064017660047,0.2718639302371796,0.607064017660047
2012-08-07,0.4954512450348082,0.2748443803928395,0.4954512450348082
2012-08-08,-0.5780101151770123,0.2728683475070245,0.5780101151770123
2012-08-09,-0.3633565596546012,0.2612355646589347,0.3633565596546012
2012-08-10,-0.3646816543676027,0.2464990630081112,0.3646816543676027
2012-08-13,1.0679068165181118,0.2097522077851216,1.0679068165181118
2012-08-14,-1.0438413361169143,0.2306833779083336,1.0438413361169143
2012-08-15,2.350813743218804,0.2036181613176968,2.350813743218804
2012-08-16,1.2115093387178204,0.2063137255181418,1.2115093387178204
2012-08-17,0.3216957605985071,0.1886871713953365,0.3216957605985071
2012-08-20,-0.2046616454133359,0.1851171986851147,0.2046616454133359
2012-08-21,-0.6144138160079694,0.2013351669347121,0.6144138160079694
2012-08-22,1.1445279866332387,0.1952227613777748,1.1445279866332387
2012-08-23,-0.1899727430412132,0.2281782377034603,0.1899727430412132
2012-08-24,1.7005958291956362,0.2213606296462571,1.7005958291956362
2012-08-27,-0.7404695064892882,0.2565864767781974,0.7404695064892882
2012-08-28,1.1517809566750108,0.2424578545158345,1.1517809566750108
2012-08-29,0.0850960369559964,0.2628969838091008,0.0850960369559964
2012-08-30,0.4372646665856795,0.2567990529903111,0.4372646665856795
2012-08-31,0.0806224049663527,0.2657911830845999,0.0806224049663527
2012-09-04,-0.2658396101019152,0.2609646055120796,0.2658396101019152
2012-09-05,0.2503937643875496,0.2407781292968348,0.2503937643875496
2012-09-06,2.2640293276396934,0.2356982771118315,2.2640293276396934
2012-09-07,2.0287571400433206,0.2584706886470146,2.0287571400433206
2012-09-10,-0.540540540540529,0.2733655712664651,0.540540540540529
2012-09-11,-0.4270186335403842,0.2524037584849546,0.4270186335403842
2012-09-12,-0.6081871345029194,0.2376036383989397,0.6081871345029194
2012-09-13,2.5339295520514664,0.2228535462171521,2.5339295520514664
2012-09-14,-0.0573833205814864,0.2408628304996306,0.0573833205814864
2012-09-17,-1.060287081339717,0.2218921850625561,1.060287081339717
2012-09-18,0.375270813989482,0.1831124129474591,0.375270813989482
2012-09-19,0.2235498169204079,0.1369796528958167,0.2235498169204079
2012-09-20,0.6576164288735891,0.1333441053097464,0.6576164288735891
2012-09-21,-2.491021624512879,0.1133604890130561,2.491021624512879
2012-09-24,0.4349188935036465,0.0926929649279734,0.4349188935036465
2012-09-25,-1.533179885304103,0.0899739223794093,1.533179885304103
2012-09-26,-0.7369255150554673,0.0763275468471305,0.7369255150554673
2012-09-27,2.235172028418625,0.0937356129768014,2.235172028418625
2012-09-28,-0.2889045053486437,0.1190006825866023,0.2889045053486437
2012-10-01,-1.0180109631949803,0.1324250198496358,1.0180109631949803
2012-10-02,-0.6289556962025414,0.1046841605845346,0.6289556962025414
2012-10-03,1.910751960511128,0.0882990289358193,1.910751960511128
2012-10-04,2.027264559978134,0.1137031888460148,2.027264559978134
2012-10-05,-1.3514548238897457,0.1614904982229081,1.3514548238897457
2012-10-08,0.3880932976287555,0.1547064995004987,0.3880932976287555
2012-10-09,-2.5785750183631713,0.1617546710649229,2.5785750183631713
2012-10-10,-1.5873015873015817,0.1508980222804926,1.5873015873015817
2012-10-11,-1.9435483870967711,0.1451167651774698,1.9435483870967711
2012-10-12,-0.1357019491734569,0.1192101091948525,0.1357019491734569
2012-10-15,0.8317891702697063,0.1324078829962568,0.8317891702697063
2012-10-16,-0.6125699350675812,0.1282380648176661,0.6125699350675812
2012-10-17,1.8079467477503444,0.1325808120260717,1.8079467477503444
2012-10-18,-1.053396294950974,0.1535591538992698,1.053396294950974
2012-10-19,-2.5901452112905776,0.1534375047139849,2.5901452112905776
2012-10-22,-3.24944516561283,0.1402720872644503,3.24944516561283
2012-10-23,2.0904566111231357,0.1181393839179369,2.0904566111231357
2012-10-24,-2.1027641173478133,0.1232097576684522,2.1027641173478133
2012-10-25,-1.0046769443963248,0.07199653188327,1.0046769443963248
2012-10-26,3.3770778652668505,0.0566083660743236,3.3770778652668505
2012-10-31,-0.8843940419769938,0.0744257716219692,0.8843940419769938
2012-11-01,-0.0939247747939993,0.0804596039773773,0.0939247747939993
2012-11-02,-0.8418443656253971,0.0836092852843486,0.8418443656253971
2012-11-05,1.4523358041716934,0.0752522231610097,1.4523358041716934
2012-11-06,0.1019497897285625,0.1007113856308962,0.1019497897285625
2012-11-07,-1.455548482919584,0.1058824598057955,1.455548482919584
2012-11-08,-2.56653173714581,0.0880530082435198,2.56653173714581
2012-11-09,0.1458499071864125,0.0668380446290885,0.1458499071864125
2012-11-12,-0.6487488415199191,0.0387364300705869,0.6487488415199191
2012-11-13,0.6130063965884778,0.0258686439091429,0.6130063965884778
2012-11-14,-1.854304635761581,0.0358870076130995,1.854304635761581
2012-11-15,-0.4453441295546567,0.0240137586325949,0.4453441295546567
2012-11-16,3.1675025981654716,0.0236947803661017,3.1675025981654716
2012-11-19,0.735809390329359,0.0515463026782143,0.735809390329359
2012-11-20,1.6695652173913058,0.0398547123260859,1.6695652173913058
2012-11-21,2.587239137872051,0.061298368097311,2.587239137872051
2012-11-23,0.2084288632289829,0.0767261048561206,0.2084288632289829
2012-11-26,1.177253629518689,0.0591481022159324,1.177253629518689
2012-11-27,-0.3165858070882254,0.0731639312725964,0.3165858070882254
2012-11-28,2.3097545885749584,0.0749451683214205,2.3097545885749584
2012-11-29,0.9393267486393894,0.1105462335998897,0.9393267486393894
2012-11-30,0.8626887131560071,0.1253929145029136,0.8626887131560071
2012-12-03,-1.0295398748713136,0.1460925370912306,1.0295398748713136
2012-12-04,1.0002400576138273,0.1887454810387194,1.0002400576138273
2012-12-05,0.2218348914593604,0.2133910806232195,0.2218348914593604
2012-12-06,0.4505928853754971,0.2212287600030386,0.4505928853754971
2012-12-07,-0.4092232627685636,0.2244187817935184,0.4092232627685636
2012-12-10,-1.8174634531805505,0.2204570337242347,1.8174634531805505
2012-12-11,1.0342052313883214,0.1927493319844124,1.0342052313883214
2012-12-12,0.0159318118453074,0.1830718360255566,0.0159318118453074
2012-12-13,-0.3982318505834153,0.1609987222686944,0.3982318505834153
2012-12-14,-0.1199472232217727,0.1766137201075341,0.1199472232217727
2012-12-17,1.9054481405868424,0.1762485394189366,1.9054481405868424
2012-12-18,2.643673645755581,0.2021317047970743,2.643673645755581
2012-12-19,-1.1251435132032166,0.2246087112237028,1.1251435132032166
2012-12-20,-0.2090106827682245,0.1879872433400829,0.2090106827682245
2012-12-21,-0.2016911023194461,0.1233247843336937,0.2016911023194461
2012-12-24,-0.0582977069568619,0.1466862631693211,0.0582977069568619
2012-12-26,-3.449348629204746,0.1611451523262176,3.449348629204746
2012-12-27,-0.9787336877718646,0.1115781959248084,0.9787336877718646
2012-12-28,-0.854179377669314,0.0817049134311337,0.854179377669314
2012-12-31,5.058461538461541,0.0631712275451363,5.058461538461541
2013-01-02,0.46469853170884,0.1140234926935267,0.46469853170884
2013-01-03,0.1204959769891507,0.108413845890504,0.1204959769891507
2013-01-04,2.092553769702622,0.1186474160336401,2.092553769702622
2013-01-07,1.559113206829677,0.1388188507538661,1.559113206829677
2013-01-08,0.4118770359830734,0.1552789748237207,0.4118770359830734
2013-01-09,0.1379721818249581,0.1450203753477668,0.1379721818249581
2013-01-10,-1.2810009681983974,0.166188485608356,1.2810009681983974
2013-01-11,1.0939268200678955,0.1288357692441107,1.0939268200678955
2013-01-14,1.0000000000000024,0.120152362821071,1.0000000000000024
2013-01-15,-0.0554159893601321,0.1250290991327168,0.0554159893601321
2013-01-16,0.3585554282334593,0.130221203263728,0.3585554282334593
2013-01-17,-0.2467771639042363,0.1445908420565335,0.2467771639042363
2013-01-18,0.2916958977956675,0.1275351316945533,0.2916958977956675
2013-01-22,-0.3865694720565512,0.1336301830737239,0.3865694720565512
2013-01-23,-0.4435081494622369,0.1088668520766416,0.4435081494622369
2013-01-24,2.0900619965103715,0.1159533597322923,2.0900619965103715
2013-01-25,3.1927272727272733,0.1212934719609477,3.1927272727272733
2013-01-28,-2.9706110367185845,0.1504872815283616,2.9706110367185845
2013-01-29,2.7782821863083367,0.1145877328026976,2.7782821863083367
2013-01-30,-4.226148409893998,0.1722290603512228,4.226148409893998
2013-01-31,-0.7784828807556026,0.1690580760298752,0.7784828807556026
2013-02-01,-2.2868404417506487,0.1531633764902571,2.2868404417506487
2013-02-04,-0.2968262424842051,0.1202087199112176,0.2968262424842051
2013-02-05,1.2061068702290036,0.0825280958178454,1.2061068702290036
2013-02-06,-0.39975863629506,0.0970302401401597,0.39975863629506
2013-02-07,-1.0223400227186656,0.0978169316362745,1.0223400227186656
2013-02-08,0.6885998469778106,0.0936819872559507,0.6885998469778106
2013-02-11,-1.5235562310030388,0.0723001546128577,1.5235562310030388
2013-02-12,0.902812608511124,0.0535588895654133,0.902812608511124
2013-02-13,2.2330134210224437,0.0752339848172486,2.2330134210224437
2013-02-14,0.0972435202154443,0.0924378950525074,0.0972435202154443
2013-02-15,-0.6426783245525561,0.094639086825544,0.6426783245525561
2013-02-19,1.6133278176826689,0.092133867895406,1.6133278176826689
2013-02-20,-1.8800888230940012,0.1413277291207738,1.8800888230940012
2013-02-21,0.565781532890761,0.1161663423542115,0.565781532890761
2013-02-22,0.1200210036756433,0.1360169797421363,0.1200210036756433
2013-02-25,-2.2664269124147767,0.1442880116571903,2.2664269124147767
2013-02-26,-0.5711219287822353,0.086997171889538,0.5711219287822353
2013-02-27,0.9290670778720108,0.0812269325022126,0.9290670778720108
2013-02-28,0.557656315648756,0.1000483803640208,0.557656315648756
2013-03-01,0.7938618148668652,0.111267253445127,0.7938618148668652
2013-03-04,3.2559541754597423,0.1062481954319479,3.2559541754597423
2013-03-05,0.6423357664233648,0.1088210846803474,0.6423357664233648
2013-03-06,-0.601972729910068,0.1282858829098547,0.601972729910068
2013-03-07,0.3283473184968984,0.1309260365232672,0.3283473184968984
2013-03-08,-0.570909090909091,0.1561031363342819,0.570909090909091
2013-03-11,-0.888710090333901,0.1664162687361543,0.888710090333901
2013-03-12,1.5645756457564557,0.1789751687509836,1.5645756457564557
2013-03-13,-2.0236884173812024,0.1958950559668982,2.0236884173812024
2013-03-14,-1.7391626803129665,0.1643258467280962,1.7391626803129665
2013-03-15,-2.143558004377694,0.1544908990556784,2.143558004377694
2013-03-18,-0.3470883146934048,0.1262969343677324,0.3470883146934048
2013-03-19,-0.1354489164086692,0.1276713113898577,0.1354489164086692
2013-03-20,-0.7517922883162141,0.1300001000269572,0.7517922883162141
2013-03-21,-0.609113271641101,0.1457522227988474,0.609113271641101
2013-03-22,1.5831860145354637,0.1191016155131718,1.5831860145354637
2013-03-25,-0.591693093046648,0.1543119215160281,0.591693093046648
2013-03-26,0.6613499319198666,0.1559710014732996,0.6613499319198666
2013-03-27,2.732367149758457,0.1272430133101523,2.732367149758457
2013-03-28,0.4363855240388219,0.1643016749857098,0.4363855240388219
2013-04-01,-1.7154843059405271,0.1703917903966414,1.7154843059405271
2013-04-02,-0.1067073170731657,0.1606714968142391,0.1067073170731657
2013-04-03,-1.102548451091109,0.143073254660546,1.102548451091109
2013-04-04,-1.3540099525517846,0.1343991168669976,1.3540099525517846
2013-04-05,0.0782105427811652,0.132289929764726,0.0782105427811652
2013-04-08,1.1448890278212052,0.1604855237953257,1.1448890278212052
2013-04-09,1.1319296890090758,0.1716323497437517,1.1319296890090758
2013-04-10,1.1307204522881784,0.191830902973688,1.1307204522881784
2013-04-11,2.0321825186975913,0.2029347643301116,2.0321825186975913
2013-04-12,0.3553976010661931,0.2408862162160611,0.3553976010661931
2013-04-15,-0.6529437804338188,0.2474124763515938,0.6529437804338188
2013-04-16,0.5532657532211851,0.2170351838194894,0.5532657532211851
2013-04-17,-1.4734121122599608,0.2144531466681763,1.4734121122599608
2013-04-18,-3.242007421011214,0.1811864822964209,3.242007421011214
2013-04-19,0.4609544468546629,0.1290084460424489,0.4609544468546629
2013-04-22,1.985733564680935,0.1213374948767905,1.985733564680935
2013-04-23,1.890359168241966,0.1270278677571945,1.890359168241966
2013-04-24,0.753246753246751,0.1452314401562233,0.753246753246751
2013-04-25,-0.574522152248366,0.1300840381197136,0.574522152248366
2013-04-26,-5.582101715005377,0.1136447944722177,5.582101715005377
2013-04-29,-2.16947822675558,0.0314153757268148,2.16947822675558
2013-04-30,1.8165777759955064,0.0318597852151921,1.8165777759955064
2013-05-01,-1.953525009846405,0.0311299182424967,1.953525009846405
2013-05-02,2.8922631959508416,0.0125724813054694,2.8922631959508416
2013-05-03,0.7613024127430322,0.036330030215067,0.7613024127430322
2013-05-06,-0.6896818939129793,0.0467355329389316,0.6896818939129793
2013-05-07,0.2184854278022743,0.061352393386157,0.2184854278022743
2013-05-08,0.7241016856775798,0.0515925614881788,0.7241016856775798
2013-05-09,0.8309821048969963,0.0588763072201696,0.8309821048969963
2013-05-10,0.7244710211591538,0.0713135474255859,0.7244710211591538
2013-05-13,0.6583704380256432,0.0792715936862264,0.6583704380256432
2013-05-14,0.971644612476376,0.0712999305697171,0.971644612476376
2013-05-15,-0.4156213726738332,0.0584444979656193,0.4156213726738332
2013-05-16,-0.048879530756511,0.0675335423822176,0.048879530756511
2013-05-17,1.1924914418989587,0.0724376540161562,1.1924914418989587
2013-05-20,-0.096654275092936,0.0930157523860139,0.096654275092936
2013-05-21,-0.5023442732752773,0.1022860156582093,0.5023442732752773
2013-05-22,-2.580500392684847,0.1186566490528492,2.580500392684847
2013-05-23,-0.2456908134669279,0.0871277874180828,0.2456908134669279
2013-05-24,2.5514720030787004,0.0790213823735505,2.5514720030787004
2013-05-28,-0.3827679375562905,0.0802884676450002,0.3827679375562905
2013-05-29,0.0941761470654792,0.070572670690643,0.0941761470654792
2013-05-30,0.1091415452937409,0.0679723858249501,0.1091415452937409
2013-05-31,1.1127819548872155,0.049591721089349,1.1127819548872155
2013-06-03,-0.7287328970850739,0.0446394936697179,0.7287328970850739
2013-06-04,-0.4456928838951302,0.0333221712493294,0.4456928838951302
2013-06-05,0.7298446258605736,0.0282524169037161,0.7298446258605736
2013-06-06,0.7432306255835729,0.0498505292702841,0.7432306255835729
2013-06-07,2.5728479276340144,0.0463314958653553,2.5728479276340144
2013-06-10,-0.2457712881306847,0.0602128972347554,0.2457712881306847
2013-06-11,0.2173913043478214,0.0588593352726492,0.2173913043478214
2013-06-12,-1.8438177874186608,0.0578251516465467,1.8438177874186608
2013-06-13,1.2891344383057144,0.035405023626929,1.2891344383057144
2013-06-14,0.4909090909090965,0.0341367676349504,0.4909090909090965
2013-06-17,0.9878776913334528,0.0358705659441653,0.9878776913334528
2013-06-18,0.7811380249390855,0.0499864232271561,0.7811380249390855
2013-06-19,-2.1759226338619135,0.049229961619385,2.1759226338619135
2013-06-20,-0.2071672603038402,0.0032339156445594,0.2071672603038402
2013-06-21,-1.194595185198672,0.0178371997069326,1.194595185198672
2013-06-24,0.3722953297209594,-0.0172431120818657,0.3722953297209594
2013-06-25,0.6169665809768611,0.012513445010804,0.6169665809768611
2013-06-26,1.8979487553836032,0.0284799776613912,1.8979487553836032
2013-06-27,-1.0709936241851117,0.0715466522250345,1.0709936241851117
2013-06-28,1.0174155472681807,0.0654831790285383,1.0174155472681807
2013-07-01,0.731182795698927,0.0619651069536812,0.731182795698927
2013-07-02,0.3415883859948765,0.0747683758658205,0.3415883859948765
2013-07-03,1.0638297872340452,0.0898653506935803,1.0638297872340452
2013-07-05,0.4982456140350858,0.0940993396539526,0.4982456140350858
2013-07-08,1.5990503456462606,0.1157346328140772,1.5990503456462606
2013-07-09,0.140893470790367,0.1227998456613456,0.140893470790367
2013-07-10,1.228509659929311,0.1017024163159531,1.228509659929311
2013-07-11,1.2542798060951252,0.1144649894412923,1.2542798060951252
2013-07-12,2.8725434396866336,0.1345740145805138,2.8725434396866336
2013-07-15,0.0097634002668666,0.1457610579669861,0.0097634002668666
2013-07-16,-0.1073869183208631,0.1652332093312045,0.1073869183208631
2013-07-17,-0.2280353128970267,0.1597030988174319,0.2280353128970267
2013-07-18,-0.6138374636758378,0.158537135760289,0.6138374636758378
2013-07-19,1.5966358947403023,0.1764719989309297,1.5966358947403023
2013-07-22,-1.9692805173807657,0.1982431052351755,1.9692805173807657
2013-07-23,-0.0461802348594779,0.1664575222880992,0.0461802348594779
2013-07-24,-1.326645105933605,0.1585473755286047,1.326645105933605
2013-07-25,0.1839464882943134,0.1371631939660757,0.1839464882943134
2013-07-26,3.845768652979473,0.1068967943096828,3.845768652979473
2013-07-29,-1.0769280226315647,0.1405170443084757,1.0769280226315647
2013-07-30,-1.2381385675289232,0.1374558329172701,1.2381385675289232
2013-07-31,-0.2731071698858162,0.1233944167252832,0.2731071698858162
2013-08-01,0.511416127755052,0.127013126311317,0.511416127755052
2013-08-02,-0.4037685060565312,0.1415965351217996,0.4037685060565312
2013-08-05,-0.9525379037574208,0.1249584810994032,0.9525379037574208
2013-08-06,-0.1197963462114332,0.1317505536634625,0.1197963462114332
2013-08-07,-0.5430618024321181,0.1464989285518504,0.5430618024321181
2013-08-08,-0.9513600428781956,0.1623995284638947,0.9513600428781956
2013-08-09,0.0372023809523783,0.156354035815653,0.0372023809523783
2013-08-12,0.0304269921227909,0.1582224600532109,0.0304269921227909
2013-08-13,-0.5373800189266003,0.1653456490748713,0.5373800189266003
2013-08-14,-1.8689048217744304,0.1637078145694639,1.8689048217744304
2013-08-15,-0.7756501263894185,0.1291064521112838,0.7756501263894185
2013-08-16,-0.474611760600254,0.1245857201986491,0.474611760600254
2013-08-19,0.241943967179784,0.090372130944643,0.241943967179784
2013-08-20,-0.276339722960685,0.0903460921841533,0.276339722960685
2013-08-21,-0.1017222631449714,0.0856622503857572,0.1017222631449714
2013-08-22,2.250702247191005,0.0987803743453305,2.250702247191005
2013-08-23,-0.267847944782114,0.108279130183451,0.267847944782114
2013-08-26,-2.2587198292187405,0.1097630640399931,2.2587198292187405
2013-08-27,-1.2364814880050696,0.0958482795283106,1.2364814880050696
2013-08-28,0.3887858467684342,0.079858001675061,0.3887858467684342
2013-08-29,1.1156510925564045,0.0756356178397724,1.1156510925564045
2013-08-30,0.0491935767244082,0.0841290224284869,0.0491935767244082
2013-09-03,1.2643557054051189,0.077823233521748,1.2643557054051189
2013-09-04,1.8381715395553744,0.0833477878853125,1.8381715395553744
2013-09-05,0.5789599155399711,0.1084259236628425,0.5789599155399711
2013-09-06,0.6399620763214033,0.1207570924862341,0.6399620763214033
2013-09-09,1.1203822084651047,0.1281666893160653,1.1203822084651047
2013-09-10,-0.5456662784894409,0.1489241029216368,0.5456662784894409
2013-09-11,0.1605834532133479,0.1550937374704706,0.1605834532133479
2013-09-12,0.2505093690504001,0.1550233322674072,0.2505093690504001
2013-09-13,-0.1066169121076831,0.1489994428293155,0.1066169121076831
2013-09-16,-0.7304382629577668,0.1404320812056085,0.7304382629577668
2013-09-17,2.160400497261691,0.1323706870161774,2.160400497261691
2013-09-18,3.193448661448399,0.161468298993161,3.193448661448399
2013-09-19,-0.3920068840233214,0.2166920273103085,0.3920068840233214
2013-09-20,0.4703397965060423,0.2314143148075413,0.4703397965060423
2013-09-23,-0.5031686888952621,0.2197371629621463,0.5031686888952621
2013-09-24,0.6721505617258293,0.2342158319792074,0.6721505617258293
2013-09-25,-0.2002988586144369,0.216026673298222,0.2002988586144369
2013-09-26,0.9620898375278738,0.2042566867881804,0.9620898375278738
2013-09-27,-1.1075350246118865,0.2230766332747153,1.1075350246118865
2013-09-30,0.2584474011677978,0.2096363515804196,0.2584474011677978
2013-10-01,1.215708739099987,0.2027088431400359,1.215708739099987
2013-10-02,0.7389007671991039,0.2056759810606327,0.7389007671991039
2013-10-03,-1.6417491182621171,0.2051970870835047,1.6417491182621171
2013-10-04,0.0349062291752585,0.1820167256097671,0.0349062291752585
2013-10-07,-1.186397665270912,0.1725795060292072,1.186397665270912
2013-10-08,-2.5939004815409303,0.1649142388726225,2.5939004815409303
2013-10-09,0.3987871597126169,0.139547983703015,0.3987871597126169
2013-10-10,0.0459573909332611,0.1324664529932007,0.0459573909332611
2013-10-11,1.46011746562982,0.1348738123024819,1.46011746562982
2013-10-14,0.2102063255934212,0.1549312624379603,0.2102063255934212
2013-10-15,-0.4808468067253925,0.1805252880022106,0.4808468067253925
2013-10-16,-0.4248005707244316,0.1780041693523374,0.4248005707244316
2013-10-17,4.00234474224118,0.1498970731582645,4.00234474224118
2013-10-18,3.297219438877747,0.1971153458543287,3.297219438877747
2013-10-21,-0.6577950225832816,0.2161459083393782,0.6577950225832816
2013-10-22,0.952032222629088,0.2108810279234714,0.952032222629088
2013-10-23,-0.3657357030588871,0.2091474437255634,0.3657357030588871
2013-10-24,8.788641810514815,0.2132836577497906,8.788641810514815
2013-10-25,0.3680981595091966,0.2771641788317188,0.3680981595091966
2013-10-28,-0.2667259390975676,0.2724916378119766,0.2667259390975676
2013-10-29,1.01961221305995,0.266904295883354,1.01961221305995
2013-10-30,-0.2454359936021141,0.2431152086099028,0.2454359936021141
2013-10-31,1.078152212976531,0.2490738605796709,1.078152212976531
2013-11-01,-1.5069879386264855,0.2575667774157856,1.5069879386264855
2013-11-04,-0.9274686215705964,0.274581685793342,0.9274686215705964
2013-11-05,1.0286451034250923,0.2501447251959915,1.0286451034250923
2013-11-06,-1.2734082397003832,0.252592859093905,1.2734082397003832
2013-11-07,-2.784803012420614,0.2313347331089953,2.784803012420614
2013-11-08,1.341234282410749,0.2020334704688358,1.341234282410749
2013-11-11,0.6845603126158818,0.2461451293900406,0.6845603126158818
2013-11-12,-1.5836142666931003,0.2564453720418423,1.5836142666931003
2013-11-13,2.8756476683937686,0.2702930205726287,2.8756476683937686
2013-11-14,2.865217269649406,0.2848101545175967,2.865217269649406
2013-11-15,0.7208334466719272,0.2955886015110053,0.7208334466719272
2013-11-18,-1.2044938965107432,0.2713068369505286,1.2044938965107432
2013-11-19,0.4756437592258474,0.2855655255747377,0.4756437592258474
2013-11-20,-0.954946131243876,0.2737862724093571,0.954946131243876
2013-11-21,1.6343908803735718,0.2580120436621867,1.6343908803735718
2013-11-22,1.0324324324324268,0.2659592845466894,1.0324324324324268
2013-11-25,1.0138569364935126,0.2594091749268483,1.0138569364935126
2013-11-26,1.5598103863774757,0.2627187963525447,1.5598103863774757
2013-11-27,1.460234680573651,0.2522332514008851,1.460234680573651
2013-11-29,2.544333076329998,0.2658980661989236,2.544333076329998
2013-12-02,-2.228070175438586,0.272353438267713,2.228070175438586
2013-12-03,-1.6943938889031334,0.2399007077646494,1.6943938889031334
2013-12-04,0.8213820078226798,0.1688935710373056,0.8213820078226798
2013-12-05,0.4396741238846546,0.1820421871926825,0.4396741238846546
2013-12-06,-0.0617999227500989,0.1945190068937586,0.0617999227500989
2013-12-09,-1.1259694416531334,0.2046297172943797,1.1259694416531334
2013-12-10,0.938135195705424,0.2087835507279714,0.938135195705424
2013-12-11,-1.5696803841586309,0.1964673866138536,1.5696803841586309
2013-12-12,1.064890101243243,0.2026410673808738,1.064890101243243
2013-12-13,-0.0752621197965233,0.2181019173430082,0.0752621197965233
2013-12-16,1.4596265226086218,0.2363399695561082,1.4596265226086218
2013-12-17,-0.3634967362088722,0.2514407195616555,0.3634967362088722
2013-12-18,1.2948642190992414,0.1453909381717457,1.2948642190992414
2013-12-19,0.5782839171126425,0.1744566432684147,0.5782839171126425
2013-12-20,1.8005295675198554,0.2004327162703748,1.8005295675198554
2013-12-23,-0.2898263519036818,0.2252361984631858,0.2898263519036818
2013-12-24,-0.1813574480771151,0.2217222893402369,0.1813574480771151
2013-12-26,0.7118146295328439,0.2335268826820784,0.7118146295328439
2013-12-27,-1.2949462498455475,0.2571952551478169,1.2949462498455475
2013-12-30,-1.2092836934478457,0.2527545511778472,1.2092836934478457
2013-12-31,1.0694916113335804,0.2539094591632618,1.0694916113335804
2014-01-02,-0.1278836509528634,0.2793950046697332,0.1278836509528634
2014-01-03,-0.6126189459941243,0.2823301611800908,0.6126189459941243
2014-01-06,-0.2046229632436606,0.2805029044916795,0.2046229632436606
2014-01-07,0.8682665046577651,0.2889466137547101,0.8682665046577651
2014-01-08,1.3150299897106454,0.3196804602531363,1.3150299897106454
2014-01-09,-0.292289019345575,0.344783152892877,0.292289019345575
2014-01-10,-1.130350532879533,0.3510297901956122,1.130350532879533
2014-01-13,-1.4699231117141585,0.33926008975409,1.4699231117141585
2014-01-14,1.7366689618238782,0.3307203813561129,1.7366689618238782
2014-01-15,-1.3184940091241697,0.3495457471117718,1.3184940091241697
2014-01-16,0.1473277789067258,0.3079385965772621,0.1473277789067258
2014-01-17,2.216811241312827,0.3144437346371096,2.216811241312827
2014-01-21,1.240694789081886,0.366495465630366,1.240694789081886
2014-01-22,-1.7156862745097936,0.3856747038559733,1.7156862745097936
2014-01-23,-0.7082294264339125,0.379827089885409,0.7082294264339125
2014-01-24,-1.9238497086598485,0.358186793495701,1.9238497086598485
2014-01-27,-0.7938540332906407,0.3402423706407123,0.7938540332906407
2014-01-28,1.2287041817243136,0.3163729711708654,1.2287041817243136
2014-01-29,0.4105467156262785,0.3056387706025408,0.4105467156262785
2014-01-30,-5.589557355816848,0.3024874340827613,5.589557355816848
2014-01-31,-3.437701743060035,0.2430875336233077,3.437701743060035
2014-02-03,-2.615744609727561,0.1965509621517912,2.615744609727561
2014-02-04,-1.0269172459166502,0.1791224473256001,1.0269172459166502
2014-02-05,0.4057803468208081,0.1659002974976159,0.4057803468208081
2014-02-06,3.3321435562054615,0.1655123257721893,3.3321435562054615
2014-02-07,0.7326313443645832,0.1996360494504017,0.7326313443645832
2014-02-10,0.0641575177677488,0.2140298409617007,0.0641575177677488
2014-02-11,-1.4956804351070256,0.1917128738740214,1.4956804351070256
2014-02-12,-2.449288780405683,0.1413516896151075,2.449288780405683
2014-02-13,3.347713546160467,0.1222876468902746,3.347713546160467
2014-02-14,-1.1298491679189593,0.1497207239892008,1.1298491679189593
2014-02-18,-0.7430758838099409,0.1445339502283918,0.7430758838099409
2014-02-19,-1.0889292196007267,0.1298336784033622,1.0889292196007267
2014-02-20,1.0435779816513682,0.12117472539902,1.0435779816513682
2014-02-21,-2.057087731245039,0.1349849707718407,2.057087731245039
2014-02-24,2.262522089284159,0.123138694442324,2.262522089284159
2014-02-25,1.943342776203966,0.1431733150957282,1.943342776203966
2014-02-26,-0.7336186294670033,0.1494662418081436,0.7336186294670033
2014-02-27,0.9461956217457056,0.1063673299816267,0.9461956217457056
2014-02-28,-0.5169162506932862,0.1269719936980488,0.5169162506932862
2014-03-03,1.4394986842692044,0.1146449699038287,1.4394986842692044
2014-03-04,0.0632041769716849,0.1353323416153904,0.0632041769716849
2014-03-05,2.7243017603603232,0.15455878409189,2.7243017603603232
2014-03-06,0.141692287127382,0.1783863278675641,0.141692287127382
2014-03-07,-0.5045651129264779,0.1710476936483864,0.5045651129264779
2014-03-10,-0.4561431752931437,0.1492535857281401,0.4561431752931437
2014-03-11,-1.2372301140192354,0.1352359447711411,1.2372301140192354
2014-03-12,2.789301310043664,0.1172991919770869,2.789301310043664
2014-03-13,-1.0142849556582176,0.1529616130647751,1.0142849556582176
2014-03-14,0.7832618025751116,0.1175395936565198,0.7832618025751116
2014-03-17,0.4258490365165457,0.10834990048062,0.4258490365165457
2014-03-18,0.3842891974981531,0.1201995005646485,0.3842891974981531
2014-03-19,-2.1464213110858896,0.1393384109366075,2.1464213110858896
2014-03-20,0.0971292898769732,0.1190733441107982,0.0971292898769732
2014-03-21,-2.9407008086253397,0.0904581404722695,2.9407008086253397
2014-03-24,-1.6829126051820424,0.0549899459022336,1.6829126051820424
2014-03-25,0.8756320085868494,0.0432282474264395,0.8756320085868494
2014-03-26,-3.914540923473254,0.0365638895364494,3.914540923473254
2014-03-27,-0.9033950167565064,0.0121265499001677,0.9033950167565064
2014-03-28,0.6910748419350078,-0.0117857930163058,0.6910748419350078
2014-03-31,-1.2587616822430037,0.0059726214445191,1.2587616822430037
2014-04-01,2.3366559200212937,0.0026627822547371,2.3366559200212937
2014-04-02,-1.2052371455822264,0.0194080193434535,1.2052371455822264
2014-04-03,-1.9513194078754943,0.0192168600967497,1.9513194078754943
2014-04-04,-4.224973892287047,0.0374063610518474,4.224973892287047
2014-04-07,0.2772672045858305,0.0066270489602914,0.2772672045858305
2014-04-08,2.0473468373306787,-0.0111737554844522,2.0473468373306787
2014-04-09,0.6484610466709317,0.0237262383369681,0.6484610466709317
2014-04-10,-5.0211736237144695,0.0006389727745281,5.0211736237144695
2014-04-11,1.1687898089172004,-0.070113112484513,1.1687898089172004
2014-04-14,-0.3053483174363262,-0.0768792218469164,0.3053483174363262
2014-04-15,1.4114303757499072,-0.0636817847370554,1.4114303757499072
2014-04-16,-0.4390198337329086,-0.0655873673820794,0.4390198337329086
2014-04-17,1.3166124593445063,-0.0606615797112714,1.3166124593445063
2014-04-21,2.4786245640028532,-0.0709087916790022,2.4786245640028532
2014-04-22,0.3192771084337185,-0.0675566337492217,0.3192771084337185
2014-04-23,-1.0178346243919971,-0.0821818774601288,1.0178346243919971
2014-04-24,-4.070737404070734,-0.1113318143617297,4.070737404070734
2014-04-25,-3.873517786561269,-0.1592138512040318,3.873517786561269
2014-04-28,-2.486842105263159,-0.215991121260539,2.486842105263159
2014-04-29,0.5599784104709229,-0.1889130969095001,0.5599784104709229
2014-04-30,2.0228111372022863,-0.1530975577482723,2.0228111372022863
2014-05-01,2.0681945220793785,-0.1573855157414599,2.0681945220793785
2014-05-02,-1.3046839765479064,-0.156376129617958,1.3046839765479064
2014-05-05,1.0314325815190748,-0.1686604712755162,1.0314325815190748
2014-05-06,-4.51329434949762,-0.1454918363874495,4.51329434949762
2014-05-07,-1.6037352821762083,-0.1898508127719805,1.6037352821762083
2014-05-08,-0.085963826421849,-0.174076590835549,0.085963826421849
2014-05-09,1.2836837939222945,-0.195413285939861,1.2836837939222945
2014-05-12,2.8202514441046613,-0.1921354291661982,2.8202514441046613
2014-05-13,-0.033046926635828,-0.1958070364545137,0.033046926635828
2014-05-14,-1.480991735537191,-0.195806976875953,1.480991735537191
2014-05-15,-1.7515602979665743,-0.2290800977493395,1.7515602979665743
2014-05-16,1.0109289617486317,-0.2554333913382299,1.0109289617486317
2014-05-19,0.4530700568028142,-0.2788786531199168,0.4530700568028142
2014-05-20,1.7199596095590683,-0.2746639643045207,1.7199596095590683
2014-05-21,0.9397438867012968,-0.2606008172669674,0.9397438867012968
2014-05-22,0.1344041960334383,-0.2655754286643528,0.1344041960334383
2014-05-23,2.9300072022523396,-0.2466239667368081,2.9300072022523396
2014-05-27,-1.5616551636398324,-0.205031014470667,1.5616551636398324
2014-05-28,0.2972536348949993,-0.2345727973499118,0.2972536348949993
2014-05-29,1.291798208878293,-0.2305845545072601,1.291798208878293
2014-05-30,-0.5851858919314348,-0.2107212874558363,0.5851858919314348
2014-06-02,-2.18816980709556,-0.2139368086039441,2.18816980709556
2014-06-03,0.3597710547833178,-0.2457960854089911,0.3597710547833178
2014-06-04,0.4073651621313345,-0.257297101258613,0.4073651621313345
2014-06-05,5.485232067510553,-0.2495295204512141,5.485232067510553
2014-06-06,2.02153846153845,-0.1933358745551919,2.02153846153845
2014-06-09,-1.182254124317628,-0.1572852579329468,1.182254124317628
2014-06-10,2.548451091103314,-0.1861160360036989,2.548451091103314
2014-06-11,-0.1339285714285765,-0.1381253760909985,0.1339285714285765
2014-06-12,-2.533154522425872,-0.1414778981504249,2.533154522425872
2014-06-13,-0.669622381898796,-0.1888332116324012,0.669622381898796
2014-06-16,0.824970756633629,-0.2078993035522797,0.824970756633629
2014-06-17,0.1404408621847694,-0.1824787472815454,0.1404408621847694
2014-06-18,2.2121951219512197,-0.165578483429419,2.2121951219512197
2014-06-19,-2.2359033097095766,-0.1245569546992584,2.2359033097095766
2014-06-20,-1.3515987307786337,-0.137544146457591,1.3515987307786337
2014-06-23,1.302075279126587,-0.1575066563235012,1.302075279126587
2014-06-24,-0.980032973071985,-0.1409749159084426,0.980032973071985
2014-06-25,1.2826442203928,-0.1170583385888971,1.2826442203928
2014-06-26,-0.7945447349995303,-0.0706877245440981,0.7945447349995303
2014-06-27,-0.2761752792439039,-0.0489990118985139,0.2761752792439039
2014-06-30,0.2707858945165886,-0.0444364418707508,0.2707858945165886
2014-07-01,2.2525010740808993,-0.0463836751785324,2.2525010740808993
2014-07-02,0.4891956782712986,-0.0586534782923169,0.4891956782712986
2014-07-03,0.797419586058606,-0.0621327746654314,0.797419586058606
2014-07-07,-1.303703703703697,-0.0525428448110004,1.303703703703697
2014-07-08,-2.5187631341939527,-0.050283525549666,2.5187631341939527
2014-07-09,-0.1139478303717133,-0.0468164846593655,0.1139478303717133
2014-07-10,3.197262132330268,-0.0860141573550974,3.197262132330268
2014-07-11,3.680798303008594,-0.0411459925340833,3.680798303008594
2014-07-14,1.9277872230066475,0.0021932323252618,1.9277872230066475
2014-07-15,0.5371480266877692,0.0349852691105104,0.5371480266877692
2014-07-16,-0.6130138912322042,0.0277167104497983,0.6130138912322042
2014-07-17,0.2716161158895329,0.048979130823886,0.2716161158895329
2014-07-18,1.044018058690758,0.0257382639541553,1.044018058690758
2014-07-21,-0.7958670762356986,0.0120714651171252,0.7958670762356986
2014-07-22,1.0696692470091558,0.014421574829231,1.0696692470091558
2014-07-23,0.2590168500208785,0.013893341007108,0.2590168500208785
2014-07-24,-11.856214234124112,0.0225233844128579,11.856214234124112
2014-07-25,2.190356129845562,-0.1380638160755951,2.190356129845562
2014-07-28,-0.7000771010023031,-0.1218036142547081,0.7000771010023031
2014-07-29,-0.1646064972979603,-0.174314697618237,0.1646064972979603
2014-07-30,-0.4479701353243286,-0.1736875947665587,0.4479701353243286
2014-07-31,-1.974938283178644,-0.1654839711932478,1.974938283178644
2014-08-01,-1.5461124039656968,-0.1708536761168325,1.5461124039656968
2014-08-04,1.4441134568061065,-0.1646757535391688,1.4441134568061065
2014-08-05,-0.7883817427385889,-0.1982299878103072,0.7883817427385889
2014-08-06,1.4091303928192338,-0.1865249779224913,1.4091303928192338
2014-08-07,-1.0374036356714629,-0.1813805731211768,1.0374036356714629
2014-08-08,2.096557030198115,-0.1896749092025266,2.096557030198115
2014-08-11,0.1287364983672455,-0.1706546004922752,0.1287364983672455
2014-08-12,2.7313493681206644,-0.1425808730262316,2.7313493681206644
2014-08-13,0.0610500610500705,-0.0990735627067385,0.0610500610500705
2014-08-14,1.8913971934106084,-0.0830631771556856,1.8913971934106084
2014-08-15,0.4431137724550995,-0.0334096480746939,0.4431137724550995
2014-08-18,-0.1818290211040895,-0.0372589536863455,0.1818290211040895
2014-08-19,-0.0567384358109067,-0.0126500962334526,0.0567384358109067
2014-08-20,0.5378271782000708,0.0078868324798671,0.5378271782000708
2014-08-21,-1.037208749405622,0.0067556436637418,1.037208749405622
2014-08-22,0.0660680500915897,0.0116635257540644,0.0660680500915897
2014-08-25,1.1374208457129285,-0.0092717439072871,1.1374208457129285
2014-08-26,1.5103857566765588,0.0173123397318827,1.5103857566765588
2014-08-27,-0.61095033470725,0.0517661892298512,0.61095033470725
2014-08-28,0.5176470588235351,0.0804515885075924,0.5176470588235351
2014-08-29,-0.5208333333333461,0.0845120814904801,0.5208333333333461
2014-09-02,0.7529854697335144,0.0611966517359526,0.7529854697335144
2014-09-03,0.3357272143399369,0.0660532651593522,0.3357272143399369
2014-09-04,0.7594052780121703,0.1124307598624511,0.7594052780121703
2014-09-05,-0.5082298585041927,0.1077084493109166,0.5082298585041927
2014-09-08,-0.850409241307248,0.1054619777391995,0.850409241307248
2014-09-09,-2.139867099909258,0.0828572132342009,2.139867099909258
2014-09-10,-1.304217768471433,0.0659163734067768,1.304217768471433
2014-09-11,-0.1151724555979775,0.0418682637584354,0.1151724555979775
2014-09-12,0.4096370918800764,0.0193800377893436,0.4096370918800764
2014-09-15,-2.973618204345598,0.0236342381025015,2.973618204345598
2014-09-16,2.0836577693338025,-0.0052046834043344,2.0836577693338025
2014-09-17,-0.7078350012204248,0.0613989665710056,0.7078350012204248
2014-09-18,0.6637168141592954,0.0879582471921145,0.6637168141592954
2014-09-19,0.2716727716727675,0.120744041726762,0.2716727716727675
2014-09-22,-1.8356723187920316,0.1171651608237548,1.8356723187920316
2014-09-23,0.5302983315760075,0.0784465351321285,0.5302983315760075
2014-09-24,1.1783940525033096,0.0629178732593152,1.1783940525033096
2014-09-25,-2.2531174730936834,0.0884791201990921,2.2531174730936834
2014-09-26,-0.031191515907689,0.0577067483827212,0.031191515907689
2014-09-29,0.2683307332293467,0.1061276359102677,0.2683307332293467
2014-09-30,0.2116006970375835,0.1286412446827823,0.2116006970375835
2014-10-01,-1.5898646130915428,0.1292470501705024,1.5898646130915428
2014-10-02,1.0854474315284652,0.0937004238820522,1.0854474315284652
2014-10-03,0.98014733424897,0.07790006017266,0.98014733424897
2014-10-06,-1.258114374034003,0.087185350925613,1.258114374034003
2014-10-07,-0.8922142566446487,0.0910933628320184,0.8922142566446487
2014-10-08,1.5509507865310497,0.1019884589482036,1.5509507865310497
2014-10-09,-2.323555942642072,0.0921634629224412,2.323555942642072
2014-10-10,-1.3215718744029128,0.0744490611437251,1.3215718744029128
2014-10-13,-0.603478878239254,0.0434311748728568,0.603478878239254
2014-10-14,-1.1850649350649416,0.0280235415626454,1.1850649350649416
2014-10-15,-3.4565467389518636,0.0135164890004567,3.4565467389518636
2014-10-16,4.533233502365316,-0.0489408005348143,4.533233502365316
2014-10-17,-1.3674100602311514,0.0096321239814355,1.3674100602311514
2014-10-20,2.294107938603719,-0.0057368243337627,2.294107938603719
2014-10-21,1.7844465956760274,0.0049672559692076,1.7844465956760274
2014-10-22,-0.643565925878957,0.0104590390924672,0.643565925878957
2014-10-23,-9.253350350989148,0.018611729484391,9.253350350989148
2014-10-24,0.4571026722925422,-0.0545011208603048,0.4571026722925422
2014-10-27,1.4210710535526734,-0.0579765217272695,1.4210710535526734
2014-10-28,3.2268083931529623,-0.0688673042858505,3.2268083931529623
2014-10-29,-1.7150880946808922,-0.0652426306552602,1.7150880946808922
2014-10-30,3.7995782025988194,-0.0673765941851899,3.7995782025988194
2014-10-31,0.35720137637227,-0.0736485133373287,0.35720137637227
2014-11-03,-0.734717868338551,-0.0693530887341488,0.734717868338551
2014-11-04,-0.3223790256258512,-0.035828450495975,0.3223790256258512
2014-11-05,-2.0857397445628787,-0.0410332677611199,2.0857397445628787
2014-11-06,0.3808689204219877,-0.0641238651115144,0.3808689204219877
2014-11-07,0.7319857632126787,-0.0712355958301737,0.7319857632126787
2014-11-10,1.980000000000004,-0.0886193813986952,1.980000000000004
2014-11-11,1.5722037000719031,-0.0442469095976653,1.5722037000719031
2014-11-12,0.4022526146419952,-0.0141084010594793,0.4022526146419952
2014-11-13,1.6410256410256423,-0.0247430769526848,1.6410256410256423
2014-11-14,2.93895055499495,0.001050454531055,2.93895055499495
2014-11-17,-0.7505207695135322,0.0176025476642022,0.7505207695135322
2014-11-18,1.0062038951819516,0.0180011003109487,1.0062038951819516
2014-11-19,-0.993124522536296,0.0306304226139971,0.993124522536296
2014-11-20,3.524691358024701,0.0179635575687525,3.524691358024701
2014-11-21,-0.1908055572118539,0.0307581129467783,0.1908055572118539
2014-11-24,0.1463647768683896,0.0255818725580687,0.1463647768683896
2014-11-25,-0.4444179318161508,0.0217400231793661,0.4444179318161508
2014-11-26,0.6740967104080574,0.0254647688262388,0.6740967104080574
2014-11-28,0.6219682766419548,0.0481676818254725,0.6219682766419548
2014-12-01,-3.140896723056896,0.0531009224157708,3.140896723056896
2014-12-02,-0.5404580152671744,-0.0006407582740575,0.5404580152671744
2014-12-03,-3.131427869708039,-0.0291005399509357,3.131427869708039
2014-12-04,0.402497385351627,-0.0737686955217167,0.402497385351627
2014-12-05,-1.6508838383838371,-0.068822597208421,1.6508838383838371
2014-12-08,-2.7537952947973183,-0.0792265221091561,2.7537952947973183
2014-12-09,2.973695501501699,-0.1062471086567877,2.973695501501699
2014-12-10,-1.3173076923076854,-0.0748316505807816,1.3173076923076854
2014-12-11,-1.266686154145963,-0.0785000638143401,1.266686154145963
2014-12-12,1.6053159643409307,-0.1085161368384288,1.6053159643409307
2014-12-15,-1.463398840936322,-0.0971471858570235,1.463398840936322
2014-12-16,-2.6219812715623405,-0.0291890154293613,2.6219812715623405
2014-12-17,2.5778587576340364,-0.0885253360837608,2.5778587576340364
2014-12-18,-2.3354494917930357,-0.0570651040207045,2.3354494917930357
2014-12-19,1.694116062106363,-0.0665660860701538,1.694116062106363
2014-12-22,1.6692058024773178,-0.052339177830081,1.6692058024773178
2014-12-23,-0.1954524724737726,-0.0091780196911699,0.1954524724737726
2014-12-24,-0.4504210457601725,0.0192764954484204,0.4504210457601725
2014-12-26,0.9344262295081972,-0.0060599074938342,0.9344262295081972
2014-12-29,0.6691570570082817,0.0089848556274508,0.6691570570082817
2014-12-30,0.5291858926785243,-0.0028384513395466,0.5291858926785243
2014-12-31,0.3306050393195249,0.0151266795012957,0.3306050393195249
2015-01-02,-1.781943822381466,0.004336235656397,1.781943822381466
2015-01-05,-1.5536953193707057,-0.0308370590727236,1.5536953193707057
2015-01-06,-1.568290100582319,-0.071800143382616,1.568290100582319
2015-01-07,0.9478991596638656,-0.0976759842180704,0.9478991596638656
2015-01-08,0.3862546616941917,-0.1249450206840919,0.3862546616941917
2015-01-09,-1.3002520896908567,-0.1366879013885892,1.3002520896908567
2015-01-12,-0.0268853340502726,-0.1528249218822136,0.0268853340502726
2015-01-13,-1.8656716417910435,-0.1603209615377687,1.8656716417910435
2015-01-14,0.7090740931045016,-0.1950416278341449,0.7090740931045016
2015-01-15,-2.6258503401360493,-0.1754233509832599,2.6258503401360493
2015-01-16,2.2041358110940346,-0.2069282934991808,2.2041358110940346
2015-01-20,-1.0082367818449085,-0.2002029743132879,1.0082367818449085
2015-01-21,3.576854025687065,-0.2361702755785823,3.576854025687065
2015-01-22,2.693333333333333,-0.1906516808506982,2.693333333333333
2015-01-23,1.2139703972993987,-0.1884143781382709,1.2139703972993987
2015-01-26,-1.7702520685010572,-0.1636866050477324,1.7702520685010572
2015-01-27,1.145935357492663,-0.1818037559975484,1.145935357492663
2015-01-28,-1.6397146638262243,-0.1708596342693409,1.6397146638262243
2015-01-29,13.648147540445636,-0.1898610865065294,13.648147540445636
2015-01-30,1.0770385770385906,-0.0611499009181207,1.0770385770385906
2015-02-02,2.925296386230541,-0.0351553942539881,2.925296386230541
2015-02-03,-0.5301285075911141,0.0150642544442802,0.5301285075911141
2015-02-04,2.126234722919807,0.0361675741086187,2.126234722919807
2015-02-05,2.423497267759564,0.0574339246804131,2.423497267759564
2015-02-06,-1.0323578840664775,0.0749485891547788,1.0323578840664775
2015-02-09,0.0512129380053863,0.1035333057303376,0.0512129380053863
2015-02-10,0.0107761523747886,0.0708653099777448,0.0107761523747886
2015-02-11,1.042480402984674,0.0880987107097204,1.042480402984674
2015-02-12,0.882431351639571,0.0930327536818996,0.882431351639571
2015-02-13,-0.1823419042837203,0.1048274280798553,0.1823419042837203
2015-02-17,-1.0431007095202751,0.130349669706887,1.0431007095202751
2015-02-18,-0.0775857456257784,0.1234146527128862,0.0775857456257784
2015-02-19,1.3735307504886485,0.1143019338222765,1.3735307504886485
2015-02-20,1.2730442131952864,0.1544054068292843,1.2730442131952864
2015-02-23,-1.2492176090131422,0.1748400594135383,1.2492176090131422
2015-02-24,-0.3644526607685335,0.1698936699789189,0.3644526607685335
2015-02-25,1.8024226681156723,0.1840636382630324,1.8024226681156723
2015-02-26,-0.0182258442471369,0.2193342718693916,0.0182258442471369
2015-02-27,-0.8203124999999941,0.2087944223481919,0.8203124999999941
2015-03-02,0.813968754102671,0.1910526873141272,0.813968754102671
2015-03-03,0.4583930199244558,0.2114725635964943,0.4583930199244558
2015-03-04,-0.0259262139949651,0.2249897787904213,0.0259262139949651
2015-03-05,-0.0233396436814406,0.2098600905768659,0.0233396436814406
2015-03-06,-1.8468561942311583,0.2490172067740738,1.8468561942311583
2015-03-09,-0.251057082452447,0.2409634331824998,0.251057082452447
2015-03-10,-1.81216055106636,0.244004015412291,1.81216055106636
2015-03-11,-0.4829875070829229,0.2329191664114684,0.4829875070829229
2015-03-12,0.7320644216691155,0.2484990042445121,0.7320644216691155
2015-03-13,-0.3068475452196498,0.2250760092750808,0.3068475452196498
2015-03-16,0.1970948755332372,0.2314438753193586,0.1970948755332372
2015-03-17,-0.3071865484627125,0.2196303656828646,0.3071865484627125
2015-03-18,1.0541395248263388,0.2087674097650527,1.0541395248263388
2015-03-19,0.6472838152298855,0.2291148635201766,0.6472838152298855
2015-03-20,0.4730394110925201,0.3870844121615171,0.4730394110925201
2015-03-23,-1.079165233951388,0.3847436181107144,1.079165233951388
2015-03-24,0.3155164576593013,0.3671783703314497,0.3155164576593013
2015-03-25,-1.487325745661966,0.3440583387441277,1.487325745661966
2015-03-26,-0.6710138261316719,0.3308027380331131,0.6710138261316719
2015-03-27,1.2966140938683204,0.3028092647142433,1.2966140938683204
2015-03-30,0.3684083147336447,0.3105998578383395,0.3684083147336447
2015-03-31,-0.3054335012324435,0.3278720086652704,0.3054335012324435
2015-04-01,-0.4299919376511789,0.3251499164901831,0.4299919376511789
2015-04-02,-0.1079622132253688,0.3304675606833747,0.1079622132253688
2015-04-06,1.6346933261280845,0.3189639341780051,1.6346933261280845
2015-04-07,-0.3961185697195292,0.3210792404644596,0.3961185697195292
2015-04-08,1.6014519831313765,0.3123867840763811,1.6014519831313765
2015-04-09,0.9588609257605076,0.310478654493081,0.9588609257605076
2015-04-10,-0.2029611511540055,0.311592580715266,0.2029611511540055
2015-04-13,-0.0052147159283561,0.3084656260210953,0.0052147159283561
2015-04-14,0.2972543088837431,0.2889229352984518,0.2972543088837431
2015-04-15,-0.2495775380215875,0.2924831327858125,0.2495775380215875
2015-04-16,-0.2762646928510038,0.0934001577023155,0.2762646928510038
2015-04-17,-1.0663042626035628,0.0858540746180245,1.0663042626035628
2015-04-20,3.370756835292573,0.027603152876916,3.370756835292573
2015-04-21,0.1533311185505156,0.2703897300429012,0.1533311185505156
2015-04-22,-0.4337730601413633,0.279841739422545,0.4337730601413633
2015-04-23,12.50352374362522,0.2802906452274328,12.50352374362522
2015-04-24,1.107061503416866,0.2909549632919074,1.107061503416866
2015-04-27,-1.2053350155454503,0.2976877488087562,1.2053350155454503
2015-04-28,-2.681808852705758,0.2887642885493062,2.681808852705758
2015-04-29,0.084358523725838,0.2958299551243777,0.084358523725838
2015-04-30,-0.7702933670483029,0.3076403687778448,0.7702933670483029
2015-05-01,0.2312302392525104,0.3158246675454228,0.2312302392525104
2015-05-04,-0.4590395480225995,0.335082744060913,0.4590395480225995
2015-05-05,-0.335816483386534,0.3522787450407426,0.335816483386534
2015-05-06,0.6454215409439253,0.313890511102578,0.6454215409439253
2015-05-07,1.5560532830366702,0.3358193999089415,1.5560532830366702
2015-05-08,0.4085896691816478,0.367498319411004,0.4085896691816478
2015-05-11,-0.3306281935677804,0.3603399053996809,0.3306281935677804
2015-05-12,-0.2551730537255253,0.3723388878530114,0.2551730537255253
2015-05-13,-0.1232615470486936,0.3952526375982059,0.1232615470486936
2015-05-14,-0.3376411689370197,0.3647167819041876,0.3376411689370197
2015-05-15,-0.4672897196261583,0.3890214477638999,0.4672897196261583
2015-05-18,-0.2652582159624402,0.3654230180170734,0.2652582159624402
2015-05-19,-1.0050132981853264,0.3447603627970602,1.0050132981853264
2015-05-20,1.7593913456966117,0.3381999692072097,1.7593913456966117
2015-05-21,0.829439252336458,0.361942508784735,0.829439252336458
2015-05-22,-1.2397172981114672,0.3607056145031867,1.2397172981114672
2015-05-26,0.2932895354293759,0.3416881237308581,0.2932895354293759
2015-05-27,0.5287168089835047,0.3393309367684318,0.5287168089835047
2015-05-28,-0.5771334155593251,0.3413151646976135,0.5771334155593251
2015-05-29,0.7419890925262743,0.3533294278707343,0.7419890925262743
2015-06-01,-0.0766728624535345,0.376374176539972,0.0766728624535345
2015-06-02,1.0068128444206754,0.3912854324383762,1.0068128444206754
2015-06-03,0.0,0.3918325236553777,0.0
2015-06-04,-1.0911602209944675,0.3487245169686961,1.0911602209944675
2015-06-05,-0.9402783596332064,0.3196618200634342,0.9402783596332064
2015-06-08,-0.6249706310793625,0.2922399851086499,0.6249706310793625
2015-06-09,0.8275014185738638,0.3152631576546764,0.8275014185738638
2015-06-10,1.3670684237677588,0.3130269741844461,1.3670684237677588
2015-06-11,-0.2405792407874325,0.3345433381625622,0.2405792407874325
2015-06-12,-0.8324637681159461,0.3131096869092276,0.8324637681159461
2015-06-15,-0.820745451994573,0.2971048936420988,0.820745451994573
2015-06-16,0.9925733820582326,0.2681761073398762,0.9925733820582326
2015-06-17,0.4528900924456126,0.2622692156138401,0.4528900924456126
2015-06-18,2.3146641877759753,0.2545708794040568,2.3146641877759753
2015-06-19,-0.7404715395448155,0.2536787389994381,0.7404715395448155
2015-06-22,-0.3226544622425751,0.2389107203622184,0.3226544622425751
2015-06-23,2.153401134093993,0.2093343864834639,2.153401134093993
2015-06-24,-1.5506663370564258,0.2235723165262312,1.5506663370564258
2015-06-25,0.8423311342936055,0.2119271359374723,0.8423311342936055
2015-06-26,-1.534770010865638,0.19741838924526,1.534770010865638
2015-06-29,-0.1793185893604208,0.1880900767893647,0.1793185893604208
2015-06-30,1.1860893597420556,0.1719615852204437,1.1860893597420556
2015-07-01,-0.5348810743143266,0.1403165061808032,0.5348810743143266
2015-07-02,-0.4050343249427908,0.1575115310906101,0.4050343249427908
2015-07-06,0.1033936079773788,0.1518445842458352,0.1033936079773788
2015-07-07,-0.3052699228791672,0.1481662751231356,0.3052699228791672
2015-07-08,0.1266259928628979,0.1284231643731535,0.1266259928628979
2015-07-09,1.2853529547022249,0.1159048009393972,1.2853529547022249
2015-07-10,1.770755295239395,0.1375476518413293,1.770755295239395
2015-07-13,3.1296705257757225,0.1662238428153218,3.1296705257757225
2015-07-14,0.1557362865547731,0.1709305190437988,0.1557362865547731
2015-07-15,0.5312715964063474,0.1624287872301053,0.5312715964063474
2015-07-16,2.6208378088077464,0.1876274379237608,2.6208378088077464
2015-07-17,3.1128323215407048,0.2305106711833262,3.1128323215407048
2015-07-20,-0.948088596544651,0.1945927166356084,0.948088596544651
2015-07-21,-0.3914736626357911,0.2292479916850073,0.3914736626357911
2015-07-22,1.166690672647586,0.2288758580063344,1.166690672647586
2015-07-23,17.762274742708385,0.2534136559802219,17.762274742708385
2015-07-24,-8.849893780548891,0.2773400359977312,8.849893780548891
2015-07-27,1.5632401705352967,0.0483631799783311,1.5632401705352967
2015-07-28,-0.9477611940298556,0.0557056050399377,0.9477611940298556
2015-07-29,-0.6159120018081786,0.3021473094092003,0.6159120018081786
2015-07-30,2.1681038567232034,0.2658729492350178,2.1681038567232034
2015-07-31,-0.3042163646144456,0.418700608895109,0.3042163646144456
2015-08-03,-1.4438552423481186,0.3296401449737661,1.4438552423481186
2015-08-04,1.7198738885008238,0.3396837516810761,1.7198738885008238
2015-08-05,0.0927988121751988,0.4354507873306615,0.0927988121751988
2015-08-06,-1.880215093639909,0.4410328966318705,1.880215093639909
2015-08-07,-0.1209464056240079,0.4198170486460904,0.1209464056240079
2015-08-10,-0.9214410050707538,0.4207985310977677,0.9214410050707538
2015-08-11,0.0190967249116738,0.3997807508059157,0.0190967249116738
2015-08-12,0.6911694510739893,0.3923942853080684,0.6911694510739893
2015-08-13,0.1668657678669643,0.3949386485468288,0.1668657678669643
2015-08-14,0.5754850922858399,0.4084714152471833,0.5754850922858399
2015-08-17,0.7058292081537391,0.4117743065538617,0.7058292081537391
2015-08-18,-0.242972488038269,0.4348324083666218,0.242972488038269
2015-08-19,-0.6276464196050527,0.4393697681187385,0.6276464196050527
2015-08-20,-4.342087897584804,0.4188767559655197,4.342087897584804
2015-08-21,-8.628981393882057,0.372835939266411,8.628981393882057
2015-08-24,5.157685836317368,0.3317212369335145,5.157685836317368
2015-08-25,-0.7118094730148338,0.3569032664068894,0.7118094730148338
2015-08-26,6.134044047766623,0.3637096319181047,6.134044047766623
2015-08-27,0.7377703373498623,0.4183378251891042,0.7377703373498623
2015-08-28,-0.2048309178743993,0.4347152775929717,0.2048309178743993
2015-08-31,-3.349856711331417,0.4149257605655749,3.349856711331417
2015-09-01,1.1920503265616835,0.3701186788707082,1.1920503265616835
2015-09-02,1.863034310716907,0.379754108044656,1.863034310716907
2015-09-03,-3.275024295432463,0.4005800724460139,3.275024295432463
2015-09-04,2.2184266050437036,0.3627554769021193,2.2184266050437036
2015-09-08,3.009691560675458,0.3834945989419064,3.009691560675458
2015-09-09,-1.68893129770992,0.4186527332880015,1.68893129770992
2015-09-10,1.1491798505289696,0.4099308025581636,1.1491798505289696
2015-09-11,1.6063100926938862,0.384816058359607,1.6063100926938862
2015-09-14,-1.1691598670293135,0.4019346954244189,1.1691598670293135
2015-09-15,-0.2427138079312039,-0.1443240061169987,0.2427138079312039
2015-09-16,0.9578911069389632,0.1711848830239804,0.9578911069389632
2015-09-17,1.4497703897681182,0.1637764872892548,1.4497703897681182
2015-09-18,1.8162433130073632,0.1988269933701093,1.8162433130073632
2015-09-21,-0.8487498392519305,0.1842730527062418,0.8487498392519305
2015-09-22,-0.2612514127957574,0.1822000301510307,0.2612514127957574
2015-09-23,-1.4397176295745842,0.2572335565417267,1.4397176295745842
2015-09-24,2.2655734615022114,0.2375830232106198,2.2655734615022114
2015-09-25,-4.156145750778693,0.2746877666987539,4.156145750778693
2015-09-28,-2.6960501519172357,0.2208505334724832,2.6960501519172357
2015-09-29,-0.1106719367589021,0.1994309427622489,0.1106719367589021
2015-09-30,1.10003165558722,0.1787811479714809,1.10003165558722
2015-10-01,0.3894324853228925,0.1883265248214193,0.3894324853228925
2015-10-02,4.678453771028672,0.2030232296302032,4.678453771028672
2015-10-05,1.5847594927279822,0.2748447572856206,1.5847594927279822
2015-10-06,-0.6801099908340882,0.303502237410542,0.6801099908340882
2015-10-07,-0.9376326621015572,0.3043824969928538,0.9376326621015572
2015-10-08,-0.4154944010732033,0.2996280293010532,0.4154944010732033
2015-10-09,1.025295614428981,0.2978334170212355,1.025295614428981
2015-10-12,1.166753092821682,0.3187383633048027,1.166753092821682
2015-10-13,0.929960092263762,0.3109566487439845,0.929960092263762
2015-10-14,-0.6511408568215652,0.3145029439003716,0.6511408568215652
2015-10-15,3.198539479689644,0.3229395909670287,3.198539479689644
2015-10-16,0.9712172943902904,0.3570893683964207,0.9712172943902904
2015-10-19,0.2172541873992612,0.3680528508828635,0.2172541873992612
2015-10-20,-1.4213286713286757,0.3784179151945321,1.4213286713286757
2015-10-21,-0.2074946352882709,0.3548452078619926,0.2074946352882709
2015-10-22,9.770748178425444,0.3518731580149691,9.770748178425444
2015-10-23,-2.489962440098439,0.4608028671277839,2.489962440098439
2015-10-26,1.0459903702473894,0.4565557887366808,1.0459903702473894
2015-10-27,0.6079526782780109,0.4759392314785819,0.6079526782780109
2015-10-28,0.8819206271435673,0.4939745615507118,0.8819206271435673
2015-10-29,1.3453132588635195,0.5106383320599267,1.3453132588635195
2015-10-30,0.1789108800178941,0.515743631476538,0.1789108800178941
2015-11-02,0.3826957728062793,0.5044826481165019,0.3826957728062793
2015-11-03,-0.2811621368322393,0.5120724683585671,0.2811621368322393
2015-11-04,3.0807952083598673,0.5189050294035028,3.0807952083598673
2015-11-05,1.2208314016380877,0.5595907040682279,1.2208314016380877
2015-11-06,0.5572519083969387,0.5635066024333913,0.5572519083969387
2015-11-09,-1.1599483792606025,0.5635785809106106,1.1599483792606025
2015-11-10,1.8801554507611309,0.5277672957559945,1.8801554507611309
2015-11-11,1.4700339238597728,0.5540300097624972,1.4700339238597728
2015-11-12,-1.401188707280829,0.5722082786620497,1.401188707280829
2015-11-13,-3.4133550341335512,0.5384537359640346,3.4133550341335512
2015-11-16,1.518130187854957,0.5219233740296362,1.518130187854957
2015-11-17,-0.6362867901329463,0.5259084289427808,0.6362867901329463
2015-11-18,2.85842446365872,0.536641962387642,2.85842446365872
2015-11-19,0.4436156934690773,0.5664835009376904,0.4436156934690773
2015-11-20,0.5329820043716633,0.5626534912791612,0.5329820043716633
2015-11-23,0.3931496649292565,0.5749983641486083,0.3931496649292565
2015-11-24,0.1275699409618158,0.5837993075035345,0.1275699409618158
2015-11-25,0.8592592592592567,0.5852490017047068,0.8592592592592567
2015-11-27,-0.7197414806110384,0.597367360999352,0.7197414806110384
2015-11-30,-0.3180943926616413,0.5864861684213428,0.3180943926616413
2015-12-01,1.0760667903524963,0.4521099808176684,1.0760667903524963
2015-12-02,-0.2290748898678292,0.4624661073272178,0.2290748898678292
2015-12-03,-1.9780996114447311,0.4392810338513345,1.9780996114447311
2015-12-04,1.3123123123123266,0.3802521452457714,1.3123123123123266
2015-12-07,-1.7206627738091729,0.4020947613869978,1.7206627738091729
2015-12-08,2.2423959103041557,0.3578440871517209,2.2423959103041557
2015-12-09,-1.8303834808259585,0.3999205238973194,1.8303834808259585
2015-12-10,-2.1574843372045747,0.3675100208418432,2.1574843372045747
2015-12-11,-1.4557068931099726,0.3025461426517798,1.4557068931099726
2015-12-14,3.627580833657971,0.4910455733713468,3.627580833657971
2015-12-15,-0.2210426597296446,0.3530898229082643,0.2210426597296446
2015-12-16,2.477545361384058,0.3990806590682363,2.477545361384058
2015-12-17,-1.6691176470588311,0.4083141463373922,1.6691176470588311
2015-12-18,-0.0224332610483819,0.403459138645892,0.0224332610483819
2015-12-21,-0.2498130142109011,0.4019437048645299,0.2498130142109011
2015-12-22,-0.0494878754705115,0.3779451766618004,0.0494878754705115
2015-12-23,-0.4726181545386525,0.3841026957536858,0.4726181545386525
2015-12-24,0.3331574583553232,0.391656104981132,0.3331574583553232
2015-12-28,1.86609772221889,0.3809578711863834,1.86609772221889
2015-12-29,2.0516829404997066,0.4125162854496803,2.0516829404997066
2015-12-30,-0.8397288586335818,0.4552522817693157,0.8397288586335818
2015-12-31,-4.342059235074625,0.453655704108279,4.342059235074625
2016-01-04,-1.436864800621673,0.4138251726644019,1.436864800621673
2016-01-05,-3.843180904677989,0.3910314351471096,3.843180904677989
2016-01-06,-0.0321543408360178,0.3644731368061151,0.0321543408360178
2016-01-07,-0.3441621100032143,0.1824737200587582,0.3441621100032143
2016-01-08,-1.158699932220901,0.1748450357694342,1.158699932220901
2016-01-11,2.084966039707421,0.1589902338827918,2.084966039707421
2016-01-12,-0.6989204318272653,0.2006860550754696,0.6989204318272653
2016-01-13,-6.543937636902465,0.2156096295820976,6.543937636902465
2016-01-14,-1.380439465747526,0.1661731266482283,1.380439465747526
2016-01-15,0.8475464839927418,0.2090225781067594,0.8475464839927418
2016-01-19,-2.205895094352706,0.1843284305346578,2.205895094352706
2016-01-20,1.6337089800836293,0.1648747910252819,1.6337089800836293
2016-01-21,2.6413054848495428,0.1315107082535051,2.6413054848495428
2016-01-22,1.5728772102661694,0.1507156040272893,1.5728772102661694
2016-01-25,0.9130587468017848,0.1693282855977748,0.9130587468017848
2016-01-26,-0.2419421658795273,0.2115870470543526,0.2419421658795273
2016-01-27,1.0598182694064773,0.1969017094301064,1.0598182694064773
2016-01-28,-5.9815572759998075,0.1890333101140508,5.9815572759998075
2016-01-29,1.0787090457708264,0.1641800537730723,1.0787090457708264
2016-02-01,-1.4096687710801656,0.1823816056001307,1.4096687710801656
2016-02-02,-2.8947368421052606,0.1431865116956588,2.8947368421052606
2016-02-03,-5.149051490514907,0.1421782814869978,5.149051490514907
2016-02-04,0.81523809523809,0.0889372060676734,0.81523809523809
2016-02-05,-8.088346432889962,0.0707706423426977,8.088346432889962
2016-02-08,-1.7390589347750047,0.0400167347071871,1.7390589347750047
2016-02-09,2.8765088596472874,0.0163862876438213,2.8765088596472874
2016-02-10,-0.1199772246624463,0.0217751781505872,0.1199772246624463
2016-02-11,3.976220046012589,-0.0056685965812137,3.976220046012589
2016-02-12,1.719208928921089,0.0089829458474162,1.719208928921089
2016-02-16,1.7825517825517865,0.0259973989708638,1.7825517825517865
2016-02-17,2.3546544615500955,0.0100559278244569,2.3546544615500955
2016-02-18,-3.784253219756466,0.0483282222238523,3.784253219756466
2016-02-19,4.127057287165603,-0.0121299466854936,4.127057287165603
2016-02-22,2.4621910734046493,0.1242683340540185,2.4621910734046493
2016-02-23,-1.764017640176396,0.1891624887957595,1.764017640176396
2016-02-24,1.7901969766376489,0.1649917953929383,1.7901969766376489
2016-02-25,0.8280529953917066,0.1576491859090047,0.8280529953917066
2016-02-26,-1.0926230093551417,0.1489213543941247,1.0926230093551417
2016-02-29,0.4133574007220202,0.1117787063330549,0.4133574007220202
2016-03-01,4.576749537111937,0.0503050246806134,4.576749537111937
2016-03-02,-0.6514825956166701,0.1030084240497022,0.6514825956166701
2016-03-03,0.5380995224583015,0.1059723370530501,0.5380995224583015
2016-03-04,-1.295885177345243,0.1146496942827023,1.295885177345243
2016-03-07,-2.7321546884262653,0.0897330819982136,2.7321546884262653
2016-03-08,0.3029379604567445,0.0471892890702813,0.3029379604567445
2016-03-09,1.2831510472514054,0.0358574804775459,1.2831510472514054
2016-03-10,0.0370540283022211,0.0486723105149638,0.0370540283022211
2016-03-11,0.0088191198518432,0.0210603449908056,0.0088191198518432
2016-03-14,0.7054673721340362,0.0131572303839099,0.7054673721340362
2016-03-15,0.9877408056042032,0.022400104837998,0.9877408056042032
2016-03-16,-1.2364733629300793,0.0446454161158608,1.2364733629300793
2016-03-17,-1.5048023739706051,0.0321806512115248,1.5048023739706051
2016-03-18,-2.1446143972617446,-0.0109350998001874,2.1446143972617446
2016-03-21,-0.6922810661128336,0.0302637311473891,0.6922810661128336
2016-03-22,2.915007980040723,-0.0024400119709018,2.915007980040723
2016-03-23,1.08912655971479,0.0155166742966765,1.08912655971479
2016-03-24,3.0487912397947476,0.0084848617512589,3.0487912397947476
2016-03-28,-0.7272416153319595,0.0137080047782296,0.7272416153319595
2016-03-29,2.8544341980522256,0.0028816064517353,2.8544341980522256
2016-03-30,0.430694977459734,0.0215693048086262,0.430694977459734
2016-03-31,-1.466760112134558,0.0299047281800471,1.466760112134558
2016-04-01,1.4411759724974158,-0.0257349115503707,1.4411759724974158
2016-04-04,-1.3739565943238738,-0.0300210174301781,1.3739565943238738
2016-04-05,-0.5501294920188834,-0.051653444535806,0.5501294920188834
2016-04-06,1.9131263616557652,-0.0387338789523014,1.9131263616557652
2016-04-07,-0.741532500501028,-0.0444453680371425,0.741532500501028
2016-04-08,0.3062323327500253,-0.0704986816217476,0.3062323327500253
2016-04-11,0.3791055792263666,-0.0439822182468864,0.3791055792263666
2016-04-12,1.5508021390374285,0.0391678309270498,1.5508021390374285
2016-04-13,1.2161005792522337,0.0346505030502968,1.2161005792522337
2016-04-14,1.1136943762498617,0.0603331696566473,1.1136943762498617
2016-04-15,0.551517880113192,0.0377841449960853,0.551517880113192
2016-04-18,1.8853442072439468,0.0401663802716623,1.8853442072439468
2016-04-19,-1.120632827949899,0.0518040665749609,1.120632827949899
2016-04-20,0.158730158730161,0.0318939006872567,0.158730158730161
2016-04-21,-1.034865293185418,0.0397574381267135,1.034865293185418
2016-04-22,-1.258667349912728,0.0170148232171258,1.258667349912728
2016-04-25,1.5504127406302135,0.0109424517821284,1.5504127406302135
2016-04-26,-2.2949039398246445,0.0421569827480989,2.2949039398246445
2016-04-27,0.611310885910432,-0.0124234307933676,0.611310885910432
2016-04-28,8.197680085778329,0.0034884206746824,8.197680085778329
2016-04-29,-0.3123123123123099,0.0683343386945893,0.3123123123123099
2016-05-02,2.024340281961695,0.0415730258194291,2.024340281961695
2016-05-03,-2.180524388803596,0.079024903898766,2.180524388803596
2016-05-04,1.6178934182526188,0.030361876351867,1.6178934182526188
2016-05-05,-2.5634551692385363,0.0661393859120294,2.5634551692385363
2016-05-06,2.728450575413447,0.0666374301852665,2.728450575413447
2016-05-09,2.974998145263016,0.1102372090058435,2.974998145263016
2016-05-10,1.698847262247821,0.099280383974012,1.698847262247821
2016-05-11,1.642131512206189,0.1170173657634294,1.642131512206189
2016-05-12,-0.3819454124731675,0.102828900565752,0.3819454124731675
2016-05-13,-0.6310869808574855,0.1203164994843493,0.6310869808574855
2016-05-16,-0.0323884359201981,0.1153932736523331,0.0323884359201981
2016-05-17,-2.8651922806028907,0.1217269789491887,2.8651922806028907
2016-05-18,0.3364464296072848,0.1069659421884149,0.3364464296072848
2016-05-19,1.325374342371512,0.1302971775430886,1.325374342371512
2016-05-20,0.4564581698880153,0.1597472135797506,0.4564581698880153
2016-05-23,-0.8860489882854032,0.162641271138016,0.8860489882854032
2016-05-24,1.4312115872265372,0.1430467285670812,1.4312115872265372
2016-05-25,0.0466101694915271,0.1831420222894021,0.0466101694915271
2016-05-26,0.9416514901246616,0.2000080964083394,0.9416514901246616
2016-05-27,-0.3734265734265677,0.2333906888049867,0.3734265734265677
2016-05-31,1.203094071567952,0.243696671458454,1.203094071567952
2016-06-01,0.0097100846164388,0.2718115304384273,0.0097100846164388
2016-06-02,0.8003106925392353,0.2824926658597614,0.8003106925392353
2016-06-03,-0.0330241902193369,0.3084142371385185,0.0330241902193369
2016-06-06,0.4666207845836181,0.3011573647802146,0.4666207845836181
2016-06-07,-0.4781542424200958,0.3186024776984619,0.4781542424200958
2016-06-08,-0.4542951541850197,0.3411205534315036,0.4542951541850197
2016-06-09,-0.1037200940395558,0.3447250100428339,0.1037200940395558
2016-06-10,-1.154564961583724,0.3472109930358067,1.154564961583724
2016-06-13,-0.2352908222573803,0.3320365688344068,0.2352908222573803
2016-06-14,1.3575168812207807,0.3251777009788947,1.3575168812207807
2016-06-15,-1.378116343490311,0.3426540292553069,1.378116343490311
2016-06-16,0.8622989958570386,0.3238377910217466,0.8622989958570386
2016-06-17,-0.6530305350951814,0.3349879767345288,0.6530305350951814
2016-06-20,0.3111422564821421,0.3254305694431503,0.3111422564821421
2016-06-21,0.1201587212876523,0.3251793030021135,0.1201587212876523
2016-06-22,-0.1507159005275113,0.3251125624836925,0.1507159005275113
2016-06-23,-3.1446540880503147,0.3110442732256636,3.1446540880503147
2016-06-24,-0.1428571428571483,0.2873586941933568,0.1428571428571483
2016-06-27,1.1546075923758423,0.2762454633516278,1.1546075923758423
2016-06-28,2.250000000000004,0.2333267029425116,2.250000000000004
2016-06-29,0.2025847013622019,0.3302882735544369,0.2025847013622019
2016-06-30,0.0167317345231462,0.3621413154141248,0.0167317345231462
2016-07-01,0.7639547203479644,0.3681719129027609,0.7639547203479644
2016-07-05,0.4026009961261715,0.3597938282521029,0.4026009961261715
2016-07-06,1.876782736905939,0.3562142798320354,1.876782736905939
2016-07-07,0.109558654457399,0.3574573564654756,0.109558654457399
2016-07-08,1.3321803983030296,0.3515425122357264,1.3321803983030296
2016-07-11,0.914666666666676,0.360487646469988,0.914666666666676
2016-07-12,-1.3344607985624886,0.3645270325086507,1.3344607985624886
2016-07-13,0.2812148481439736,0.3683317939332665,0.2812148481439736
2016-07-14,-0.3084688726864761,0.3454633606818872,0.3084688726864761
2016-07-15,-1.481481481481474,0.3228139320750114,1.481481481481474
2016-07-18,-0.4065316999551409,0.3180394307823549,0.4065316999551409
2016-07-19,1.569965870307175,0.2978442061378268,1.569965870307175
2016-07-20,0.470430107526874,0.3094909253363946,0.470430107526874
2016-07-21,0.0387959866220687,0.3178563787539797,0.0387959866220687
2016-07-22,-0.165821955361793,0.3128764104225583,0.165821955361793
2016-07-25,-0.5143660839863377,0.2612021435096526,0.5143660839863377
2016-07-26,-0.6382033364301056,0.2600938020715054,0.6382033364301056
2016-07-27,1.0854099760152878,0.2502700960973699,1.0854099760152878
2016-07-28,2.549666210890374,0.2682705752513015,2.549666210890374
2016-07-29,-0.6705882352941245,0.3296798282085748,0.6705882352941245
2016-08-01,0.5185097450879828,0.3225414880786723,0.5185097450879828
2016-08-02,-0.8837276285987316,0.3151801156883763,0.8837276285987316
2016-08-03,-0.4438221541225246,0.307075240827997,0.4438221541225246
2016-08-04,1.4740612975985006,0.3023864996580607,1.4740612975985006
2016-08-05,0.2615028569187155,0.3143653621355138,0.2615028569187155
2016-08-08,0.0756380328895123,0.3140716754773678,0.0756380328895123
2016-08-09,0.3140515253000425,0.320084844958485,0.3140515253000425
2016-08-10,0.0181865419589449,0.3285605977111083,0.0181865419589449
2016-08-11,-0.1922227706054967,0.3404427504821512,0.1922227706054967
2016-08-12,0.4476485438409209,0.3320132926483555,0.4476485438409209
2016-08-15,-0.424925508485559,0.3218420994053137,0.424925508485559
2016-08-16,-0.5477349015117904,0.3032648688340553,0.5477349015117904
2016-08-17,-0.0536361376748038,0.2761482167605686,0.0536361376748038
2016-08-18,-0.2748691099476544,0.2692926168388695,0.2748691099476544
2016-08-19,-0.5775036093975557,0.2368241545281865,0.5775036093975557
2016-08-22,0.7669966996699711,0.222414529026924,0.7669966996699711
2016-08-23,-0.0406125951448375,0.2368451133651834,0.0406125951448375
2016-08-24,-0.9174311926605542,0.2211690390641495,0.9174311926605542
2016-08-25,0.5357142857142873,0.2143529688917373,0.5357142857142873
2016-08-26,1.140714426682461,0.2137865177286065,1.140714426682461
2016-08-29,0.3031012592361381,0.2139360604573115,0.3031012592361381
2016-08-30,-0.5771350755463425,0.2190201935568348,0.5771350755463425
2016-08-31,0.5609183407252893,0.2012509945075319,0.5609183407252893
2016-09-01,0.4163964197690983,0.1739158063570819,0.4163964197690983
2016-09-02,-0.0090426425185115,0.1729567290201255,0.0090426425185115
2016-09-06,2.0011885690662066,0.1624988446721108,2.0011885690662066
2016-09-07,-0.7143490431016011,0.2044908378542923,0.7143490431016011
2016-09-08,-0.5778872035617099,0.1821134425639289,0.5778872035617099
2016-09-09,-2.8241120919729106,0.1621261802688733,2.8241120919729106
2016-09-12,1.5078893510266005,0.1291848176297877,1.5078893510266005
2016-09-13,-0.8546119125356043,0.1485044809433463,0.8546119125356043
2016-09-14,-0.0262398320650695,0.1368925620551031,0.0262398320650695
2016-09-15,1.4803149606299213,0.1361484896863143,1.4803149606299213
2016-09-16,0.8651458721291083,0.1492950793090511,0.8651458721291083
2016-09-19,-0.5089939356641994,0.1617587222271784,0.5089939356641994
2016-09-20,0.9342783505154748,0.149777730578253,0.9342783505154748
2016-09-21,1.4069581870411796,0.1509721110447658,1.4069581870411796
2016-09-22,1.1154896949400022,0.1667088010440013,1.1154896949400022
2016-09-23,-0.1656020818547378,0.1690627163238431,0.1656020818547378
2016-09-26,0.0062359690695877,0.1762131398957225,0.0062359690695877
2016-09-27,2.014092411298865,0.1661520378450195,2.014092411298865
2016-09-28,1.2542787286063524,0.2023845675383946,1.2542787286063524
2016-09-29,0.5251974017820519,0.2007174954712964,0.5251974017820519
2016-09-30,0.4071534091591485,0.1887110035483417,0.4071534091591485
2016-10-03,0.587320574162679,0.1794690951859977,0.587320574162679
2016-10-04,-0.3460536799419638,0.1715027707967411,0.3460536799419638
2016-10-05,0.6801909307875983,0.1685297875537961,0.6801909307875983
2016-10-06,0.2477183833115905,0.1810508189072444,0.2477183833115905
2016-10-07,-0.3003109518911204,0.1850740465154116,0.3003109518911204
2016-10-10,-0.2644530091906302,0.2074390430324356,0.2644530091906302
2016-10-11,-0.8347007205536112,0.2007221104519601,0.8347007205536112
2016-10-12,-0.5995203836930455,0.178516705549157,0.5995203836930455
2016-10-13,0.7334137515078285,0.1676938366003729,0.7334137515078285
2016-10-14,-1.6261915026105165,0.184788843587961,1.6261915026105165
2016-10-17,0.0742544126597599,0.1537018498132554,0.0742544126597599
2016-10-18,-0.2080013623480948,0.1539638004816675,0.2080013623480948
2016-10-19,-0.7813261823500796,0.1419877880352724,0.7813261823500796
2016-10-20,-0.5688030565485988,0.1380749907870424,0.5688030565485988
2016-10-21,1.926213304339228,0.1200497129958114,1.926213304339228
2016-10-24,1.7394993635977964,0.1393808911106625,1.7394993635977964
2016-10-25,-0.7792207792207918,0.1488074566465039,0.7792207792207918
2016-10-26,-0.1825255775973882,0.1413912449257193,0.1825255775973882
2016-10-27,-5.923680284875599,0.1348500430988152,5.923680284875599
2016-10-28,-0.1240409207161232,0.0852527359363537,0.1240409207161232
2016-10-31,2.3008079075067687,0.089457758352556,2.3008079075067687
2016-11-01,-1.886107634543185,0.1006694643368582,1.886107634543185
2016-11-02,-2.408378299082833,0.100859102146946,2.408378299082833
2016-11-03,-0.2954055290503877,0.0945083485765193,0.2954055290503877
2016-11-04,1.1602144758059298,0.0754256301214582,1.1602144758059298
2016-11-07,1.7274895028769872,0.0959924466570008,1.7274895028769872
2016-11-08,-2.671439672853732,0.0994624981754865,2.671439672853732
2016-11-09,1.9384816753926628,0.0914433033551701,1.9384816753926628
2016-11-10,-5.531516030867615,0.1011669297839309,5.531516030867615
2016-11-11,1.329291995704958,0.0972479075328175,1.329291995704958
2016-11-14,-2.080454990543389,0.1001788467121544,2.080454990543389
2016-11-15,1.353424657534246,0.1603993787672276,1.353424657534246
2016-11-16,1.2758825755527958,0.159709584614745,1.2758825755527958
2016-11-17,1.558746596914525,0.1513536409365308,1.558746596914525
2016-11-18,0.657030223390276,0.1325347837690397,0.657030223390276
2016-11-21,2.894255874673628,0.1280019610624247,2.894255874673628
2016-11-22,-0.8170826090817861,0.1378039823429475,0.8170826090817861
2016-11-23,0.6101851022731682,0.1258544005251707,0.6101851022731682
2016-11-25,-1.209154481881764,0.1216700903325281,1.209154481881764
2016-11-28,-1.1570290479928969,0.0918552886821859,1.1570290479928969
2016-11-29,-0.7812499999999927,0.084161854517257,0.7812499999999927
2016-11-30,-1.2585301837270382,0.05663338989752,1.2585301837270382
2016-12-01,-1.1974854135378268,0.03354129892702,1.1974854135378268
2016-12-02,0.215227333871397,0.0459637660036342,0.215227333871397
2016-12-05,2.548993288590605,0.0396078146097735,2.548993288590605
2016-12-06,0.0732993887354512,0.0759810615989923,0.0732993887354512
2016-12-07,0.9574259368255827,0.1085422539335305,0.9574259368255827
2016-12-08,-0.2422687758301237,0.1205625778181468,0.2422687758301237
2016-12-09,-0.4675324675324668,0.0928604063102039,0.4675324675324668
2016-12-12,-0.1878914405010509,0.080161120698676,0.1878914405010509
2016-12-13,1.7373457435683013,0.0781055383505957,1.7373457435683013
2016-12-14,-1.5380661741085804,0.0998739119413012,1.5380661741085804
2016-12-15,-0.1670407683875347,0.0911963467744415,0.1670407683875347
2016-12-16,-0.7986928104575218,0.0944471856947622,0.7986928104575218
2016-12-19,1.2860888929884424,0.0787858338238897,1.2860888929884424
2016-12-20,0.1756326026149809,0.0430736775078409,0.1756326026149809
2016-12-21,-0.2441558441558472,0.0605434300038091,0.2441558441558472
2016-12-22,-0.464771129511013,0.0485527413995757,0.464771129511013
2016-12-23,-0.1504152769602967,0.0663573630972789,0.1504152769602967
2016-12-27,1.683259104008379,0.0723486924368146,1.683259104008379
2016-12-28,-0.4959742351046765,0.0590630252752956,0.4959742351046765
2016-12-29,-0.7677369238736268,0.0468567128081778,0.7677369238736268
2016-12-30,-1.1155035422130075,0.0361549246527257,1.1155035422130075
2017-01-03,0.0620118218281573,0.0146500032109356,0.0620118218281573
2017-01-04,0.4166721607616167,0.0127541876076292,0.4166721607616167
2017-01-05,2.7325848598253604,0.0211019373307626,2.7325848598253604
2017-01-06,1.9990797075515017,0.0441114559490676,1.9990797075515017
2017-01-09,-0.1754385964912287,0.0690912842657741,0.1754385964912287
2017-01-10,-0.3690685413005234,0.0812137055583214,0.3690685413005234
2017-01-11,0.8378902804727544,0.0803939788377178,0.8378902804727544
2017-01-12,1.75057165348427,0.094420201777466,1.75057165348427
2017-01-13,0.1694665487768825,0.1218536359607534,0.1694665487768825
2017-01-17,-0.7600833639818443,0.1125265044277142,0.7600833639818443
2017-01-18,0.0617665225447772,0.1065012636319225,0.0617665225447772
2017-01-19,0.651851851851859,0.1245443574958983,0.651851851851859
2017-01-20,-1.0401334510842888,0.1239332638837744,1.0401334510842888
2017-01-23,1.88398611799702,0.0944675945316938,1.88398611799702
2017-01-24,0.4610705596106942,0.1109285081255323,0.4610705596106942
2017-01-25,1.1794766223858413,0.1247637448698722,1.1794766223858413
2017-01-26,0.4153052553469156,0.1317654132631298,0.4153052553469156
2017-01-27,-0.7151370679380316,0.1352006271029163,0.7151370679380316
2017-01-30,-1.110444177671065,0.1288941076044311,1.110444177671065
2017-01-31,0.6628224582701141,0.0918547317281029,0.6628224582701141
2017-02-01,0.8900037384980879,0.1083250003235341,0.8900037384980879
2017-02-02,-3.5704466943186133,0.1264283089829525,3.5704466943186133
2017-02-03,0.3817929393098063,0.1191624563695432,0.3817929393098063
2017-02-06,-0.0605087675969456,0.0993622248180248,0.0605087675969456
2017-02-07,0.4176397177842954,0.1104373434662835,0.4176397177842954
2017-02-08,1.0963590052787546,0.109668596927729,1.0963590052787546
2017-02-09,0.2702044790652488,0.101376404438796,0.2702044790652488
2017-02-10,0.9468087689058302,0.0905207889375733,0.9468087689058302
2017-02-13,0.6469300882614616,0.1046799558522522,0.6469300882614616
2017-02-14,-0.3584229390680969,0.0982441191719361,0.3584229390680969
2017-02-15,0.9400479616306856,0.0779484645689685,0.9400479616306856
2017-02-16,0.0190059868858753,0.0742580305302752,0.0190059868858753
2017-02-17,0.8123515439429899,0.0741909210288813,0.8123515439429899
2017-02-21,0.9554215164224034,0.0799973083469892,0.9554215164224034
2017-02-22,0.0723496119960462,0.0713805300156652,0.0723496119960462
2017-02-23,-1.501918210758318,0.0583425663365933,1.501918210758318
2017-02-24,-0.2734731084776599,0.0313603742947704,0.2734731084776599
2017-02-27,1.076711222963504,0.0237498305553513,1.076711222963504
2017-02-28,0.187914733689601,0.031183830341531,0.187914733689601
2017-03-01,0.0035167926850713,0.0408413238419824,0.0035167926850713
2017-03-02,-0.6892671261780935,0.0742802535363014,0.6892671261780935
2017-03-03,-0.2325306893295594,0.0677407353222518,0.2325306893295594
2017-03-06,0.0295777480685797,0.0711454588946353,0.0295777480685797
2017-03-07,0.2980555424137712,0.0779450640675911,0.2980555424137712
2017-03-08,0.353773584905657,0.0907734177864446,0.353773584905657
2017-03-09,0.7050528789659325,0.1033352599362311,0.7050528789659325
2017-03-10,-0.6102683780630059,0.1176703670573075,0.6102683780630059
2017-03-13,0.2089766016647654,0.1096114802704386,0.2089766016647654
2017-03-14,0.0913830472731567,0.1153435420019199,0.0913830472731567
2017-03-15,0.1135392646869408,0.1186670959545492,0.1135392646869408
2017-03-16,-0.2116216532210889,0.1230569065323909,0.2116216532210889
2017-03-17,-0.2319886583322681,0.1173821766195779,0.2319886583322681
2017-03-20,0.8608237131683764,0.1044601982496457,0.8608237131683764
2017-03-21,-2.143589027059748,0.122782960467129,2.143589027059748
2017-03-22,0.9245267303642024,0.0856291338509436,0.9245267303642024
2017-03-23,0.4102805941994968,0.1065355316932383,0.4102805941994968
2017-03-24,-1.5980180349427062,0.1134048527954202,1.5980180349427062
2017-03-27,1.632321882420317,0.0917991593005875,1.632321882420317
2017-03-28,0.8570589961843311,0.1117916906163994,0.8570589961843311
2017-03-29,1.8508817880216557,0.1306363873540441,1.8508817880216557
2017-03-30,0.2342991028058726,0.1635113394740852,0.2342991028058726
2017-03-31,1.254275940706949,0.1673247880291947,1.254275940706949
2017-04-03,0.3941441441441538,0.1789644021975202,0.3941441441441538
2017-04-04,2.167134043746481,0.1778820898924386,2.167134043746481
2017-04-05,0.3271777079993871,0.2076766146343823,0.3271777079993871
2017-04-06,-1.548478879404675,0.2029421999053377,1.548478879404675
2017-04-07,-0.0022230867559712,0.2063778376790985,0.0022230867559712
2017-04-10,0.8236719540255435,0.1967593563950262,0.8236719540255435
2017-04-11,-0.4354824484035942,0.2203887426690018,0.4354824484035942
2017-04-12,-1.2889080822509402,0.2045451752683994,1.2889080822509402
2017-04-13,-0.4430983229569757,0.1793818793140989,0.4430983229569757
2017-04-17,1.5200000000000042,0.162595061342614,1.5200000000000042
2017-04-18,0.7602748088214101,0.1750553440247466,0.7602748088214101
2017-04-19,-0.896633768064865,0.1467546824357104,0.896633768064865
2017-04-20,0.3301100366788896,0.1516670638676566,0.3301100366788896
2017-04-21,0.6658025635060422,0.1520515087982472,0.6658025635060422
2017-04-24,-0.1804815776731098,0.1686703227718586,0.1804815776731098
2017-04-25,0.3594108308343707,0.1753845648176438,0.3594108308343707
2017-04-26,0.4493024277710555,0.1857083878156786,0.4493024277710555
2017-04-27,3.7664453898227266,0.2003971297715926,3.7664453898227266
2017-04-28,-2.216413899223248,0.2494271954631738,2.216413899223248
2017-05-01,2.031256736365587,0.2224265459604155,2.031256736365587
2017-05-02,-0.0682409263864197,0.2129487129033093,0.0682409263864197
2017-05-03,-0.1321353065539112,0.2128953018888558,0.1321353065539112
2017-05-04,-0.4477374966922335,0.2016077880782085,0.4477374966922335
2017-05-05,0.0457193892740102,0.1994796324743692,0.0457193892740102
2017-05-08,1.2593655348318211,0.2046427641005053,1.2593655348318211
2017-05-09,0.0734676742233345,0.2182053059570804,0.0734676742233345
2017-05-10,-0.8799160985841622,0.2030241327598377,0.8799160985841622
2017-05-11,0.9935351440573132,0.2091268873263921,0.9935351440573132
2017-05-12,0.4431639601885823,0.220683207817542,0.4431639601885823
2017-05-15,0.2367715623793869,0.2332784338081627,0.2367715623793869
2017-05-16,-0.6555671175858434,0.2221995880248293,0.6555671175858434
2017-05-17,-1.0369749659578873,0.2139401590265183,1.0369749659578873
2017-05-18,1.909398814563931,0.2065547099791557,1.909398814563931
2017-05-19,0.1204769224377878,0.2308078247413261,0.1204769224377878
2017-05-22,1.1431535269709436,0.233532272956738,1.1431535269709436
2017-05-23,0.1005107587536655,0.2279852254699809,0.1005107587536655
2017-05-24,0.9067622950819724,0.2343424776692051,0.9067622950819724
2017-05-25,1.0306137990556945,0.250750229701616,1.0306137990556945
2017-05-26,0.1517587939698454,0.272379505646925,0.1517587939698454
2017-05-30,0.3502222757423445,0.2737539693482962,0.3502222757423445
2017-05-31,-0.1410000000000053,0.2669062750679872,0.1410000000000053
2017-06-01,0.0400564796362934,0.2476645970894363,0.0400564796362934
2017-06-02,0.8248330814122244,0.2273287972917142,0.8248330814122244
2017-06-05,0.4735760451932566,0.2375587215458471,0.4735760451932566
2017-06-06,-0.5978260869565256,0.2460448605048046,0.5978260869565256
2017-06-07,0.607386052984745,0.2314298997713035,0.607386052984745
2017-06-08,0.0434756832598827,0.2193116295738692,0.0434756832598827
2017-06-09,-4.493827160493824,0.2185921459972641,4.493827160493824
2017-06-12,1.1365046535677392,0.183584407187935,1.1365046535677392
2017-06-13,1.0838556631458276,0.1928349613720443,1.0838556631458276
2017-06-14,-3.023498113474737,0.197271708427753,3.023498113474737
2017-06-15,3.890685303014488,0.1744989256414284,3.890685303014488
2017-06-16,2.108433734939768,0.1737290894442839,2.108433734939768
2017-06-19,-1.868239921337272,0.1776764861963533,1.868239921337272
2017-06-20,0.0701402805611296,0.1529602201453587,0.0701402805611296
2017-06-21,0.3534594973465449,0.151434255141496,0.3534594973465449
2017-06-22,0.0309310238168942,0.1598377604309554,0.0309310238168942
2017-06-23,0.5944899954116438,0.1674210931260353,0.5944899954116438
2017-06-26,-1.7659890927119404,0.1678157331793148,1.7659890927119404
2017-06-27,-1.2254085536343342,0.1461103579176637,1.2254085536343342
2017-06-28,0.0459864084615009,0.2263824052708413,0.0459864084615009
2017-06-29,0.1144024514810978,0.2212071942153769,0.1144024514810978
2017-06-30,-0.7478676080479983,0.2258208368668514,0.7478676080479983
2017-07-03,-1.157495451227902,0.1671511378086998,1.157495451227902
2017-07-05,0.3255228646011961,0.1420666659561307,0.3255228646011961
2017-07-06,0.5069143532436344,0.1399227721500428,0.5069143532436344
2017-07-07,1.5935227682945714,0.1314176691241563,1.5935227682945714
2017-07-10,0.8121827411167484,0.1399724624757909,0.8121827411167484
2017-07-11,0.7703927492447136,0.1561138383743825,0.7703927492447136
2017-07-12,0.3967421176235502,0.1518610787854879,0.3967421176235502
2017-07-13,-0.2209790766658123,0.156839439301204,0.2209790766658123
2017-07-14,0.2284517158818827,0.1438133606103143,0.2284517158818827
2017-07-17,0.130388478038002,0.1321431723179788,0.130388478038002
2017-07-18,1.8886679920477192,0.1303301461904224,1.8886679920477192
2017-07-19,0.6429268292682986,0.1777251458182292,0.6429268292682986
2017-07-20,-0.9994280673523452,0.1915901968933856,0.9994280673523452
2017-07-21,0.6912893623687951,0.165950567789761,0.6912893623687951
2017-07-24,0.944240231829943,0.1697066068985023,0.944240231829943
2017-07-25,0.4961225374500133,0.1791239287606671,0.4961225374500133
2017-07-26,2.5258819018404957,0.1959999717964477,2.5258819018404957
2017-07-27,-5.367677995418633,0.2270446869462091,5.367677995418633
2017-07-28,0.6827118778034684,0.1402986148215798,0.6827118778034684
2017-07-31,-2.2511162357097265,0.1385832122120881,2.2511162357097265
2017-08-01,0.5682103382156614,0.1164139089601106,0.5682103382156614
2017-08-02,-0.2295936192938538,0.1097376074869131,0.2295936192938538
2017-08-03,-0.9795191451469272,0.1148618620725549,0.9795191451469272
2017-08-04,0.0980114784576774,0.1023570974096306,0.0980114784576774
2017-08-07,0.3734921516176294,0.1006505850177025,0.3734921516176294
2017-08-08,-1.1816764720671766,0.1036792338510469,1.1816764720671766
2017-08-09,-0.6415631996743423,0.094396049403884,0.6415631996743423
2017-08-10,-1.669165908699817,0.0894031277546632,1.669165908699817
2017-08-11,1.9177083333333271,0.0730613218883882,1.9177083333333271
2017-08-14,1.0721476681554836,0.1126978420470055,1.0721476681554836
2017-08-15,-0.7331378299120177,0.1124670848116383,0.7331378299120177
2017-08-16,-0.3881220394234199,0.1065222689672849,0.3881220394234199
2017-08-17,-1.6812566473042678,0.1181236787337969,1.6812566473042678
2017-08-18,-0.3983773663407484,0.0867994734938715,0.3983773663407484
2017-08-21,-0.2140835656923235,0.0730618372725964,0.2140835656923235
2017-08-22,0.4039685197588702,0.0492982446477725,0.4039685197588702
2017-08-23,-0.2042986095186453,0.0471437172330145,0.2042986095186453
2017-08-24,-0.1483152639385119,0.0324254689348884,0.1483152639385119
2017-08-25,-0.9895397489539728,0.0213694868691794,0.9895397489539728
2017-08-28,-0.6909375198089847,-0.0127584967839589,0.6909375198089847
2017-08-29,1.961702127659568,-0.0204782352538071,1.961702127659568
2017-08-30,1.696506823588336,0.0217536123781298,1.696506823588336
2017-08-31,0.9746588693957144,0.0293640376803417,0.9746588693957144
2017-09-01,-0.8941272099166789,0.0303027617544839,0.8941272099166789
2017-09-05,-0.7258560590527092,0.0293893330774356,0.7258560590527092
2017-09-06,0.5865829477858684,0.0341174189331592,0.5865829477858684
2017-09-07,0.523613963039005,0.0357299206666692,0.523613963039005
2017-09-08,-0.4739046062710639,0.0274843660056608,0.4739046062710639
2017-09-11,0.9040904706196254,0.017614731807764,0.9040904706196254
2017-09-12,0.0711910258626902,0.0365131233356475,0.0711910258626902
2017-09-13,1.3039015417136712,0.0343029591541262,1.3039015417136712
2017-09-14,-0.3802166934189455,0.0429289133561061,0.3802166934189455
2017-09-15,-0.2628372322534473,0.044698793001633,0.2628372322534473
2017-09-18,-1.32774636510502,0.0411559778804736,1.32774636510502
2017-09-19,-0.5587106676899384,0.014306251698214,0.5587106676899384
2017-09-20,-0.0493933874602556,-0.0296281590916324,0.0493933874602556
2017-09-21,-1.0604235516982232,-0.0077317882263103,1.0604235516982232
2017-09-22,-1.2174691210289192,-0.0416931544541132,1.2174691210289192
2017-09-25,-0.402397530838178,-0.0514661191087344,0.402397530838178
2017-09-26,0.2654708140752314,-0.0550885034044092,0.2654708140752314
2017-09-27,0.4071729957806012,-0.049095910754731,0.4071729957806012
2017-09-28,0.8667240980816386,-0.0492532674344683,0.8667240980816386
2017-09-29,0.4051619085313245,-0.0527569648775473,0.4051619085313245
2017-10-02,-0.6224066390041582,-0.0443427671917318,0.6224066390041582
2017-10-03,-0.3956158663882992,-0.0441616951354405,0.3956158663882992
2017-10-04,1.654772010354108,-0.0621162788680162,1.654772010354108
2017-10-05,0.5814432989690649,-0.0441384549807074,0.5814432989690649
2017-10-06,1.8039440777335956,-0.0364418472673877,1.8039440777335956
2017-10-09,0.3453344609560665,-0.0136276320776542,0.3453344609560665
2017-10-10,-0.5418042080126885,-0.006339065688616,0.5418042080126885
2017-10-11,0.5588790137903922,-0.0293806590200255,0.5588790137903922
2017-10-12,1.0222610126302962,-0.0309481645385365,1.0222610126302962
2017-10-13,0.1429990069513319,-0.0314250172548027,0.1429990069513319
2017-10-16,-0.2826147316647461,-0.0321057262669163,0.2826147316647461
2017-10-17,0.3659543153770515,-0.0455372092446291,0.3659543153770515
2017-10-18,-1.9093007817531549,-0.0533014339093362,1.9093007817531549
2017-10-19,0.3565656565656509,-0.0813543155062198,0.3565656565656509
2017-10-20,-0.6844282507825558,-0.0845970662947185,0.6844282507825558
2017-10-23,-1.7968441214921975,-0.0909630146263448,1.7968441214921975
2017-10-24,0.928792569659434,-0.1127372047474255,0.928792569659434
2017-10-25,0.2382413087934602,-0.1166260231534298,0.2382413087934602
2017-10-26,7.937123213611735,-0.1142834745517633,7.937123213611735
2017-10-27,3.484416050806143,0.0334918519060331,3.484416050806143
2017-10-30,1.2776139030693792,0.0420551995540373,1.2776139030693792
2017-10-31,-0.3246167718665459,0.0437958578192694,0.3246167718665459
2017-11-01,-0.68662927447078,0.0474324711166976,0.68662927447078
2017-11-02,-0.6066623550523415,0.0264703791163303,0.6066623550523415
2017-11-03,1.6496357054483906,0.0180760204218577,1.6496357054483906
2017-11-06,1.4055808502006018,0.0772408994638629,1.4055808502006018
2017-11-07,-0.1707061187474503,0.0669261518110863,0.1707061187474503
2017-11-08,0.2796530165120029,0.0453228898848752,0.2796530165120029
2017-11-09,0.0124338342392232,0.0680105401064787,0.0124338342392232
2017-11-10,-0.2752863866441721,0.0673484431950784,0.2752863866441721
2017-11-13,0.6331255565449675,0.0600235960069708,0.6331255565449675
2017-11-14,-0.2743095804833178,0.0661461395329784,0.2743095804833178
2017-11-15,0.2795006255490297,0.0579856224087805,0.2795006255490297
2017-11-16,0.7184823387838869,0.0771672110116526,0.7184823387838869
2017-11-17,-0.7476192149558976,0.1002775447166083,0.7476192149558976
2017-11-20,0.273506996999387,0.0922637977180488,0.273506996999387
2017-11-21,0.7185353883092288,0.0937552472515201,0.7185353883092288
2017-11-22,1.7265556529360202,0.1094751884403271,1.7265556529360202
2017-11-24,3.6150598776600433,0.1420404398280539,3.6150598776600433
2017-11-27,0.184590823674184,0.1566507574331088,0.184590823674184
2017-11-28,-0.8365978354690887,0.1594861942430078,0.8365978354690887
2017-11-29,-2.3183796451289003,0.1315034725796446,2.3183796451289003
2017-11-30,0.4241281809613611,0.100136662097161,0.4241281809613611
2017-12-01,0.1535770658248426,0.0968439695387504,0.1535770658248426
2017-12-04,-3.883801167099724,0.094894630905847,3.883801167099724
2017-12-05,0.862389874674289,0.0638898989064539,0.862389874674289
2017-12-06,1.63446075976063,0.0743338620253019,1.63446075976063
2017-12-07,1.194027269819037,0.08770620135471,1.194027269819037
2017-12-08,-0.4955570745044536,0.0799661126662545,0.4955570745044536
2017-12-11,0.1640048085179482,0.06915777277085,0.1640048085179482
2017-12-12,0.2991830331501691,0.0809643108960532,0.2991830331501691
2017-12-13,-0.5376068376068418,0.0750066961347538,0.5376068376068418
2017-12-14,1.3164791915511689,0.11754149547007,1.3164791915511689
2017-12-15,0.7073611358489512,0.1225659122160953,0.7073611358489512
2017-12-18,0.1499111481678091,0.1166506192268631,0.1499111481678091
2017-12-19,0.1135264684858856,0.1373585168034219,0.1135264684858856
2017-12-20,-1.226375472490545,0.1312884469697409,1.226375472490545
2017-12-21,-0.3248575559146228,0.1531801930242992,0.3248575559146228
2017-12-22,-0.317384478875162,0.1397818627483011,0.317384478875162
2017-12-26,0.9885651682700548,0.1373662182597007,0.9885651682700548
2017-12-27,0.7703977422006815,0.160786180096648,0.7703977422006815
2017-12-28,-0.5592935239697276,0.1660632947942301,0.5592935239697276
2017-12-29,-0.8753753118788824,0.1503727411994894,0.8753753118788824
2018-01-02,1.3907849829351495,0.153346518430065,1.3907849829351495
2018-01-03,1.4053690145586146,0.1744164676819664,1.4053690145586146
2018-01-04,1.038174273858925,0.2191134865144305,1.038174273858925
2018-01-05,1.5186733579190228,0.2071754105836379,1.5186733579190228
2018-01-08,1.6909385113268636,0.2062323551889091,1.6909385113268636
2018-01-09,-0.9348396849391336,0.2316772201735267,0.9348396849391336
2018-01-10,1.1717463759386444,0.2258349859580835,1.1717463759386444
2018-01-11,1.0837156873640603,0.2615574924880358,1.0837156873640603
2018-01-12,3.89573674092503,0.2788138020283155,3.89573674092503
2018-01-16,-0.8133030990174012,0.3042292332423431,0.8133030990174012
2018-01-17,-1.3937999146497435,0.30728321526484,1.3937999146497435
2018-01-18,1.3949534371497958,0.2964259463699885,1.3949534371497958
2018-01-19,-1.13033536585364,0.3106837385670486,1.13033536585364
2018-01-22,3.1545595411549634,0.3138785752600377,3.1545595411549634
2018-01-23,2.7449573646017846,0.3602886428103394,2.7449573646017846
2018-01-24,-0.4960649394102413,0.3428199159345234,0.4960649394102413
2018-01-25,1.7551169590643143,0.3118831156087915,1.7551169590643143
2018-01-26,1.2334681503724922,0.3144484420985511,1.2334681503724922
2018-01-29,-0.4264891639109263,0.342751648692067,0.4264891639109263
2018-01-30,3.4300904380794828,0.3549452763428858,3.4300904380794828
2018-01-31,-0.4340935712809174,0.3755019179974554,0.4340935712809174
2018-02-01,2.241522491349484,0.3697756168390153,2.241522491349484
2018-02-02,-5.060952084419147,0.4006250740410857,5.060952084419147
2018-02-05,-2.9345082773666524,0.3242906369463416,2.9345082773666524
2018-02-06,6.429862059847531,0.3320950692860877,6.429862059847531
2018-02-07,-1.3336093857832996,0.3504468667360809,1.3336093857832996
2018-02-08,-3.929981338429137,0.3609190081624499,3.929981338429137
2018-02-09,-0.6421597536203224,0.3609019703837984,0.6421597536203224
2018-02-12,1.5578857892384064,0.3767935436129563,1.5578857892384064
2018-02-13,1.466163514751835,0.3910457295731337,1.466163514751835
2018-02-14,4.312177777777773,0.4010274251056826,4.312177777777773
2018-02-15,-0.6489920852961014,0.4440381680320945,0.6489920852961014
2018-02-16,-0.7465502926504552,0.4680647507006973,0.7465502926504552
2018-02-20,2.6623066872221717,0.4766809043991967,2.6623066872221717
2018-02-21,0.6976430976430985,0.4925243651672393,0.6976430976430985
2018-02-22,-0.0013374705756537,0.4956131603095276,0.0013374705756537
2018-02-23,0.9268795056642608,0.4871509071614355,0.9268795056642608
2018-02-26,1.0137821362311166,0.493784332838161,1.0137821362311166
2018-02-27,-0.327320432928826,0.5155895817018914,0.327320432928826
2018-02-28,-0.3889411718251145,0.5178159084426841,0.3889411718251145
2018-03-01,-2.940010570824535,0.4913810367874236,2.940010570824535
2018-03-02,1.7112517868082568,0.4525418408355983,1.7112517868082568
2018-03-05,2.607345540207722,0.4418971167813948,2.607345540207722
2018-03-06,-0.435690060005222,0.4629966160496662,0.435690060005222
2018-03-07,1.5381390351911626,0.4691829099392984,1.5381390351911626
2018-03-08,0.8709677419354802,0.4785932351526548,0.8709677419354802
2018-03-09,1.861208826351133,0.4800523555282974,1.861208826351133
2018-03-12,1.4667838754238434,0.5021324427174196,1.4667838754238434
2018-03-13,-1.1732963687220073,0.5240674905419124,1.1732963687220073
2018-03-14,-0.1252348152786403,0.5085565115673583,0.1252348152786403
2018-03-15,-0.7241379310344834,0.5161959412426245,0.7241379310344834
2018-03-16,-1.82639173955603,0.4922428271626918,1.82639173955603
2018-03-19,-0.2695348433288589,0.4611577826099039,0.2695348433288589
2018-03-20,2.3291665054117283,0.4498628714170709,2.3291665054117283
2018-03-21,-1.3224494941536216,0.4552705367035653,1.3224494941536216
2018-03-22,-1.6902272161076142,0.4154714112853953,1.6902272161076142
2018-03-23,-0.5854412901800575,0.3626653434380534,0.5854412901800575
2018-03-26,2.7712418300653656,0.2903311555168885,2.7712418300653656
2018-03-27,-7.9750699567540195,0.2987213733280009,7.9750699567540195
2018-03-28,-2.8334485141672388,0.2478146509940384,2.8334485141672388
2018-03-29,0.8264580369843572,0.2610143895184498,0.8264580369843572
2018-04-02,-1.8509896869400793,0.2739553546923552,1.8509896869400793
2018-04-03,-2.3818079891905826,0.2394223532721915,2.3818079891905826
2018-04-04,6.1660678525150185,0.2014266232187315,6.1660678525150185
2018-04-05,-0.8335702744124426,0.2462212345843758,0.8335702744124426
2018-04-06,-0.3454617929047659,0.2508961869760109,0.3454617929047659
2018-04-09,0.4884107702995912,0.2676589158199353,0.4884107702995912
2018-04-10,0.5202550297138779,0.2933224724234627,0.5202550297138779
2018-04-11,0.0041682876674263,0.2992647701292076,0.0041682876674263
2018-04-12,0.6693990969086585,0.3172842155171029,0.6693990969086585
2018-04-13,-0.2854114451645687,0.3267186005042083,0.2854114451645687
2018-04-16,1.1969550173010417,0.3304770063913175,1.1969550173010417
2018-04-17,3.58026008414165,0.3428304560793528,3.58026008414165
2018-04-18,1.8862443468788164,0.376264707678418,1.8862443468788164
2018-04-19,1.1650963569678994,0.3830363032103816,1.1650963569678994
2018-04-20,-0.9290289520881384,0.3895068760152013,0.9290289520881384
2018-04-23,-0.7044693979941696,0.3317696346100401,0.7044693979941696
2018-04-24,-5.0657637713243915,0.3247222627640072,5.0657637713243915
2018-04-25,1.8525377229080888,0.3115283339514275,1.8525377229080888
2018-04-26,10.033602467323457,0.3311945438516386,10.033602467323457
2018-04-27,-3.1523674885710675,0.4071902622742814,3.1523674885710675
2018-04-30,-1.2183254344391767,0.4187757570947089,1.2183254344391767
2018-05-01,1.1361164775271622,0.4782080862365505,1.1361164775271622
2018-05-02,-1.3263924907336009,0.4686449987461444,1.3263924907336009
2018-05-03,0.1564092537868345,0.433742242769459,0.1564092537868345
2018-05-04,1.7208870683861794,0.4111790526465579,1.7208870683861794
2018-05-07,0.3562489539670033,0.4399120365955555,0.3562489539670033
2018-05-08,0.3134796238244514,0.4532454878256373,0.3134796238244514
2018-05-09,0.5297499999999999,0.4578617336421013,0.5297499999999999
2018-05-10,0.1562970165547945,0.4713802279876617,0.1562970165547945
2018-05-11,-0.4338946858763766,0.4525748471457144,0.4338946858763766
2018-05-14,-1.0096009975062423,0.4367829148052691,1.0096009975062423
2018-05-15,-0.6490717379830991,0.4283284945543458,0.6490717379830991
2018-05-16,0.193977812995253,0.4247356123264224,0.193977812995253
2018-05-17,0.0487169104621135,0.4343614891167296,0.0487169104621135
2018-05-18,0.2320831199053899,0.4364571858556506,0.2320831199053899
2018-05-21,0.3085173501577314,0.4368316336350369,0.3085173501577314
2018-05-22,-1.184987640654394,0.4255667073718651,1.184987640654394
2018-05-23,1.7173228095859503,0.4025809680163051,1.7173228095859503
2018-05-24,0.3110079285119892,0.4198150288891447,0.3110079285119892
2018-05-25,-0.1428571428571512,0.4350427453037281,0.1428571428571512
2018-05-29,1.0863929131447947,0.4118389083866587,1.0863929131447947
2018-05-30,0.3028243001050671,0.4014404521690942,0.3028243001050671
2018-05-31,0.8644485520640737,0.3942084777020438,0.8644485520640737
2018-06-01,0.7250936146557995,0.3912223306969857,0.7250936146557995
2018-06-04,1.4609739826551158,0.3955959612702897,1.4609739826551158
2018-06-05,1.884051907064589,0.4228671357851683,1.884051907064589
2018-06-06,-0.3491912631782773,0.4417251737030571,0.3491912631782773
2018-06-07,-1.0266355343768028,0.4370397174780385,1.0266355343768028
2018-06-08,0.0231988198344054,0.4047225836872719,0.0231988198344054
2018-06-11,0.6833144019363553,0.4061632473010795,0.6833144019363553
2018-06-12,0.5794447725930268,0.4141590064170876,0.5794447725930268
2018-06-13,0.6266113071922336,0.4151749353889473,0.6266113071922336
2018-06-14,0.0303475967037797,0.4191351809898815,0.0303475967037797
2018-06-15,-0.4515752625437578,0.4100627862480001,0.4515752625437578
2018-06-18,0.162929448032534,0.3865987306109387,0.162929448032534
2018-06-19,1.9578242756167223,0.374701155331559,1.9578242756167223
2018-06-20,1.0043041606886658,0.3858420841423693,1.0043041606886658
2018-06-21,-0.9874999999999996,0.3821987044609016,0.9874999999999996
2018-06-22,-2.3017066256556196,0.359109349447678,2.3017066256556196
2018-06-25,-1.7703273402212087,0.3406470506970869,1.7703273402212087
2018-06-26,2.137086888666989,0.3485886656242054,2.137086888666989
2018-06-27,-2.082418579599684,0.3727325600179858,2.082418579599684
2018-06-28,2.6582323890609483,0.374909718030637,2.6582323890609483
2018-06-29,-1.9976703552708088,0.382372292890334,1.9976703552708088
2018-07-02,2.452011647946738,0.3615686994241677,2.452011647946738
2018-07-03,-1.0777512239262952,0.3589959646206401,1.0777512239262952
2018-07-05,-0.550024041562594,0.3726031079564535,0.550024041562594
2018-07-06,1.6538915094339663,0.3702546919553393,1.6538915094339663
2018-07-09,0.8398828340245396,0.3857926504380046,0.8398828340245396
2018-07-10,-0.0310607237148637,0.405921355342335,0.0310607237148637
2018-07-11,1.5259006093245568,0.3951602532478966,1.5259006093245568
2018-07-12,2.2340479793257093,0.4109337557177017,2.2340479793257093
2018-07-13,0.9989301136962035,0.4124330986230354,0.9989301136962035
2018-07-16,-0.5702681193226967,0.4074723528247528,0.5702681193226967
2018-07-17,2.0115259776104604,0.3976861197291286,2.0115259776104604
2018-07-18,-1.0032467532467604,0.4082775770583221,1.0032467532467604
2018-07-19,-0.2432411749915238,0.3980138749238143,0.2432411749915238
2018-07-20,-0.7013660199122203,0.3905992979605779,0.7013660199122203
2018-07-23,0.9270448789047664,0.3775511594519108,0.9270448789047664
2018-07-24,0.0158555721401175,0.3803807113208668,0.0158555721401175
2018-07-25,0.53025747553709,0.3911274133317052,0.53025747553709
2018-07-26,2.014681892332781,0.3866307492200472,2.014681892332781
2018-07-27,-2.596945710402167,0.3942185145215477,2.596945710402167
2018-07-30,-2.234954824799025,0.3664983486203086,2.234954824799025
2018-07-31,-0.1393794535653685,0.3543071938260831,0.1393794535653685
2018-08-01,0.2673766816143519,0.3431021949912249,0.2673766816143519
2018-08-02,2.737858975720749,0.3339810718526622,2.737858975720749
2018-08-03,-0.6493831567400167,0.3617881478129165,0.6493831567400167
2018-08-06,1.5730004765008485,0.3717375414672404,1.5730004765008485
2018-08-07,0.3488754563150725,0.3824514248482277,0.3488754563150725
2018-08-08,1.1284255776464236,0.3927856426616946,1.1284255776464236
2018-08-09,0.3459086078639801,0.4067520499777957,0.3459086078639801
2018-08-10,0.528988461803218,0.4107434064593485,0.528988461803218
2018-08-13,1.1003423755596518,0.4141523796502304,1.1003423755596518
2018-08-14,-0.5126628772682886,0.4305111545427244,0.5126628772682886
2018-08-15,-0.2937864942002079,0.423101831762233,0.2937864942002079
2018-08-16,-0.9527611164217322,0.428392920052038,0.9527611164217322
2018-08-17,0.2529430480432577,0.4465177586486636,0.2529430480432577
2018-08-20,-0.5590906446203991,0.442214877615986,0.5590906446203991
2018-08-21,-0.1787234042553259,0.4331613367753662,0.1787234042553259
2018-08-22,1.626843720692315,0.4331167986788591,1.626843720692315
2018-08-23,0.1751285936754325,0.4473154831014618,0.1751285936754325
2018-08-24,0.2350157811265119,0.4481273342906774,0.2350157811265119
2018-08-27,1.1869451697127915,0.4193114994958517,1.1869451697127915
2018-08-28,0.8112585344707481,0.4418876309779332,0.8112585344707481
2018-08-29,2.2508894519951834,0.4576185088982744,2.2508894519951834
2018-08-30,0.4796187081334914,0.4625513766734673,0.4796187081334914
2018-08-31,0.971599402092684,0.4685053081512077,0.971599402092684
2018-09-04,0.5729089563286461,0.4743601569443691,0.5729089563286461
2018-09-05,-1.550652320041612,0.4845915969082291,1.550652320041612
2018-09-06,-3.378808735184439,0.4132431770309576,3.378808735184439
2018-09-07,1.6655404882628062,0.4329435902220566,1.6655404882628062
2018-09-10,-2.1679350583460155,0.4270465887340718,2.1679350583460155
2018-09-11,3.4087549980033955,0.3945242067784763,3.4087549980033955
2018-09-12,0.3009027081243702,0.3782798781234375,0.3009027081243702
2018-09-13,-0.3534999999999968,0.3712338326075672,0.3534999999999968
2018-09-14,-1.9167758024616983,0.3786503835561399,1.9167758024616983
2018-09-17,-1.845779212474359,0.324355211253755,1.845779212474359
2018-09-18,1.1388215672478057,0.3861802874840949,1.1388215672478057
2018-09-19,-0.0989435712445283,0.3079796762103442,0.0989435712445283
2018-09-20,0.8067760938418806,0.318436082157623,0.8067760938418806
2018-09-21,-2.580569229667083,0.343024421023473,2.580569229667083
2018-09-24,2.054323218422201,0.2660034721810876,2.054323218422201
2018-09-25,1.317617993720728,0.2991787065544061,1.317617993720728
2018-09-26,1.2566929133858329,0.3039870921588454,1.2566929133858329
2018-09-27,0.5604950337089685,0.2803904979252962,0.5604950337089685
2018-09-28,0.8770660693171606,0.2897886357462026,0.8770660693171606
2018-10-01,-1.0880370328241074,0.3045932635396028,1.0880370328241074
2018-10-02,-0.9145045725228664,0.280887176146914,0.9145045725228664
2018-10-03,-1.6500984003633157,0.2765098503381655,1.6500984003633157
2018-10-04,-1.5910723447922006,0.2891885600837821,1.5910723447922006
2018-10-05,-2.2935468902340475,0.2849562274039371,2.2935468902340475
2018-10-08,-0.7475987193169746,0.2984757493741087,0.7475987193169746
2018-10-09,-0.1129038328163097,0.295178537585655,0.1129038328163097
2018-10-10,-7.206562283019976,0.2901960421530803,7.206562283019976
2018-10-11,4.872389791183298,0.3524552489233829,4.872389791183298
2018-10-12,-0.7190265486725727,0.3610927958991273,0.7190265486725727
2018-10-15,-0.6406685236768834,0.3856829944100155,0.6406685236768834
2018-10-16,3.324362209139334,0.3566874579853852,3.324362209139334
2018-10-17,-1.1558560660737227,0.3588942449726823,1.1558560660737227
2018-10-18,-1.9945209690967336,0.3612561389064029,1.9945209690967336
2018-10-19,-0.0649801698447116,0.3363187794211643,0.0649801698447116
2018-10-22,-2.340807174887902,0.3234410900592315,2.340807174887902
2018-10-23,1.805721370190109,0.2971877594539258,1.805721370190109
2018-10-24,-3.9668489598015455,0.2865805081433863,3.9668489598015455
2018-10-25,-3.155564948865171,0.2552816673232261,3.155564948865171
2018-10-26,0.6310659012239386,0.2114556593121925,0.6310659012239386
2018-10-29,-10.472289156626498,0.1992706047799041,10.472289156626498
2018-10-30,5.640711632664034,0.2572291258758271,5.640711632664034
2018-10-31,3.4102128039032182,0.2518746337177907,3.4102128039032182
2018-11-01,3.3913755828349337,0.2087370650946171,3.3913755828349337
2018-11-02,-1.252241464562522,0.1906933250438909,1.252241464562522
2018-11-05,-2.36611425158515,0.1709319740286928,2.36611425158515
2018-11-06,3.376896221460131,0.1651039842275448,3.376896221460131
2018-11-07,4.901374775851756,0.1799562968804414,4.901374775851756
2018-11-08,-1.2820512820512822,0.1948735789383928,1.2820512820512822
2018-11-09,-1.9774891774891703,0.1623319905241872,1.9774891774891703
2018-11-12,-2.882395892217831,0.1505158243814525,2.882395892217831
2018-11-13,0.4262440201541287,0.1613304725913824,0.4262440201541287
2018-11-14,-4.546826700154563,0.1879842186775868,4.546826700154563
2018-11-15,0.4104970873049512,0.1981625131564183,0.4104970873049512
2018-11-16,-0.6607874015748073,0.1645685524887989,0.6607874015748073
2018-11-19,-8.846487974077524,0.1952514091946869,8.846487974077524
2018-11-20,7.338434782608699,0.1270649171413711,7.338434782608699
2018-11-21,-1.6843919921710562,0.201884488680722,1.6843919921710562
2018-11-23,1.450230718523413,0.1487479690520022,1.450230718523413
2018-11-26,2.403508771929814,0.1787497313858417,2.403508771929814
2018-11-27,2.406741159525128,0.1963349868161441,2.406741159525128
2018-11-28,3.783954595023297,0.1676901389762077,3.783954595023297
2018-11-29,0.2692553388378398,0.1586230228437298,0.2692553388378398
2018-11-30,5.3563560583507055,0.158743331998084,5.3563560583507055
2018-12-03,-0.760684050501285,0.1429034383458354,0.760684050501285
2018-12-04,-8.037015945330296,0.0881723729826987,8.037015945330296
2018-12-06,5.585588932855282,0.0400347067561468,5.585588932855282
2018-12-07,-4.764027283337352,0.0695474524073113,4.764027283337352
2018-12-10,3.335303970834581,0.0032495239621729,3.335303970834581
2018-12-11,-0.5363528009535194,0.0378777245358559,0.5363528009535194
2018-12-12,0.6590772917914884,0.0416695385396724,0.6590772917914884
2018-12-13,-2.4999999999999933,0.0606659131317971,2.4999999999999933
2018-12-14,-4.395604395604406,0.029056441693771,4.395604395604406
2018-12-17,-1.6602809706257946,0.0140267638586575,1.6602809706257946
2018-12-18,0.1980519480519524,-0.0068192419887509,0.1980519480519524
2018-12-19,-3.826836460257283,-0.0602411201581251,3.826836460257283
2018-12-20,-1.2809973045822172,0.0033373218704917,1.2809973045822172
2018-12-21,-8.122239742250802,0.0790388220022289,8.122239742250802
2018-12-24,1.7005943536404278,0.0511662775050477,1.7005943536404278
2018-12-26,6.2320566298241475,0.0405732177916654,6.2320566298241475
2018-12-27,1.3168752578737593,0.0080301459940222,1.3168752578737593
2018-12-28,2.54182644992704,0.0274670153216032,2.54182644992704
2018-12-31,-3.0182684670373323,-0.0118187497469049,3.0182684670373323
2019-01-02,3.7407862407862367,-0.0396468661033632,3.7407862407862367
2019-01-03,0.6572325182071139,-0.0613137834757993,0.6572325182071139
2019-01-04,4.72614379084967,-0.0745953753143491,4.72614379084967
2019-01-07,3.8931292945809486,-0.0696287982865916,3.8931292945809486
2019-01-08,-0.7034342730478301,-0.0833729889582395,0.7034342730478301
2019-01-09,-0.724146692639961,-0.0748573563155696,0.724146692639961
2019-01-10,-0.0280315171753933,-0.0731602462921331,0.0280315171753933
2019-01-11,-1.5574045289689475,-0.0503539142327225,1.5574045289689475
2019-01-14,1.0526315789473617,-0.0679096070758868,1.0526315789473617
2019-01-15,3.1997549019607896,-0.0524493710566506,3.1997549019607896
2019-01-16,-0.2505610905938636,-0.0341762639716969,0.2505610905938636
2019-01-17,1.904761904761898,-0.0687235884012503,1.904761904761898
2019-01-18,-1.8107476635513984,-0.0594474245368981,1.8107476635513984
2019-01-22,-1.48720999405116,-0.0740703479247293,1.48720999405116
2019-01-23,-0.9015700483091758,-0.1061166762832263,0.9015700483091758
2019-01-24,1.7933421487200498,-0.1271082113370536,1.7933421487200498
2019-01-25,-1.6108949416342426,-0.1672135085021903,1.6108949416342426
2019-01-28,-0.7495786662123761,-0.1934522156489417,0.7495786662123761
2019-01-29,-0.5069669643897075,-0.2219347220136779,0.5069669643897075
2019-01-30,4.303758471965486,-0.23962244368747,4.303758471965486
2019-01-31,-3.1881147177836144,-0.1604153128758912,3.1881147177836144
2019-02-01,-0.9689544078883102,-0.1321503501481972,0.9689544078883102
2019-02-04,1.253234750462102,-0.1732883667757761,1.253234750462102
2019-02-05,1.6679445519490703,-0.1218565107350801,1.6679445519490703
2019-02-06,-2.738291186592841,-0.1717817434984696,2.738291186592841
2019-02-07,-2.4000000000000035,-0.2072305181507526,2.4000000000000035
2019-02-08,0.944514501891563,-0.2268521575250118,0.944514501891563
2019-02-11,0.1886344613923924,-0.1850001257164696,0.1886344613923924
2019-02-12,2.6807980049875204,-0.1540621394605658,2.6807980049875204
2019-02-13,-1.3661202185792352,-0.1405857235981517,1.3661202185792352
2019-02-14,0.2068328716528241,-0.1554821783719166,0.2068328716528241
2019-02-15,-1.6500190434066857,-0.1647107012767131,1.6500190434066857
2019-02-19,1.8113678950655876,-0.1500091765960811,1.8113678950655876
2019-02-20,-0.6226993865030591,-0.1555423848739536,0.6226993865030591
2019-02-21,0.225329505818428,-0.1770792759545375,0.225329505818428
2019-02-22,1.1056359716661632,-0.1788758589503924,1.1056359716661632
2019-02-25,-0.942459410886714,-0.1405489815087422,0.942459410886714
2019-02-26,0.1353030172572841,-0.1102937493944136,0.1353030172572841
2019-02-27,0.4342271738996877,-0.0891682169686361,0.4342271738996877
2019-02-28,1.2157162513377155,-0.0621469836430097,1.2157162513377155
2019-03-01,1.8046920785678435,-0.0139884636596388,1.8046920785678435
2019-03-04,1.0652818991097848,0.0451937933692225,1.0652818991097848
2019-03-05,-0.4098769781849021,0.0899967866269421,0.4098769781849021
2019-03-06,-1.6863505840315651,0.0909012646664792,1.6863505840315651
2019-03-07,-3.7999964015185497,0.0371371972213156,3.7999964015185497
2019-03-08,1.3784203340378078,-0.0580120026531858,1.3784203340378078
2019-03-11,2.636951762477561,-0.0503001467815211,2.636951762477561
2019-03-12,0.8388256440982658,0.0193025633479059,0.8388256440982658
2019-03-13,0.487225193107542,0.0470319544880211,0.487225193107542
2019-03-14,0.6977294228949898,0.051376104590597,0.6977294228949898
2019-03-15,0.5695830886670574,0.0769222812926488,0.5695830886670574
2019-03-18,2.382787411689139,0.1020722868506441,2.382787411689139
2019-03-19,0.9369778330320332,0.157848115414871,0.9369778330320332
2019-03-20,1.4870560583974626,0.1916491168529575,1.4870560583974626
2019-03-21,0.7743867814236197,0.2253147994652558,0.7743867814236197
2019-03-22,-2.893650872569979,0.2561210233314261,2.893650872569979
2019-03-25,2.003083417245527,0.1885699598129923,2.003083417245527
2019-03-26,-0.4947016174010041,0.2363025869173345,0.4947016174010041
2019-03-27,-0.7919826470044284,0.2358171989216903,0.7919826470044284
2019-03-28,0.9367231638418004,0.1819149556161269,0.9367231638418004
2019-03-29,0.7573128547280328,0.1929418038301564,0.7573128547280328
2019-04-01,0.6060740732510836,0.2004242612056797,0.6060740732510836
2019-04-02,0.8669147773078117,0.221201687054437,0.8669147773078117
2019-04-03,-0.3322895681877897,0.2493478075997754,0.3322895681877897
2019-04-04,0.458627413286468,0.2302593855491558,0.458627413286468
2019-04-05,0.2312739201749599,0.2223860209607008,0.2312739201749599
2019-04-08,0.6687649667526709,0.2348340732248628,0.6687649667526709
2019-04-09,-0.2432958184547259,0.2580580185839265,0.2432958184547259
2019-04-10,0.4182509505703478,0.2557148942284699,0.4182509505703478
2019-04-11,-0.0162276194082334,0.2657206491045846,0.0162276194082334
2019-04-12,-0.3462454014282702,0.267472080452219,0.3462454014282702
2019-04-15,0.5076004343105333,0.2521046501192862,0.5076004343105333
2019-04-16,1.168876765603487,0.2640616323658816,1.168876765603487
2019-04-17,-0.2242403856934718,0.3011191284028325,0.2242403856934718
2019-04-18,-0.7165064025385403,0.2663970316139336,0.7165064025385403
2019-04-22,1.9295030721138369,0.2471905947041373,1.9295030721138369
2019-04-23,1.787225042301182,0.2930417128366311,1.787225042301182
2019-04-24,-0.4153766233766224,0.3337044252655655,0.4153766233766224
2019-04-25,0.6257681256794476,0.3116870562996106,0.6257681256794476
2019-04-26,1.0368066355624677,0.3180459048448753,1.0368066355624677
2019-04-29,-0.9697280656747124,0.3463485504365703,0.9697280656747124
2019-04-30,0.1549142531475087,0.293728615691908,0.1549142531475087
2019-05-01,-1.022197621424765,0.2959712346076962,1.022197621424765
2019-05-02,1.864288962175896,0.2608662362384159,1.864288962175896
2019-05-03,-1.5915854284248352,0.2941827465081774,1.5915854284248352
2019-05-06,1.1475614969916232,0.2875549205551039,1.1475614969916232
2019-05-07,-1.088665405491778,0.2865268518270687,1.088665405491778
2019-05-08,-0.98339126673511,0.279135975901555,0.98339126673511
2019-05-09,-0.1052631578947308,0.2704057611825944,0.1052631578947308
2019-05-10,-3.2370916754478425,0.2137115730486134,3.2370916754478425
2019-05-13,0.1600818922332963,0.1729471758466259,0.1600818922332963
2019-05-14,-0.6278880130470244,0.1774654213580967,0.6278880130470244
2019-05-15,3.1724062474356556,0.1651349067740906,3.1724062474356556
2019-05-16,0.3770003287485353,0.2265564077520318,0.3770003287485353
2019-05-17,-2.1320091915163366,0.2313314321390071,2.1320091915163366
2019-05-20,1.192860111513533,0.2352746328599109,1.192860111513533
2019-05-21,-1.2273374617957296,0.2396735820466529,1.2273374617957296
2019-05-22,-0.8202918273229031,0.2649975526202911,0.8202918273229031
2019-05-23,-0.0381141136562832,0.2483888796947884,0.0381141136562832
2019-05-24,-0.1710342122894035,0.2249353083566098,0.1710342122894035
2019-05-28,-0.525439912699492,0.178957231668556,0.525439912699492
2019-05-29,0.1299969283426185,0.1531328050713968,0.1299969283426185
2019-05-30,-1.943587749042724,0.2150276242536879,1.943587749042724
2019-05-31,-1.6759682906799402,0.1007366372971215,1.6759682906799402
2019-06-03,-3.4528212907881195,0.1209910205245835,3.4528212907881195
2019-06-04,2.963677879522611,0.1336834302263098,2.963677879522611
2019-06-05,-0.679583904892559,0.1875253246821265,0.679583904892559
2019-06-06,1.4956465693355152,0.1704300587147823,1.4956465693355152
2019-06-07,3.3055508306401222,0.1781352789069994,3.3055508306401222
2019-06-10,3.3616904500548848,0.2093098825490268,3.3616904500548848
2019-06-11,-1.5542280631886327,0.2117206103047173,1.5542280631886327
2019-06-12,0.6871703038867738,0.2063627557777076,0.6871703038867738
2019-06-13,-0.145710122567922,0.192510099669864,0.145710122567922
2019-06-14,0.6706008583690987,0.1979699530527615,0.6706008583690987
2019-06-17,1.324273914201964,0.2092178705440633,1.324273914201964
2019-06-18,0.341336418860284,0.2225465155858667,0.341336418860284
2019-06-19,1.33606591747736,0.2234760092287431,1.33606591747736
2019-06-20,-0.8912084331179803,0.2382932869074705,0.8912084331179803
2019-06-21,-0.1795313397004449,0.2238208912314826,0.1795313397004449
2019-06-24,-0.0428722302970698,0.2148929211065199,0.0428722302970698
2019-06-25,-1.0126370407565524,0.1792259929808299,1.0126370407565524
2019-06-26,0.5030436252959071,0.1761590321796581,0.5030436252959071
2019-06-27,0.3732912723449043,0.18263927058421,0.3732912723449043
2019-06-28,0.7270441569325888,0.1844100948370961,0.7270441569325888
2019-07-01,-0.187209435355549,0.1925617696963072,0.187209435355549
2019-07-02,0.8601735977242706,0.201377397953027,0.8601735977242706
2019-07-03,-0.376570982855423,0.2318801703839214,0.376570982855423
2019-07-05,0.286217981955819,0.2240515907872683,0.286217981955819
2019-07-08,0.7072984096126378,0.2242025432192078,0.7072984096126378
2019-07-09,2.5007700995995528,0.2184457806961492,2.5007700995995528
2019-07-10,1.4580442872813064,0.229984555135115,1.4580442872813064
2019-07-11,-0.8565278778843087,0.2428757919202486,0.8565278778843087
2019-07-12,0.6537965512605318,0.2566840577123011,0.6537965512605318
2019-07-15,-0.5352725833580656,0.2429637015192604,0.5352725833580656
2019-07-16,-0.1755712282027973,0.2457954371072749,0.1755712282027973
2019-07-17,-1.3472509404349704,0.2398512205367217,1.3472509404349704
2019-07-18,0.5656537088196547,0.2153948618510812,0.5656537088196547
2019-07-19,-1.007929851698216,0.2256580889064798,1.007929851698216
2019-07-22,1.260691782420318,0.2098910373629762,1.260691782420318
2019-07-23,-1.3371810480012338,0.2148511391869971,1.3371810480012338
2019-07-24,1.6097090336667788,0.1946608756565536,1.6097090336667788
2019-07-25,-2.9485257371314373,0.1982896097702529,2.9485257371314373
2019-07-26,-0.6179196704428366,0.1707607141570102,0.6179196704428366
2019-07-29,-2.014715025906731,0.1662675370065098,2.014715025906731
2019-07-30,0.3698345315676019,0.1546929354368707,0.3698345315676019
2019-07-31,-1.390330381274009,0.1951149933735483,1.390330381274009
2019-08-01,-1.423824076250717,0.1791417053411485,1.423824076250717
2019-08-02,-4.056756654219089,0.1491029959395559,4.056756654219089
2019-08-05,1.2433482843940424,0.1622476983247214,1.2433482843940424
2019-08-06,-1.0177265194757437,0.1588140447007492,1.0177265194757437
2019-08-07,1.8044070146956823,0.1489255994735315,1.8044070146956823
2019-08-08,1.2707641196013375,0.1512236688392597,1.2707641196013375
2019-08-09,-1.8021269034145384,0.1267313652682573,1.8021269034145384
2019-08-12,-0.7232779692537142,0.1160298093118252,0.7232779692537142
2019-08-13,0.5614133482893866,0.0972642226393406,0.5614133482893866
2019-08-14,-0.6146089536589174,0.1096271845556902,0.6146089536589174
2019-08-15,0.6116757108625609,0.1686940696028477,0.6116757108625609
2019-08-16,1.4049941714215628,0.1452212831810187,1.4049941714215628
2019-08-19,-0.1969110270175152,0.1702531114840331,0.1969110270175152
2019-08-20,0.2694957288509255,0.1891576562087196,0.2694957288509255
2019-08-21,0.4732355349870112,0.1725496654856509,0.4732355349870112
2019-08-22,-1.9130196936542745,0.162670810551266,1.9130196936542745
2019-08-23,-1.4567519784945009,0.0920111332547714,1.4567519784945009
2019-08-26,0.4991765285158865,0.0626962603886062,0.4991765285158865
2019-08-27,-1.167407207176771,0.0626723448077501,1.167407207176771
2019-08-28,1.595441595441602,0.0361397541777532,1.595441595441602
2019-08-29,0.8126752664049264,0.04342445627131,0.8126752664049264
2019-08-30,-1.5293548225581202,0.0368064907010778,1.5293548225581202
2019-09-03,1.9774011299435028,0.0183286042295974,1.9774011299435028
2019-09-04,0.9390581717451486,0.0279277403845959,0.9390581717451486
2019-09-05,0.8929992590356539,0.032876560217354,0.8929992590356539
2019-09-06,0.1512332582607041,0.0432470149437887,0.1512332582607041
2019-09-09,-0.9913090711569738,0.0387000033269738,0.9913090711569738
2019-09-10,-0.5820875051433312,0.0134304171571871,0.5820875051433312
2019-09-11,1.4066242122573347,0.0071600419680807,1.4066242122573347
2019-09-12,0.2383504840473806,0.0247130094364052,0.2383504840473806
2019-09-13,-0.9766505067833544,0.0165802889485471,0.9766505067833544
2019-09-16,-0.9287178868652692,-0.0126806538359072,0.9287178868652692
2019-09-17,0.551165416030286,-0.0221645067709634,0.551165416030286
2019-09-18,0.2190375555849051,-0.0248051522263476,0.2190375555849051
2019-09-19,0.0378908523794293,-0.0292265597789524,0.0378908523794293
2019-09-20,-2.4542874551932,-0.0152960326163515,2.4542874551932
2019-09-23,0.7656724817107514,-0.0610096278609031,0.7656724817107514
2019-09-24,-2.415160007282453,-0.0508643052214284,2.415160007282453
2019-09-25,0.8830464243201209,-0.0900562370249313,0.8830464243201209
2019-09-26,-0.8390108861520572,-0.0713996152829338,0.8390108861520572
2019-09-27,-1.2019450800915326,-0.0845443645438558,1.2019450800915326
2019-09-30,1.100759124256644,-0.0836922294589878,1.100759124256644
2019-10-01,-1.045819014891176,-0.0641605059447676,1.045819014891176
2019-10-02,-0.8531376248741069,-0.070142990665022,0.8531376248741069
2019-10-03,0.7600700525394001,-0.0604335431205146,0.7600700525394001
2019-10-04,0.3250252024889671,-0.0574098345468394,0.3250252024889671
2019-10-07,-0.5278263832343028,-0.0839340105882195,0.5278263832343028
2019-10-08,-0.1671998095779845,-0.1158945880734891,0.1671998095779845
2019-10-09,0.3273998174004501,-0.1160829957995321,0.3273998174004501
2019-10-10,1.024784957455195,-0.0980621103024949,1.024784957455195
2019-10-11,-0.803823468661792,-0.0926672280582651,0.803823468661792
2019-10-14,0.7652220184972078,-0.0842480885022927,0.7652220184972078
2019-10-15,1.7903268394044105,-0.069065094054573,1.7903268394044105
2019-10-16,1.306017492514085,-0.0523270527112079,1.306017492514085
2019-10-17,-0.4837210337936753,-0.0247332366255349,0.4837210337936753
2019-10-18,-1.0146548830965394,0.0083409368815856,1.0146548830965394
2019-10-21,1.0448334708362,0.0040933765993237,1.0448334708362
2019-10-22,-1.5015518832312738,0.0197950464148371,1.5015518832312738
2019-10-23,0.5558394367796591,0.0046969790646432,0.5558394367796591
2019-10-24,-4.152245227515266,0.0316138785359213,4.152245227515266
2019-10-25,2.975464640216793,-0.0542560426059273,2.975464640216793
2019-10-28,1.530267839776657,-0.0380703079437076,1.530267839776657
2019-10-29,-0.8209329449349472,-0.0258332443936185,0.8209329449349472
2019-10-30,0.8947643503158595,-0.0314778004087624,0.8947643503158595
2019-10-31,0.6768056126442143,-0.055561541915202,0.6768056126442143
2019-11-01,0.7270652848697778,-0.0207876349553687,0.7270652848697778
2019-11-04,0.4525238616109837,-0.0299372401285449,0.4525238616109837
2019-11-05,-0.4510380508081112,-0.0265137153894252,0.4510380508081112
2019-11-06,0.1532481954469797,-0.0405861827887682,0.1532481954469797
2019-11-07,-0.8798288020579331,-0.0522542797937618,0.8798288020579331
2019-11-08,-0.5531660225181504,-0.0708345291090886,0.5531660225181504
2019-11-11,-0.1878515185601817,-0.0932925841795179,0.1878515185601817
2019-11-12,-0.0715630036175997,-0.0845635339661031,0.0715630036175997
2019-11-13,-1.2383062947236636,-0.0842289926301021,1.2383062947236636
2019-11-14,0.4921692559793967,-0.1001582783332311,0.4921692559793967
2019-11-15,-1.2357603477173846,-0.084035041949984,1.2357603477173846
2019-11-18,1.0751884024621754,-0.1062704288513985,1.0751884024621754
2019-11-19,-0.4467868343018599,-0.1027159709108849,0.4467868343018599
2019-11-20,-0.3510296488559954,-0.113927051829723,0.3510296488559954
2019-11-21,-0.2283419391853267,-0.1210581298293472,0.2283419391853267
2019-11-22,0.8182769605869984,-0.1343155998263201,0.8182769605869984
2019-11-25,1.5211749607871106,-0.1158386297206805,1.5211749607871106
2019-11-26,1.184322890916448,-0.1035566343083775,1.184322890916448
2019-11-27,0.9317046085508036,-0.1051151360847884,0.9317046085508036
2019-11-29,-0.7360626698500335,-0.109138075479424,0.7360626698500335
2019-12-02,-2.460651740190644,-0.1279853938640432,2.460651740190644
2019-12-03,0.7960227272727333,-0.1428157940472678,0.7960227272727333
2019-12-04,-0.5924431091143884,-0.1448395311120645,0.5924431091143884
2019-12-05,-0.6974766090161553,-0.1434599777170806,0.6974766090161553
2019-12-06,-0.0308359981726827,-0.1491294222968999,0.0308359981726827
2019-12-09,-0.1862154844458623,-0.1393773283448545,0.1862154844458623
2019-12-10,-0.3279157605585484,-0.1435130158746273,0.3279157605585484
2019-12-11,0.4782765965998142,-0.1422012927055324,0.4782765965998142
2019-12-12,0.8571428571428571,-0.140536922478268,0.8571428571428571
2019-12-13,0.1133144475920615,-0.1218159074973991,0.1133144475920615
2019-12-16,0.6230899830220709,-0.1193957784279581,0.6230899830220709
2019-12-17,0.9566875326910546,-0.1018617119330765,0.9566875326910546
2019-12-18,-0.8089046361600417,-0.0822363971202571,0.8089046361600417
2019-12-19,1.073631002527376,-0.0783546021350295,1.073631002527376
2019-12-20,-0.6310235072371054,-0.0620953304818013,0.6310235072371054
2019-12-23,0.3103575542706356,-0.0627500472376775,0.3103575542706356
2019-12-24,0.4013803022616659,-0.0584775068405066,0.4013803022616659
2019-12-26,4.548003620190895,-0.0246286201178826,4.548003620190895
2019-12-27,-0.4737322881481932,0.0253527830767649,0.4737322881481932
2019-12-30,-1.7075773745997955,0.0420715180318117,1.7075773745997955
2019-12-31,1.7915309446254135,0.0096236884470954,1.7915309446254135
2020-01-02,-0.560000000000006,0.0126946391736102,0.560000000000006
2020-01-03,-0.241351568785191,0.0285565386563692,0.241351568785191
2020-01-06,2.392473118279564,0.0342889879614289,2.392473118279564
2020-01-07,-0.3391966395379294,0.0559645395987658,0.3391966395379294
2020-01-08,0.6243282544098134,0.0617684549962137,0.6243282544098134
2020-01-09,-0.2366628444570096,0.061047222170628,0.2366628444570096
2020-01-10,-0.7379144208211559,0.0431271349889079,0.7379144208211559
2020-01-13,-0.2871025902681244,0.0374744735889948,0.2871025902681244
2020-01-14,-0.7227395168303389,0.0314995875908748,0.7227395168303389
2020-01-15,0.5736413406329348,0.0200451605571024,0.5736413406329348
2020-01-16,0.1540103771129916,0.0423255155412129,0.1540103771129916
2020-01-17,-1.1076998128204714,0.0583258267794375,1.1076998128204714
2020-01-21,1.667024128686332,0.0416086085532302,1.667024128686332
2020-01-22,-0.5790864357704608,0.0704967521947206,0.5790864357704608
2020-01-23,0.3320761122693131,0.0500506364611518,0.3320761122693131
2020-01-24,-3.7734552202900544,0.0455475590710131,3.7734552202900544
2020-01-27,1.1263736263736326,0.0266179661658661,1.1263736263736326
2020-01-28,1.2768269491985842,0.0171201000204893,1.2768269491985842
2020-01-29,-0.3218884120171643,0.0180202357275079,0.3218884120171643
2020-01-30,10.41280947255112,0.0056568953978736,10.41280947255112
2020-01-31,-1.992229961929733,0.0167394770284572,1.992229961929733
2020-02-03,0.9589177359992028,0.0478901568096439,0.9589177359992028
2020-02-04,2.026720791376832,0.0674769256086332,2.026720791376832
2020-02-05,-1.4485615783526955,0.0550176091830424,1.4485615783526955
2020-02-06,0.0475252569793575,0.045349419952734,0.0475252569793575
2020-02-07,2.106768397494597,0.0635400221257398,2.106768397494597
2020-02-10,3.160176689800048,0.0939490956206279,3.160176689800048
2020-02-11,0.5718536426612069,0.1093127922240246,0.5718536426612069
2020-02-12,-0.8418084319526618,0.1165095668348846,0.8418084319526618
2020-02-13,0.4983706217744683,0.1158822360259692,0.4983706217744683
2020-02-14,-1.4222890224894245,0.1438908848960576,1.4222890224894245
2020-02-18,2.013157523223307,0.1253590872381778,2.013157523223307
2020-02-19,0.2431036073438448,0.1660668035169512,0.2431036073438448
2020-02-20,-1.422871789680031,0.155268972729177,1.422871789680031
2020-02-21,-6.48740751114534,0.1629401481078936,6.48740751114534
2020-02-24,1.1601553529887398,0.1427329454193489,1.1601553529887398
2020-02-25,-2.770402976678085,0.1293046651905697,2.770402976678085
2020-02-26,-1.8220760501045552,0.1356038038403056,1.8220760501045552
2020-02-27,-6.190614046878068,0.1445536401180391,6.190614046878068
2020-02-28,5.062188986184515,0.0969800073342208,5.062188986184515
2020-03-02,3.612922176355504,0.119899986029889,3.612922176355504
2020-03-03,-1.4579547122817471,0.1530115875534386,1.4579547122817471
2020-03-04,-0.697123658537838,0.1503027437134502,0.697123658537838
2020-03-05,-3.0005173305742425,0.1415062785327014,3.0005173305742425
2020-03-06,-5.394133333333335,0.1059203892862679,5.394133333333335
2020-03-09,5.469428252511471,0.0910290163722617,5.469428252511471
2020-03-10,-0.6964636962285113,0.1103817219906356,0.6964636962285113
2020-03-11,-7.31329224641386,0.0729633882060962,7.31329224641386
2020-03-12,1.917560018118673,0.0327207075555196,1.917560018118673
2020-03-13,-6.466666666666661,0.0488217717057158,6.466666666666661
2020-03-16,8.160778795133739,0.074853522065952,8.160778795133739
2020-03-17,-1.4345497248615844,0.1198292913501281,1.4345497248615844
2020-03-18,6.285714285714286,0.133958512899582,6.285714285714286
2020-03-19,3.565053763440861,0.1558753477582293,3.565053763440861
2020-03-20,-5.116518109753879,0.2646951189730629,5.116518109753879
2020-03-23,6.770400765969081,0.1671531315098206,6.770400765969081
2020-03-24,-1.578583814673463,0.1266817736472969,1.578583814673463
2020-03-25,-0.9730877965731064,0.1593169951189055,0.9730877965731064
2020-03-26,1.5173501577287194,0.1233036444820521,1.5173501577287194
2020-03-27,-0.4158768631594344,0.0999362054922261,0.4158768631594344
2020-03-30,2.1593172563357217,0.0696162714337284,2.1593172563357217
2020-03-31,-1.597474991727546,0.0566582737465909,1.597474991727546
2020-04-01,-1.6208218441051905,0.0676540815474674,1.6208218441051905
2020-04-02,0.5000946551397856,0.055880428040322,0.5000946551397856
2020-04-03,1.300264238809086,0.0870852469126446,1.300264238809086
2020-04-06,4.189566115702489,0.0235144447069348,4.189566115702489
2020-04-07,0.1928501668228215,0.133981313575744,0.1928501668228215
2020-04-08,1.1528946066303871,0.1377747426491797,1.1528946066303871
2020-04-09,-0.2103409480017643,0.1827202658446639,0.2103409480017643
2020-04-13,7.866176470588234,0.165986788507697,7.866176470588234
2020-04-14,2.599899112462339,0.2463049385714797,2.599899112462339
2020-04-15,3.9119804400977967,0.2237995617137854,3.9119804400977967
2020-04-16,1.1223358908780945,0.2582796308823769,1.1223358908780945
2020-04-17,0.7427297214131257,0.2775350694559447,0.7427297214131257
2020-04-20,1.1155045084625188,0.2932461612532551,1.1155045084625188
2020-04-21,-1.9701151613210224,0.2820076221207912,1.9701151613210224
2020-04-22,1.3077247783874988,0.2360580373731627,1.3077247783874988
2020-04-23,0.7091725764381362,0.2147362958532862,0.7091725764381362
2020-04-24,1.0839884153909825,0.1994609444965313,1.0839884153909825
2020-04-27,-2.9101178781925285,0.2284691780379531,2.9101178781925285
2020-04-28,-1.7743771341849008,0.2755588621068182,1.7743771341849008
2020-04-29,3.8553482603078977,0.2520008027475254,3.8553482603078977
2020-04-30,-3.431631843427666,0.291951423107711,3.431631843427666
2020-05-01,-3.44145840465594,0.2998473659945805,3.44145840465594
2020-05-04,3.705936056869851,0.2899104331007233,3.705936056869851
2020-05-05,-0.4512820512820562,0.3198315386010081,0.4512820512820562
2020-05-06,1.9463905488014377,0.3336866946205101,1.9463905488014377
2020-05-07,-0.1111681924220391,0.3416936600021996,0.1111681924220391
2020-05-08,0.1079194313994959,0.3993613512091595,0.1079194313994959
2020-05-11,1.564408135764519,0.4159174892200103,1.564408135764519
2020-05-12,-1.867860770777617,0.4294025574876883,1.867860770777617
2020-05-13,-0.2446341051208415,0.3960996199347069,0.2446341051208415
2020-05-14,0.3180842097238067,0.4186108443199595,0.3180842097238067
2020-05-15,1.512590140678561,0.4024270672717376,1.512590140678561
2020-05-18,1.0599140057213126,0.4307944449458668,1.0599140057213126
2020-05-19,1.9770930476617712,0.4397036338077653,1.9770930476617712
2020-05-20,0.8931057722963649,0.459055877272511,0.8931057722963649
2020-05-21,-1.799599999999998,0.4048040582564086,1.799599999999998
2020-05-22,0.1217917645956662,0.3897343159628048,0.1217917645956662
2020-05-26,-2.156631407648501,0.4226133189789402,2.156631407648501
2020-05-27,-0.8590472309656184,0.364191235690638,0.8590472309656184
2020-05-28,1.3257393062201963,0.3605143805062536,1.3257393062201963
2020-05-29,1.3270197107544133,0.3747646375631971,1.3270197107544133
2020-06-01,0.7761437908496639,0.3530723981282036,0.7761437908496639
2020-06-02,0.0409404134576404,0.3707317092886755,0.0409404134576404
2020-06-03,0.3816840288329493,0.3664464585748101,0.3816840288329493
2020-06-04,-1.328796373661416,0.3792462385316951,1.328796373661416
2020-06-05,2.2781661764525474,0.3731292062898533,2.2781661764525474
2020-06-08,1.1695064394848325,0.4066200146575318,1.1695064394848325
2020-06-09,4.568600164463286,0.4339257194312992,4.568600164463286
2020-06-10,-1.5689981096408232,0.4784661112600778,1.5689981096408232
2020-06-11,-0.0879585173804654,0.463071024986219,0.0879585173804654
2020-06-12,-2.8682805309836517,0.4604291577830741,2.8682805309836517
2020-06-15,3.6966674582442822,0.3949489253060094,3.6966674582442822
2020-06-16,1.049618320610687,0.4459435127025793,1.049618320610687
2020-06-17,-0.0185080264400295,0.4505176652470581,0.0185080264400295
2020-06-18,1.1737772052239963,0.4632256123697877,1.1737772052239963
2020-06-19,0.2397239813597786,0.469100643530852,0.2397239813597786
2020-06-22,1.546656733097406,0.463730737095959,1.546656733097406
2020-06-23,1.9801762276138932,0.4896722367800621,1.9801762276138932
2020-06-24,-1.4550359712230274,0.4541385142489832,1.4550359712230274
2020-06-25,1.2960522713584464,0.4547046612138676,1.2960522713584464
2020-06-26,-3.064658875352439,0.4224377075703377,3.064658875352439
2020-06-29,-0.1837911383229001,0.353945554916327,0.1837911383229001
2020-06-30,2.7159108938104266,0.3569153622037808,2.7159108938104266
2020-07-01,5.584501756714145,0.3966911235613174,5.584501756714145
2020-07-02,0.7884588308419244,0.4536293007085641,0.7884588308419244
2020-07-06,4.2106052191334165,0.4545781159925446,4.2106052191334165
2020-07-07,-1.1750666165339765,0.4940572873880487,1.1750666165339765
2020-07-08,3.089383016664394,0.4980461999434359,3.089383016664394
2020-07-09,2.431650935978613,0.5336406980550921,2.431650935978613
2020-07-10,1.8579091159736345,0.5717517849495728,1.8579091159736345
2020-07-13,-4.984835715120612,0.5987330263602197,4.984835715120612
2020-07-14,-0.2839106506960028,0.5010364027471376,0.2839106506960028
2020-07-15,-3.544215854010911,0.5109624227144455,3.544215854010911
2020-07-16,1.2769853183712152,0.486531600152589,1.2769853183712152
2020-07-17,-0.2924559654370208,0.4961693784905184,0.2924559654370208
2020-07-20,7.742483834411054,0.5015872983605341,7.742483834411054
2020-07-21,-3.325300310287123,0.5847281729167049,3.325300310287123
2020-07-22,-0.8552959999999985,0.5806339320407794,0.8552959999999985
2020-07-23,-5.431156463990251,0.5595996639283275,5.431156463990251
2020-07-24,4.505119453924911,0.518491130620486,4.505119453924911
2020-07-27,-0.2524493794905185,0.5467042275750615,0.2524493794905185
2020-07-28,-0.7622115922953868,0.5504115591721824,0.7622115922953868
2020-07-29,-0.560542924918925,0.5534550770421498,0.560542924918925
2020-07-30,7.631055076310552,0.5609114673607065,7.631055076310552
2020-07-31,-1.9571516646115876,0.6033448741508607,1.9571516646115876
2020-08-03,-2.4933108212204984,0.6012434108021869,2.4933108212204984
2020-08-04,1.3723675597589422,0.611165421155955,1.3723675597589422
2020-08-05,1.609214414540494,0.614663539530896,1.609214414540494
2020-08-06,0.9281984497677256,0.6581765535983789,0.9281984497677256
2020-08-07,-1.6656275880037603,0.6321734395177422,1.6656275880037603
2020-08-10,-1.8014011248111423,0.6230278684224813,1.8014011248111423
2020-08-11,-0.1670307079532255,0.5735029677366378,0.1670307079532255
2020-08-12,2.412805662805652,0.5499754156032676,2.412805662805652
2020-08-13,-0.1511157747903683,0.6165068751891727,0.1511157747903683
2020-08-14,-0.1592106173973695,0.5445973483909916,0.1592106173973695
2020-08-17,1.2252924566357328,0.5635743384881418,1.2252924566357328
2020-08-18,2.833437110834371,0.5882188541797626,2.833437110834371
2020-08-19,-1.544348942328361,0.6019062281241548,1.544348942328361
2020-08-20,1.32226322263223,0.5884169899653691,1.32226322263223
2020-08-21,0.4597875569043965,0.5807133601061998,0.4597875569043965
2020-08-24,-0.4579852876757738,0.5984126131795557,0.4579852876757738
2020-08-25,1.7031918154531474,0.6027550579283202,1.7031918154531474
2020-08-26,2.952454559832415,0.6038281332766163,2.952454559832415
2020-08-27,-0.784046608020169,0.6200029112510445,0.784046608020169
2020-08-28,-0.4092900964066638,0.5917396264667942,0.4092900964066638
2020-08-31,2.3640433090152877,0.5724762196946461,2.3640433090152877
2020-09-01,1.6454702285088638,0.5832624901473701,1.6454702285088638
2020-09-02,-1.7479560191711274,0.5866390752785092,1.7479560191711274
2020-09-03,-4.791965566714487,0.5225807091857565,4.791965566714487
2020-09-04,-5.244122965641963,0.462146056101129,5.244122965641963
2020-09-08,1.8762722646310437,0.4069374387185649,1.8762722646310437
2020-09-09,3.2541469064842548,0.3986290445436152,3.2541469064842548
2020-09-10,-2.979239361155276,0.4093159766035665,2.979239361155276
2020-09-11,-1.1142241849477674,0.3915971174379328,1.1142241849477674
2020-09-14,-1.1591149905860092,0.4071363152620669,1.1591149905860092
2020-09-15,1.3975690015815645,0.3895029746721776,1.3975690015815645
2020-09-16,-5.3691992742115575,0.3950811840063186,5.3691992742115575
2020-09-17,0.7473622995762953,0.3599285686640088,0.7473622995762953
2020-09-18,-4.130961098247211,0.3779695040090934,4.130961098247211
2020-09-21,4.381076896611053,0.3768161513676825,4.381076896611053
2020-09-22,2.8542742587272367,0.3532557413224351,2.8542742587272367
2020-09-23,-4.571164871508096,0.3896626279443787,4.571164871508096
2020-09-24,2.588161018742085,0.4350720133175691,2.588161018742085
2020-09-25,3.0767367407999062,0.3683850923450263,3.0767367407999062
2020-09-28,0.8428473887292175,0.3978270181958502,0.8428473887292175
2020-09-29,-1.0786076670897151,0.3655624049732187,1.0786076670897151
2020-09-30,2.128526585889211,0.373503634841454,2.128526585889211
2020-10-01,-1.6948254364089812,0.3946689803420806,1.6948254364089812
2020-10-02,-0.2470169296968878,0.360424399806139,0.2470169296968878
2020-10-05,0.6090583119294042,0.4041693155865631,0.6090583119294042
2020-10-06,-0.9478672985781992,0.4194151091297618,0.9478672985781992
2020-10-07,2.8704944178628464,0.4063452972865932,2.8704944178628464
2020-10-08,-0.4648076428144036,0.4130005437382515,0.4648076428144036
2020-10-09,4.359501557632408,0.3965896294693483,4.359501557632408
2020-10-12,3.523943712424685,0.4062463075515382,3.523943712424685
2020-10-13,-0.6052497267869832,0.4293496475919943,0.6052497267869832
2020-10-14,-4.496373658253544,0.4577307569761983,4.496373658253544
2020-10-15,2.163419916707409,0.4052428218051869,2.163419916707409
2020-10-16,-1.8916339352348688,0.4589257998177274,1.8916339352348688
2020-10-19,-2.343610305460343,0.4576453079894853,2.343610305460343
2020-10-20,-0.3035117990987774,0.4119816115724209,0.3035117990987774
2020-10-21,-0.7044357976653625,0.380665491028363,0.7044357976653625
2020-10-22,0.0354246411295756,0.3575246290537806,0.0354246411295756
2020-10-23,0.2425571921027893,0.3545447874456629,0.2425571921027893
2020-10-26,0.8190725098007354,0.352573976978812,0.8190725098007354
2020-10-27,0.7553628904723741,0.3775122729921525,0.7553628904723741
2020-10-28,-1.4781645277444364,0.3665337155022871,1.4781645277444364
2020-10-29,-1.3594604641283092,0.3357201333480192,1.3594604641283092
2020-10-30,-3.0404560209009577,0.2679235429315949,3.0404560209009577
2020-11-02,-1.411289005598114,0.2473849977962777,1.411289005598114
2020-11-03,4.686387082454047,0.2293212246929756,4.686387082454047
2020-11-04,5.062674248969139,0.3303099841838219,5.062674248969139
2020-11-05,-0.4617511604020564,0.338753168631841,0.4617511604020564
2020-11-06,-2.227474097027207,0.3161268508105702,2.227474097027207
2020-11-09,-4.209493567066848,0.2913293953567621,4.209493567066848
2020-11-10,-1.073983366828005,0.2389979195769688,1.073983366828005
2020-11-11,3.206304829216994,0.214471982992957,3.206304829216994
2020-11-12,-1.200968369752691,0.2266389740967337,1.200968369752691
2020-11-13,-0.9224855861627148,0.1937630627791264,0.9224855861627148
2020-11-16,2.920793999741372,0.1920603663422508,2.920793999741372
2020-11-17,-1.5563148765558994,0.2091728242544704,1.5563148765558994
2020-11-18,-0.9154435226547452,0.2143193748229366,0.9154435226547452
2020-11-19,0.3770960065178653,0.1964205171335369,0.3770960065178653
2020-11-20,-0.0102662158086833,0.1811128880468479,0.0102662158086833
2020-11-23,-0.5197805371065565,0.1607936964868149,0.5197805371065565
2020-11-24,1.3343009192065798,0.1506296385228859,1.3343009192065798
2020-11-25,2.208557324141344,0.1469031022047182,2.208557324141344
2020-11-27,-0.0865703804736966,0.1827975006765318,0.0865703804736966
2020-11-30,-0.6227247793347599,0.1748873416883246,0.6227247793347599
2020-12-01,1.0396738278187228,0.1690958511118937,1.0396738278187228
2020-12-02,-0.5025375195940056,0.1982472315209624,0.5025375195940056
2020-12-03,-0.2261765861997859,0.2114091213368045,0.2261765861997859
2020-12-04,-1.3047923682309797,0.2232802446147571,1.3047923682309797
2020-12-07,0.0766676804541647,0.1925355195463913,0.0766676804541647
2020-12-08,0.2845927379784105,0.1980517133545628,0.2845927379784105
2020-12-09,-2.4906167827797008,0.1995411318751328,2.4906167827797008
2020-12-10,0.2483012246721407,0.1138747356525303,0.2483012246721407
2020-12-11,1.496451014964515,0.1127963149509157,1.496451014964515
2020-12-14,1.2093541202672566,0.1361964261290751,1.2093541202672566
2020-12-15,-0.1571827815693757,0.1850201706520716,0.1571827815693757
2020-12-16,2.32965261444391,0.1674225750929677,2.32965261444391
2020-12-17,-0.1849230769230766,0.1996426926099274,0.1849230769230766
2020-12-18,-1.355737841362034,0.1973743034119898,1.355737841362034
2020-12-21,0.0885622232430613,0.163275925304706,0.0885622232430613
2020-12-22,0.0673151736394263,0.0995630977593224,0.0673151736394263
2020-12-23,-0.3463338533541384,0.1161788725932503,0.3463338533541384
2020-12-24,0.0031309684085259,0.1387222589012185,0.0031309684085259
2020-12-28,3.6299311208516127,0.1220882368957288,3.6299311208516127
2020-12-29,0.9383855900711174,0.1589309874714871,0.9383855900711174
2020-12-30,-1.975456450164628,0.1664195623556792,1.975456450164628
2020-12-31,-0.1526717557251908,0.1633996962488751,0.1526717557251908
2021-01-04,-3.1801223241590217,0.1781960884817865,3.1801223241590217
2021-01-05,-0.6168647603766174,0.137749811074847,0.6168647603766174
2021-01-06,0.3343418677379052,0.1028228261844915,0.3343418677379052
2021-01-07,0.7285397529300005,0.0959528670303046,0.7285397529300005
2021-01-08,-1.0059748427672994,0.0952365390587459,1.0059748427672994
2021-01-11,-0.8897684568981635,0.0685542136581269,0.8897684568981635
2021-01-12,0.2705128205128186,0.0327161840266982,0.2705128205128186
2021-01-13,1.2491848972650956,0.043227728878983,1.2491848972650956
2021-01-14,-1.4048845784714818,0.0464743886437767,1.4048845784714818
2021-01-15,-0.5129650146332819,0.0195403853061419,0.5129650146332819
2021-01-19,2.4135822336659234,0.0069246682217485,2.4135822336659234
2021-01-20,3.488697324630184,0.0283447916229743,3.488697324630184
2021-01-21,0.3434558153659191,0.0300599645086712,0.3434558153659191
2021-01-22,0.7320741697964294,0.0460004188931173,0.7320741697964294
2021-01-25,-0.9657202944269224,0.065435754535889,0.9657202944269224
2021-01-26,1.3692089082611192,0.0568312989326471,1.3692089082611192
2021-01-27,-3.1857045808905555,0.0745465971390421,3.1857045808905555
2021-01-28,-0.1557940550966971,0.0276735337173197,0.1557940550966971
2021-01-29,0.3826625386996873,0.0346562403661369,0.3826625386996873
2021-02-01,4.245056070269807,0.04825970238684,4.245056070269807
2021-02-02,1.3316568047337207,0.0950515756393414,1.3316568047337207
2021-02-03,-2.77400649925109,0.0927993107941598,2.77400649925109
2021-02-04,-0.3303303303303371,0.0789889520058224,0.3303303303303371
2021-02-05,1.1901175052726862,0.0886624695277392,1.1901175052726862
2021-02-08,-1.3699568259639716,0.1044532440409151,1.3699568259639716
2021-02-09,0.0455850432755883,0.0970540543038512,0.0455850432755883
2021-02-10,-0.6638503319251626,0.107138406230505,0.6638503319251626
2021-02-11,-1.2758201701093526,0.1009090641803062,1.2758201701093526
2021-02-12,0.1246153846153762,0.1013432937981844,0.1246153846153762
2021-02-16,0.2934804320769628,0.0779082386094419,0.2934804320769628
2021-02-17,0.5766638068390749,0.0712740397974535,0.5766638068390749
2021-02-18,1.395616648692111,0.116691107119261,1.395616648692111
2021-02-19,-3.6085246512410474,0.1194242341241815,3.6085246512410474
2021-02-22,-2.5279524208807045,0.0378383205942511,2.5279524208807045
2021-02-23,1.2702148684214851,0.0171046327976957,1.2702148684214851
2021-02-24,-0.9476592721244282,0.0272722419531486,0.9476592721244282
2021-02-25,-1.324304851533757,0.0031011811431211,1.324304851533757
2021-02-26,1.0561514603256674,0.0032442240850173,1.0561514603256674
2021-03-01,0.4980993577139838,0.0095439692013807,0.4980993577139838
2021-03-02,-1.9815681396673055,0.0071048232341444,1.9815681396673055
2021-03-03,-2.245243705333673,-0.0184132111577239,2.245243705333673
2021-03-04,-0.2324037184594916,-0.0472422973672237,0.2324037184594916
2021-03-05,0.3327787021630615,-0.0609679310707783,0.3327787021630615
2021-03-08,0.0991708126036411,-0.0783748498066032,0.0991708126036411
2021-03-09,2.666012809850281,-0.1006518292822594,2.666012809850281
2021-03-10,0.179444560990167,-0.0615095649798107,0.179444560990167
2021-03-11,-0.9345975045183522,-0.0269428340455013,0.9345975045183522
2021-03-12,-0.0139837398374004,-0.0510483125088766,0.0139837398374004
2021-03-15,0.988756151266688,-0.0344396196589928,0.988756151266688
2021-03-16,-1.022554163164221,-0.0009226641123643,1.022554163164221
2021-03-17,0.9039378892497184,-0.0078999811378028,0.9039378892497184
2021-03-18,-2.314414704933899,0.0069440176771855,2.314414704933899
2021-03-19,1.2749114461430868,-0.0212495593461111,1.2749114461430868
2021-03-22,1.928060368010158,-0.0294946451543869,1.928060368010158
2021-03-23,0.7687879756955537,-0.0107746571604243,0.7687879756955537
2021-03-24,-2.4769599878135495,-0.0045886871895526,2.4769599878135495
2021-03-25,-0.941428380827784,-0.023008685277645,0.941428380827784
2021-03-26,0.3738428283279491,-0.0258485076462241,0.3738428283279491
2021-03-29,0.4768543974026633,-0.0071758347030415,0.4768543974026633
2021-03-30,-0.1938104436141805,0.0026210377244168,0.1938104436141805
2021-03-31,1.758451205263597,-0.0211211664693179,1.758451205263597
2021-04-01,1.7659095428391915,-0.0395649309280873,1.7659095428391915
2021-04-05,1.599432713520324,-0.0145959690603778,1.599432713520324
2021-04-06,0.3117487398216348,0.0187522748479565,0.3117487398216348
2021-04-07,2.384191972292653,0.05509648088731,2.384191972292653
2021-04-08,-0.187260261560285,0.089136115205247,0.187260261560285
2021-04-09,1.5284292068871568,0.0553162063383248,1.5284292068871568
2021-04-12,1.360153313801523,0.0830362767396111,1.360153313801523
2021-04-13,0.093917807510241,0.1059886205469664,0.093917807510241
2021-04-14,-0.9706113911704838,0.0703804490876836,0.9706113911704838
2021-04-15,0.2669830910708921,0.0833116855411521,0.2669830910708921
2021-04-16,0.3056213017751525,0.0993584065535882,0.3056213017751525
2021-04-19,-0.4934622883318148,0.0972884020572714,0.4934622883318148
2021-04-20,-1.707374911074221,0.0925617036322184,1.707374911074221
2021-04-21,1.6791314837153146,0.082313607854219,1.6791314837153146
2021-04-22,-1.5594599724766234,0.0829613458008709,1.5594599724766234
2021-04-23,0.8707179657135928,0.0401739078149031,0.8707179657135928
2021-04-26,2.8515531660692854,0.0503400594380115,2.8515531660692854
2021-04-27,-0.2517809070501447,0.0858412773540863,0.2517809070501447
2021-04-28,2.0466402701758373,0.0714298259397873,2.0466402701758373
2021-04-29,0.5712251126787372,0.0980679669871549,0.5712251126787372
2021-04-30,-1.1457765976761038,0.1073680901067191,1.1457765976761038
2021-05-03,-3.688664545029309,0.1100453746719724,3.688664545029309
2021-05-04,-0.5164785068783404,0.0726852724101412,0.5164785068783404
2021-05-05,-2.0622632422602263,0.0646369931425761,2.0622632422602263
2021-05-06,1.5012232415902116,0.0725263799445949,1.5012232415902116
2021-05-07,-1.107833773715074,0.0833669433416852,1.107833773715074
2021-05-10,-4.449291964220442,0.0563736438548327,4.449291964220442
2021-05-11,1.5534327292206098,0.0025011559349078,1.5534327292206098
2021-05-12,0.014756671899537,0.0173214077886935,0.014756671899537
2021-05-13,0.0028253287583803,-0.0081819543996573,0.0028253287583803
2021-05-14,1.895114202840328,-0.0057416352348386,1.895114202840328
2021-05-17,1.4370611812331155,0.0271939402022541,1.4370611812331155
2021-05-18,-2.9635154966810253,0.0407005250749989,2.9635154966810253
2021-05-19,1.54629107981221,0.0098603197939018,1.54629107981221
2021-05-20,0.172481602167914,0.0284126214709842,0.172481602167914
2021-05-21,-1.061538461538458,0.0285921481869779,1.061538461538458
2021-05-24,1.5913543772352547,-0.0160725188654988,1.5913543772352547
2021-05-25,0.2425099566225045,-0.0090972360330309,0.2425099566225045
2021-05-26,-0.5677653887873625,0.0126503763539724,0.5677653887873625
2021-05-27,-0.4299754299754404,0.0099199558440827,0.4299754299754404
2021-05-28,0.0461443553362186,0.036169069846385,0.0461443553362186
2021-06-01,-0.6288276600310304,0.0429241412621161,0.6288276600310304
2021-06-02,-0.5854612019484349,0.0330753831359534,0.5854612019484349
2021-06-03,0.2424919559457301,0.0200137107410671,0.2424919559457301
2021-06-04,-0.456724782067243,0.0323159155424438,0.456724782067243
2021-06-07,0.7906597066927781,0.0289648947972234,0.7906597066927781
2021-06-08,1.559605413003731,0.0354716948280042,1.559605413003731
2021-06-09,0.2792655986947371,0.0422113762957554,0.2792655986947371
2021-06-10,2.06093217266247,0.0551295682432848,2.06093217266247
2021-06-11,-0.0841879002283767,0.0782610152754009,0.0841879002283767
2021-06-14,1.1106031677736798,0.0605622717580191,1.1106031677736798
2021-06-15,0.2364066193853461,0.049435277142817,0.2364066193853461
2021-06-16,0.3295990566037721,0.0536126769586103,0.3295990566037721
2021-06-17,2.257006681985684,0.0560054525567503,2.257006681985684
2021-06-18,-0.1025865016853576,0.0766176417370983,0.1025865016853576
2021-06-21,-0.5281295125445179,0.0660165851370067,0.5281295125445179
2021-06-22,1.3574084891528826,0.0933236929917674,1.3574084891528826
2021-06-23,0.0753209700427988,0.1154018290188396,0.0753209700427988
2021-06-24,-1.2441413600027462,0.0972674495954369,1.2441413600027462
2021-06-25,-1.385681293302527,0.0424883047123678,1.385681293302527
2021-06-28,0.6680327868852407,0.0157334788744734,0.6680327868852407
2021-06-29,0.0651386231323505,0.0508568885483896,0.0651386231323505
2021-06-30,-0.1874422416348398,0.0570695621467055,0.1874422416348398
2021-07-01,0.4958350438623233,0.0448045434229199,0.4958350438623233
2021-07-02,2.27341205919506,0.0665806772678827,2.27341205919506
2021-07-06,5.3048771851301995,0.0920395827447757,5.3048771851301995
2021-07-07,-1.9857544753318064,0.1216483403068995,1.9857544753318064
2021-07-08,2.1671112867634994,0.1284264188892311,2.1671112867634994
2021-07-09,0.5770284645884959,0.1505437294061987,0.5770284645884959
2021-07-12,-1.119123931623931,0.1578782743188761,1.119123931623931
2021-07-13,0.1823289484346753,0.1473979438311995,0.1823289484346753
2021-07-14,-0.3950011459077544,0.1393767648666592,0.3950011459077544
2021-07-15,-1.6482594337068914,0.1479141750282922,1.6482594337068914
2021-07-16,-2.772403125524669,0.1569024401700384,2.772403125524669
2021-07-19,0.9834172191429624,0.120612177894603,0.9834172191429624
2021-07-20,0.2538600405906934,0.1432453316340328,0.2538600405906934
2021-07-21,0.3034915791851843,0.1591208109498293,0.3034915791851843
2021-07-22,1.4710514798326249,0.1477798451897174,1.4710514798326249
2021-07-23,0.9112637362637382,0.1609907195328916,0.9112637362637382
2021-07-26,0.6895950908888006,0.1905013890683035,0.6895950908888006
2021-07-27,-1.7498986075436087,0.2281853114817334,1.7498986075436087
2021-07-28,-0.1659429024321804,0.2105761390962673,0.1659429024321804
2021-07-29,-7.7127696230445775,0.203751460550566,7.7127696230445775
2021-07-30,0.1538254752908455,0.1442251664507922,0.1538254752908455
2021-08-02,-0.3692105812531686,0.1137160640165684,0.3692105812531686
2021-08-03,1.1563375559759572,0.1074880528394681,1.1563375559759572
2021-08-04,-0.6844511518487248,0.129131323305383,0.6844511518487248
2021-08-05,0.5595580742621121,0.1223510000959096,0.5595580742621121
2021-08-06,-0.930074074074077,0.112547406509664,0.930074074074077
2021-08-09,0.0418709119783666,0.0982832158649626,0.0418709119783666
2021-08-10,-0.405439744574755,0.0894919906197699,0.405439744574755
2021-08-11,-1.2441436876697387,0.1361845619619431,1.2441436876697387
2021-08-12,0.4762917933130721,0.0834349206218301,0.4762917933130721
2021-08-13,-0.6857913826849007,0.0896940321664265,0.6857913826849007
2021-08-16,-0.1675296984465462,0.0543519449254832,0.1675296984465462
2021-08-17,-1.083447749809302,0.1121597787751797,1.083447749809302
2021-08-18,-1.4796467601689165,0.1148602346308814,1.4796467601689165
2021-08-19,0.3085140356040435,0.0924654315589305,0.3085140356040435
2021-08-20,0.2505092272667352,0.0822607798513822,0.2505092272667352
2021-08-23,2.120240356175473,0.0618535734470855,2.120240356175473
2021-08-24,0.9106707317073242,0.0804081891760425,0.9106707317073242
2021-08-25,-0.3284116898851151,0.0672628048902792,0.3284116898851151
2021-08-26,1.0375871476204916,0.0437520832406155,1.0375871476204916
2021-08-27,0.7259025029775932,0.0432729756098919,0.7259025029775932
2021-08-30,2.0067158591135104,0.0293464374403174,2.0067158591135104
2021-08-31,2.0905162345246304,0.0510813722392126,2.0905162345246304
2021-09-01,-0.0467910385436815,0.0546967410546586,0.0467910385436815
2021-09-02,-1.2235461090318107,0.0390327962115751,1.2235461090318107
2021-09-03,0.7531865585168085,0.026490354627797,0.7531865585168085
2021-09-07,0.9675100632547466,0.0442647351193068,0.9675100632547466
2021-09-08,0.4092093460339028,0.0511236776519413,0.4092093460339028
2021-09-09,-0.6859858991157102,0.0522789271018394,0.6859858991157102
2021-09-10,-0.5434869519725751,0.0539315847277768,0.5434869519725751
2021-09-13,-0.2081658435741259,0.0625512094653206,0.2081658435741259
2021-09-14,-0.9503531815108393,0.0464399009987634,0.9503531815108393
2021-09-15,0.5066056261110963,0.0466863502648789,0.5066056261110963
2021-09-16,0.822437253609882,0.0461657551762544,0.822437253609882
2021-09-17,-2.649225321750618,0.0253059118691269,2.649225321750618
2021-09-20,-0.6183745583038935,0.0025361265501919,0.6183745583038935
2021-09-21,-0.7111111111111044,-0.0212658508322552,0.7111111111111044
2021-09-22,0.8669054013727163,-0.0204279959644076,0.8669054013727163
2021-09-23,0.6496945311459967,0.0009991488572645,0.6496945311459967
2021-09-24,-0.8968227606620922,0.0232421102246014,0.8968227606620922
2021-09-27,-0.4090167581195202,0.0150214879431906,0.4090167581195202
2021-09-28,-1.0602464179455646,0.0264410678868324,1.0602464179455646
2021-09-29,-0.1839192561354049,0.0002473253285131,0.1839192561354049
2021-09-30,-0.8139324487334174,0.0269739047333583,0.8139324487334174
2021-10-01,-0.2924892292817562,0.0667034088197984,0.2924892292817562
2021-10-04,-2.2836564117107243,0.0402675403460601,2.2836564117107243
2021-10-05,0.2817912310812981,0.0169956575999023,0.2817912310812981
2021-10-06,2.4275485214079184,0.0194408771974623,2.4275485214079184
2021-10-07,0.773498119421302,0.0247140517477184,0.773498119421302
2021-10-08,-1.2662044015676783,0.0180674721653439,1.2662044015676783
2021-10-11,-0.5496183206106905,0.0506754003317725,0.5496183206106905
2021-10-12,0.3902364138778063,0.024035883553261,0.3902364138778063
2021-10-13,1.001434377972363,0.0236788101647905,1.001434377972363
2021-10-14,0.2714950760858374,0.0485489035788321,0.2714950760858374
2021-10-15,2.323414124454165,0.0293061219723872,2.323414124454165
2021-10-18,1.355582851634912,0.0478616461214127,1.355582851634912
2021-10-19,0.5348994988775106,0.0683462610906432,0.5348994988775106
2021-10-20,-1.1124755985240389,0.0784973159340115,1.1124755985240389
2021-10-21,0.1977008127700114,0.0661331136559426,0.1977008127700114
2021-10-22,-2.5138848289973756,0.0747758798489077,2.5138848289973756
2021-10-25,0.4350824587706212,0.0563214278044697,0.4350824587706212
2021-10-26,1.1491233046027596,0.0557872469928573,1.1491233046027596
2021-10-27,0.4160566706021286,0.0703749404155228,0.4160566706021286
2021-10-28,-3.000385644614383,0.0649716965825028,3.000385644614383
2021-10-29,1.8721098660008113,0.0194556680578108,1.8721098660008113
2021-11-01,-1.3918139092153103,0.0350412828856947,1.3918139092153103
2021-11-02,-0.181296587340611,0.000861306065559,0.181296587340611
2021-11-03,1.8434572378362113,-2.5168297488734005e-05,1.8434572378362113
2021-11-04,3.1750741839762577,0.0072074766348027,3.1750741839762577
2021-11-05,1.3298820822548243,0.0366191315313686,1.3298820822548243
2021-11-08,-0.2267798957777599,0.0453991131956703,0.2267798957777599
2021-11-09,1.3831164213071685,0.0218482417205235,1.3831164213071685
2021-11-10,-1.4273809089557108,0.0366813919862376,1.4273809089557108
2021-11-11,-0.7970395673213809,0.0277125217003486,0.7970395673213809
2021-11-12,1.492109038737443,0.0059941923589347,1.492109038737443
2021-11-15,0.0565450947130304,0.0321307910020203,0.0565450947130304
2021-11-16,0.7267589714608654,0.0415598296725647,0.7267589714608654
2021-11-17,0.0457258915146241,0.0590637012620121,0.0457258915146241
2021-11-18,4.103354970768437,0.055549947314986,4.103354970768437
2021-11-19,-0.9780509549679556,0.0950068755189818,0.9780509549679556
2021-11-22,-2.4844561685441504,0.083430251209676,2.4844561685441504
2021-11-23,-0.6239818802579673,0.0486270331868219,0.6239818802579673
2021-11-24,1.1066419286658675,0.0294197964345851,1.1066419286658675
2021-11-26,-1.5116754245306063,-0.019070531056985,1.5116754245306063
2021-11-29,0.4469445073970216,-0.0171265899704775,0.4469445073970216
2021-11-30,-0.519152518591279,-0.0326664478258847,0.519152518591279
2021-12-01,-2.397743300423131,-0.0435977535100795,2.397743300423131
2021-12-02,-0.1445086705202312,-0.0387494790840459,0.1445086705202312
2021-12-03,-1.7945007235889985,-0.0372523782345912,1.7945007235889985
2021-12-06,2.917771883289118,-0.0508827341141418,2.917771883289118
2021-12-07,0.888029782359679,-0.008935065553449,0.888029782359679
2021-12-08,-0.2273623974953201,0.0179963982396442,0.2273623974953201
2021-12-09,-0.1894736842105254,0.0106351166627011,0.1894736842105254
2021-12-10,-1.9479297901571693,0.0095570598982692,1.9479297901571693
2021-12-13,-2.587209302325575,-0.0111069040230172,2.587209302325575
2021-12-14,0.6254849298716811,-0.0464573996218938,0.6254849298716811
2021-12-15,2.82957093203951,-0.0409373289778672,2.82957093203951
2021-12-16,-3.2636244394890372,-0.0118543867436437,3.2636244394890372
2021-12-17,-0.5130865390062053,-0.0357170539949269,0.5130865390062053
2021-12-20,0.5996403955648886,-0.0354760263968037,0.5996403955648886
2021-12-21,0.8455738886687812,0.0179376406155968,0.8455738886687812
2021-12-22,0.6842331000568286,0.0205466105272402,0.6842331000568286
2021-12-23,0.3573356490717539,0.0318171132327093,0.3573356490717539
2021-12-27,-0.4995995018621711,0.0135431809605813,0.4995995018621711
2021-12-28,0.3863499478501014,0.0231033549110468,0.3863499478501014
2021-12-29,-0.66729103254508,0.0167667935473357,0.66729103254508
2021-12-30,-0.4384207424867412,0.0281719485725174,0.4384207424867412
2021-12-31,-0.8321693221903795,0.0248729450869562,0.8321693221903795
2022-01-03,1.7236645777379749,0.0253557518337665,1.7236645777379749
2022-01-04,-2.085802461892289,0.0571501393918932,2.085802461892289
2022-01-05,-2.0568302343558087,0.035267248589713,2.0568302343558087
2022-01-06,0.2376866390742111,0.0308359384142022,0.2376866390742111
2022-01-07,-1.985790928899714,0.0324629154791057,1.985790928899714
2022-01-10,0.5694785643784799,0.0338911953360456,0.5694785643784799
2022-01-11,3.1424148606811073,0.0627160587972866,3.1424148606811073
2022-01-12,-0.7951373255290413,0.0815921374385435,0.7951373255290413
2022-01-13,-3.086526213233838,0.0683469258250734,3.086526213233838
2022-01-14,-0.6525132688105001,0.0260372726335921,0.6525132688105001
2022-01-18,-0.2155809056912035,0.0060989798666119,0.2155809056912035
2022-01-19,-1.257227800103305,0.0058037757595466,1.257227800103305
2022-01-20,-4.347881555949634,-0.0194538554549815,4.347881555949634
2022-01-21,-7.302434144714898,-0.0590439179274247,7.302434144714898
2022-01-24,2.332733812949645,-0.1314545653613164,2.332733812949645
2022-01-25,1.7628345958486338,-0.1414617612739691,1.7628345958486338
2022-01-26,-2.7288428324697676,-0.1330701619763502,2.7288428324697676
2022-01-27,0.0429687499999932,-0.125056426339949,0.0429687499999932
2022-01-28,2.7612425058834793,-0.1676519769992311,2.7612425058834793
2022-01-31,3.626943005181347,-0.1473958779884043,3.626943005181347
2022-02-01,3.3669999999999995,-0.1374152294292493,3.3669999999999995
2022-02-02,-8.586234807369204,-0.1062354308964703,8.586234807369204
2022-02-03,9.784989858012173,-0.1439419374510103,9.784989858012173
2022-02-04,1.8723510907320704,-0.1304099840808882,1.8723510907320704
2022-02-07,-1.1162629321221436,-0.1095145955532288,1.1162629321221436
2022-02-08,3.906207635701334,-0.1152057938994655,3.906207635701334
2022-02-09,-2.7773087703033412,-0.1234319080166015,2.7773087703033412
2022-02-10,-0.1360909377960161,-0.077273435907557,0.1360909377960161
2022-02-11,-4.036753523108492,-0.0612358660789395,4.036753523108492
2022-02-14,3.857964692160184,-0.0519782576750695,3.857964692160184
2022-02-15,-1.1516095567730806,-0.06763489676796,1.1516095567730806
2022-02-16,1.5119663907619385,-0.0841800585488799,1.5119663907619385
2022-02-17,-1.6734536441010048,-0.1003473262221619,1.6734536441010048
2022-02-18,-3.2289492892260196,-0.1167332153042988,3.2289492892260196
2022-02-22,0.7788488056433291,-0.1118851796756066,0.7788488056433291
2022-02-23,-7.789621531086273,-0.1147578439709642,7.789621531086273
2022-02-24,7.660677572182,-0.0424941995356195,7.660677572182
2022-02-25,1.2454334108269678,-0.0198655356239361,1.2454334108269678
2022-02-28,0.2017385599474995,0.0414324328646054,0.2017385599474995
2022-03-01,-1.2332018398179811,0.0310751354204999,1.2332018398179811
2022-03-02,1.7782683345597283,-0.0182499812424089,1.7782683345597283
2022-03-03,-4.150614043372209,-0.0325089508642259,4.150614043372209
2022-03-04,-1.1657458938970715,-0.0164008689057561,1.1657458938970715
2022-03-07,-6.022957368325151,-0.014236725812151,6.022957368325151
2022-03-08,2.060599852944935,-0.0424392189358509,2.060599852944935
2022-03-09,4.433691756272403,-0.0598701239366533,4.433691756272403
2022-03-10,2.6698012835913087,-0.0562234907629327,2.6698012835913087
2022-03-11,-2.402481706440607,-0.0942225728650474,2.402481706440607
2022-03-14,-2.1447996657099213,-0.1293874085573841,2.1447996657099213
2022-03-15,3.9551977598879984,-0.1479790048644876,3.9551977598879984
2022-03-16,2.7882154882154904,-0.1141654072828909,2.7882154882154904
2022-03-17,2.733547125435245,-0.1070573605719399,2.733547125435245
2022-03-18,2.747093672080768,-0.0527098612837803,2.747093672080768
2022-03-21,0.4249606506422462,-0.0496816085663372,0.4249606506422462
2022-03-22,1.1739403172327378,-0.0617712844659373,1.1739403172327378
2022-03-23,0.0271830426682137,-0.0571390107270397,0.0271830426682137
2022-03-24,0.1529775663437068,0.0147214261972652,0.1529775663437068
2022-03-25,0.5945121951219478,-0.0084124683371014,0.5945121951219478
2022-03-28,3.278678587664793,0.0254226549148516,3.278678587664793
2022-03-29,-1.100161987041027,0.0452702667307403,1.100161987041027
2022-03-30,-1.22527216566426,0.0192764887760895,1.22527216566426
2022-03-31,-1.3790157457607553,-0.0321519388802693,1.3790157457607553
2022-04-01,-0.0149254185970649,-0.070922753446646,0.0149254185970649
2022-04-04,2.203503427265805,-0.0699877151807102,2.203503427265805
2022-04-05,-3.6311825040315058,-0.0658342046887589,3.6311825040315058
2022-04-06,-2.01081963866489,-0.0963967128455628,2.01081963866489
2022-04-07,-1.0416666666666703,-0.1081333011326557,1.0416666666666703
2022-04-08,-2.575438596491232,-0.1409502674693154,2.575438596491232
2022-04-11,0.6413992259990974,-0.1701237687356857,0.6413992259990974
2022-04-12,-2.3904874993900203,-0.1799747334163641,2.3904874993900203
2022-04-13,3.5805583977976037,-0.209513045325356,3.5805583977976037
2022-04-14,-2.488255357487595,-0.2403044342080999,2.488255357487595
2022-04-18,0.3339415998178501,-0.2387937390161744,0.3339415998178501
2022-04-19,3.6657359262511418,-0.1991834803097498,3.6657359262511418
2022-04-20,-1.8327754953125703,-0.15763029234053,1.8327754953125703
2022-04-21,-4.178031723050273,-0.1861855998614799,4.178031723050273
2022-04-22,-2.8512647554806096,-0.1926339366632502,2.8512647554806096
2022-04-25,0.5394971636474836,-0.2167861563912649,0.5394971636474836
2022-04-26,-3.1826657458563674,-0.2143093901573917,3.1826657458563674
2022-04-27,1.4169903310828451,-0.2018901039613197,1.4169903310828451
2022-04-28,-8.671524427126565,-0.2016743340991513,8.671524427126565
2022-04-29,-5.735893229828488,-0.2004213051368174,5.735893229828488
2022-05-02,1.3500706693572793,-0.2678966813460692,1.3500706693572793
2022-05-03,-0.3655680815132224,-0.2988199765826534,0.3655680815132224
2022-05-04,-0.4854368932038789,-0.3133704527989967,0.4854368932038789
2022-05-05,-6.626016260162606,-0.528805780091884,6.626016260162606
2022-05-06,-3.0801044841097034,-0.3162921347134086,3.0801044841097034
2022-05-09,-0.056148231330713,-0.2960764750795245,0.056148231330713
2022-05-10,-2.828314606741576,-0.3375309752672827,2.828314606741576
2022-05-11,-4.952198587464788,-0.4158656787919866,4.952198587464788
2022-05-12,6.149878345498786,-0.3428847997709444,6.149878345498786
2022-05-13,3.695825578303635,-0.293070717062245,3.695825578303635
2022-05-16,0.1547303271441303,-0.320039487485217,0.1547303271441303
2022-05-17,-1.620392849260658,-0.5686166933897796,1.620392849260658
2022-05-18,-4.629417755822659,-0.5973677746750015,4.629417755822659
2022-05-19,3.09370016136544,-0.6399093576639072,3.09370016136544
2022-05-20,-1.010783208677678,-0.6120002417161877,1.010783208677678
2022-05-23,-4.089949382727426,-0.6084075222038126,4.089949382727426
2022-05-24,-0.3552030761836117,-0.6383669114527667,0.3552030761836117
2022-05-25,4.162345461649402,-0.6361520562957104,4.162345461649402
2022-05-26,5.1681022506251715,-0.5694024386001939,5.1681022506251715
2022-05-27,2.4042272126816417,-0.5743160793506245,2.4042272126816417
2022-05-31,5.139318885448915,-0.5199495081947746,5.139318885448915
2022-06-01,-0.4678706975526785,-0.4532506806165745,0.4678706975526785
2022-06-02,2.067650636073769,-0.4292399256865401,2.067650636073769
2022-06-03,0.841384863123995,-0.3765138829362287,0.841384863123995
2022-06-06,-2.5869296179488277,-0.3829730830427081,2.5869296179488277
2022-06-07,0.4958813163394975,-0.4539578446425242,0.4958813163394975
2022-06-08,-2.136856700106031,-0.4385718097512929,2.136856700106031
2022-06-09,-5.479623301941819,-0.4274506136294019,5.479623301941819
2022-06-10,-8.133844729533138,-0.4608280655780878,8.133844729533138
2022-06-13,0.0,-0.5064881782412997,0.0
2022-06-14,-0.3167290526921953,-0.4868910779349765,0.3167290526921953
2022-06-15,0.5873290968611588,-0.4804170668164025,0.5873290968611588
2022-06-16,-1.5985450368526866,-0.3941467795013285,1.5985450368526866
2022-06-17,5.2529182879377485,-0.4424717149997223,5.2529182879377485
2022-06-21,-0.7116451016635823,-0.3665459724035694,0.7116451016635823
2022-06-22,2.7552825095410904,-0.3228207291661785,2.7552825095410904
2022-06-23,1.8026995198840428,-0.3019589549338756,1.8026995198840428
2022-06-24,4.191137213027236,-0.2379574533599961,4.191137213027236
2022-06-27,-3.0660175933042986,-0.2148796558434681,3.0660175933042986
2022-06-28,-5.3920704845815015,-0.3086408747228062,5.3920704845815015
2022-06-29,0.6798286459303445,-0.2561137362029319,0.6798286459303445
2022-06-30,-1.6834705392655565,-0.3166537739211699,1.6834705392655565
2022-07-01,1.232477185059731,-0.3547233283445291,1.232477185059731
2022-07-05,5.213754646840149,-0.3405703973062873,5.213754646840149
2022-07-06,0.5653210847098318,-0.3269883268062716,0.5653210847098318
2022-07-07,0.6587615283267457,-0.2834750728072776,0.6587615283267457
2022-07-08,-0.4537521815008691,-0.2717510397123572,0.4537521815008691
2022-07-11,-1.6830294530154293,-0.2372049994858373,1.6830294530154293
2022-07-12,-4.573823109843078,-0.3015699702699367,4.573823109843078
2022-07-13,2.999159114267022,-0.3236542306730379,2.999159114267022
2022-07-14,2.0500725689404984,-0.3055366807825861,2.0500725689404984
2022-07-15,2.2222222222222223,-0.2692070643778641,2.2222222222222223
2022-07-18,0.6086956521739155,-0.2194528271337083,0.6086956521739155
2022-07-19,2.519446845289535,-0.2180326940238069,2.519446845289535
2022-07-20,3.865447034523465,-0.1207316732734639,3.865447034523465
2022-07-21,1.469155844155846,-0.1541294096269666,1.469155844155846
2022-07-22,-1.8518518518518616,-0.1555248154706978,1.8518518518518616
2022-07-25,-5.627776192998889,-0.1739252815895111,5.627776192998889
2022-07-26,1.312721305812243,-0.21452232264997,1.312721305812243
2022-07-27,3.631403972380863,-0.2221537764512789,3.631403972380863
2022-07-28,10.964876203010624,-0.1420034809211564,10.964876203010624
2022-07-29,0.0444773906597496,-0.0500913986815898,0.0444773906597496
2022-08-01,-0.1778304682869065,0.0275464586827822,0.1778304682869065
2022-08-02,1.1059976247030947,-0.0038386382779635,1.1059976247030947
2022-08-03,3.2082813302988065,-0.0468578054938062,3.2082813302988065
2022-08-04,-0.3414425949637346,-0.0594166563678439,0.3414425949637346
2022-08-05,1.3918629550321322,-0.0112928682371424,1.3918629550321322
2022-08-08,-2.814501935938063,0.0441499260442791,2.814501935938063
2022-08-09,3.511720221365872,-0.0306693871127958,3.511720221365872
2022-08-10,0.671798460461867,-0.0419141309797069,0.671798460461867
2022-08-11,-1.2581676630057017,-0.0716004287639282,1.2581676630057017
2022-08-12,0.5279831045406547,-0.1214889953175598,0.5279831045406547
2022-08-15,0.7738095238095166,-0.1133998855043795,0.7738095238095166
2022-08-16,-0.844307008095621,-0.116414242701779,0.844307008095621
2022-08-17,-0.9601233443128492,-0.1164031770909232,0.9601233443128492
2022-08-18,-0.6014718369657475,-0.1211483610114616,0.6014718369657475
2022-08-19,-3.38150494767566,-0.1292568803591288,3.38150494767566
2022-08-22,-1.7020335985853243,-0.2101461891439568,1.7020335985853243
2022-08-23,-0.4947155385653224,-0.2064740132279784,0.4947155385653224
2022-08-24,1.8907721280602567,-0.1907473750904979,1.8907721280602567
2022-08-25,0.9537187638622066,-0.1515620718634321,0.9537187638622066
2022-08-26,-4.8700109849871875,-0.137599423116297,4.8700109849871875
2022-08-29,1.0392609699769009,-0.2108090522942268,1.0392609699769009
2022-08-30,-1.37142857142858,-0.1612744549367876,1.37142857142858
2022-08-31,-2.6651216685979056,-0.1330275546815003,2.6651216685979056
2022-09-01,2.7777777777777777,-0.1760246876105319,2.7777777777777777
2022-09-02,-1.2200772200772187,-0.1163922808726981,1.2200772200772187
2022-09-06,-1.4071294559099414,-0.131353326609445,1.4071294559099414
2022-09-07,1.268633047890893,-0.0703464559871297,1.268633047890893
2022-09-08,2.4976511118070763,-0.07942056322069,2.4976511118070763
2022-09-09,2.432969215491561,-0.0187008022620679,2.432969215491561
2022-09-12,-2.3006077780677936,0.0262996428220928,2.3006077780677936
2022-09-13,-2.782993664605746,-0.0319864056823668,2.782993664605746
2022-09-14,0.0125624195219929,-0.0512011545106852,0.0125624195219929
2022-09-15,-3.6112419532108606,-0.0207648234543975,3.6112419532108606
2022-09-16,-0.5049682358690377,-0.0551751323380231,0.5049682358690377
2022-09-19,0.9741322855271756,-0.0615625433048781,0.9741322855271756
2022-09-20,-0.6972030806647747,-0.0253718464020592,0.6972030806647747
2022-09-21,-4.4166870764960375,-0.0423337601834709,4.4166870764960375
2022-09-22,-0.922446190638878,-0.0585238776138305,0.922446190638878
2022-09-23,-2.331896551724137,-0.0273854497171412,2.331896551724137
2022-09-26,3.4423407917383746,-0.0736105265001513,3.4423407917383746
2022-09-27,-2.401979606638507,-0.0249012827922589,2.401979606638507
2022-09-28,1.0666200384682627,-0.0626205325871057,1.0666200384682627
2022-09-29,-1.3192041522491276,0.0089326678108893,1.3192041522491276
2022-09-30,-0.4339250493096687,0.0070872597440925,0.4339250493096687
2022-10-03,5.555555555555558,-0.0121965469251038,5.555555555555558
2022-10-04,-1.0926682792559863,0.0967169213079772,1.0926682792559863
2022-10-05,1.84685444425704,0.1195328113338582,1.84685444425704
2022-10-06,-2.293615964229524,0.113866296587032,2.293615964229524
2022-10-07,-2.457627118644073,0.0564247708982609,2.457627118644073
2022-10-10,-2.076455256298871,0.0157765790951871,2.076455256298871
2022-10-11,-0.1951911986514052,-0.00911853257515,0.1951911986514052
2022-10-12,-4.0981420570717395,0.0267498330514368,4.0981420570717395
2022-10-13,5.765665554319614,-0.0478514733437634,5.765665554319614
2022-10-14,-3.496932515337419,0.0507072867741747,3.496932515337419
2022-10-17,8.128235400962676,0.0456079461503086,8.128235400962676
2022-10-18,-3.6536200235175618,0.1652813378407452,3.6536200235175618
2022-10-19,-0.7671519483915923,0.1455163174559934,0.7671519483915923
2022-10-20,0.8451199156637119,0.0440124935985214,0.8451199156637119
2022-10-21,4.519478709317724,0.0271754639000061,4.519478709317724
2022-10-24,-0.2750458409734941,0.0771382480899503,0.2750458409734941
2022-10-25,-3.0505641454241585,0.0817336323709533,3.0505641454241585
2022-10-26,-1.7931034482758603,-0.0166579005398709,1.7931034482758603
2022-10-27,-14.05811095505618,-0.0394043012022613,14.05811095505618
2022-10-28,5.77600735406772,-0.1584734440568178,5.77600735406772
2022-10-31,0.4152182309772041,-0.1365045471156631,0.4152182309772041
2022-11-01,-6.418886431387632,-0.1116356782100373,6.418886431387632
2022-11-02,-4.978677490623233,-0.104612838261258,4.978677490623233
2022-11-03,-1.0598031794095426,0.0002378929021475,1.0598031794095426
2022-11-04,0.5027871898568237,-0.0180216175160395,0.5027871898568237
2022-11-07,-1.2615551930396918,-0.0270089519448866,1.2615551930396918
2022-11-08,-1.453904615045718,-0.0191911647862512,1.453904615045718
2022-11-09,3.8728065273276,-0.0626920419304335,3.8728065273276
2022-11-10,5.320923225910575,-0.0807596316882769,5.320923225910575
2022-11-11,0.9092766653044552,-0.0342704099992751,0.9092766653044552
2022-11-14,4.4952920927407085,-0.0088814377224183,4.4952920927407085
2022-11-15,-6.16219358589284,-0.0436882254453871,6.16219358589284
2022-11-16,-1.528136293236954,-0.1424850214725652,1.528136293236954
2022-11-17,0.6081577015833053,-0.1180334785648712,0.6081577015833053
2022-11-18,-2.0635747785304885,0.0355970924368818,2.0635747785304885
2022-11-21,-1.4366287112908314,-0.0028135546073034,1.4366287112908314
2022-11-22,0.6694018570503026,-0.0652825962680853,0.6694018570503026
2022-11-23,0.5898755898756021,-0.0823220756885958,0.5898755898756021
2022-11-25,0.1492696449514879,-0.1429709410909011,0.1492696449514879
2022-11-28,0.1171084850420519,-0.151519318787483,0.1171084850420519
2022-11-29,-1.6695023394300377,-0.161266481730756,1.6695023394300377
2022-11-30,4.88807180707256,-0.1805978312015211,4.88807180707256
2022-12-01,-2.5930508299824733,-0.0986994480281537,2.5930508299824733
2022-12-02,-1.5083355385022463,-0.0665691949548666,1.5083355385022463
2022-12-05,-2.740462117141319,-0.1157261663188779,2.740462117141319
2022-12-06,-2.386740331491709,-0.1706861405677538,2.386740331491709
2022-12-07,1.0187910346388855,-0.2213027577172351,1.0187910346388855
2022-12-08,-0.3809950694755594,-0.2264294415982618,0.3809950694755594
2022-12-09,0.3487064116985242,-0.2527247740704216,0.3487064116985242
2022-12-12,6.748122407801828,-0.2725300811169791,6.748122407801828
2022-12-13,-2.864643494697058,-0.2021372413805084,2.864643494697058
2022-12-14,-2.823722730319339,-0.2192719990498889,2.823722730319339
2022-12-15,-1.807765046167538,-0.1979022436010671,1.807765046167538
2022-12-16,-0.8553786891746393,-0.2333724674801137,0.8553786891746393
2022-12-19,-2.491143869272091,-0.2655434591710622,2.491143869272091
2022-12-20,0.9902730575413088,-0.3114409784400597,0.9902730575413088
2022-12-21,-0.7600812300551217,-0.3124346812938183,0.7600812300551217
2022-12-22,-2.654349859681941,-0.32388463131634,2.654349859681941
2022-12-23,2.066066066066065,-0.3724950991769303,2.066066066066065
2022-12-27,-2.5538425326585874,-0.4057315456681798,2.5538425326585874
2022-12-28,0.0845410628019412,-0.4293596061948902,0.0845410628019412
2022-12-29,0.3016773259321829,-0.4548634334989093,0.3016773259321829
2022-12-30,2.8152069297401217,-0.4038963631426862,2.8152069297401217
2023-01-03,1.2754505031593768,-0.4431772740695316,1.2754505031593768
2023-01-04,-1.409589832466781,-0.4461534912114408,1.409589832466781
2023-01-05,-2.695417789757409,-0.4363833614314934,2.695417789757409
2023-01-06,5.335420932193174,-0.4778986592460599,5.335420932193174
2023-01-09,0.1257717813857757,-0.4471902750969055,0.1257717813857757
2023-01-10,3.8369304556355073,-0.4297741451336804,3.8369304556355073
2023-01-11,6.598482349059716,-0.3802771250837904,6.598482349059716
2023-01-12,-2.8370989373774886,-0.3238987645893526,2.8370989373774886
2023-01-13,4.778084519006158,-0.2974012266992447,4.778084519006158
2023-01-17,-1.449128496149176,-0.2355450630000068,1.449128496149176
2023-01-18,-2.5809768637532184,-0.2380616168989024,2.5809768637532184
2023-01-19,-0.9288579269579856,-0.2882189642812906,0.9288579269579856
2023-01-20,3.9420413381632247,-0.3069763661376358,3.9420413381632247
2023-01-23,-0.645756457564571,-0.201242687160735,0.645756457564571
2023-01-24,-4.508408129578051,-0.2229014858458638,4.508408129578051
2023-01-25,6.131158167675019,-0.2500373231723141,6.131158167675019
2023-01-26,1.318267419962337,-0.1557046294196027,1.318267419962337
2023-01-27,1.5673666231287071,-0.1887401799581348,1.5673666231287071
2023-01-30,0.0642991393807475,-0.1574814834941918,0.0642991393807475
2023-01-31,1.3593000840294598,-0.136719238193322,1.3593000840294598
2023-02-01,7.524626938457041,-0.1388560512532338,7.524626938457041
2023-02-02,-4.521747018005351,-0.1131394959277257,4.521747018005351
2023-02-03,-2.2183165494964925,-0.1901176189405598,2.2183165494964925
2023-02-06,-1.7051250910857376,-0.1797325999803255,1.7051250910857376
2023-02-07,0.8599387170109761,-0.1611462036592071,0.8599387170109761
2023-02-08,-0.7056056448451715,-0.1509357121191566,0.7056056448451715
2023-02-09,-3.711014607185147,-0.1147128337612929,3.711014607185147
2023-02-10,0.2972529725297171,-0.1470323153997909,0.2972529725297171
2023-02-13,0.5723045477772124,-0.1534967644605999,0.5723045477772124
2023-02-14,0.6909866883446873,-0.1385894969041224,0.6909866883446873
2023-02-15,0.1211020284589669,-0.0829534794091093,0.1211020284589669
2023-02-16,-1.42122769882068,-0.0694781652150441,1.42122769882068
2023-02-17,-2.520449897750515,-0.0603432474386802,2.520449897750515
2023-02-21,-0.2464991870771484,-0.1213538770346074,0.2464991870771484
2023-02-22,1.0725552050473297,-0.1009022656526351,1.0725552050473297
2023-02-23,-2.6945484810653384,-0.0824374050227152,2.6945484810653384
2023-02-24,0.8018817491713889,-0.1055532934704195,0.8018817491713889
2023-02-27,-1.2091641917691986,-0.0843067377958486,1.2091641917691986
2023-02-28,0.7837663732016362,-0.1398150341898872,0.7837663732016362
2023-03-01,-2.6206455736657164,-0.1122282632257534,2.6206455736657164
2023-03-02,1.454983043430695,-0.1585867063620163,1.454983043430695
2023-03-03,2.6417942635324594,-0.1163655725283066,2.6417942635324594
2023-03-06,-1.1870994852400414,-0.0532818355843127,1.1870994852400414
2023-03-07,-0.489049542845001,-0.0588412179639427,0.489049542845001
2023-03-08,0.0854700854700988,-0.0616303089243095,0.0854700854700988
2023-03-09,-1.0781383432963334,-0.0407123832331604,1.0781383432963334
2023-03-10,-2.9135642602784104,-0.0852395592005185,2.9135642602784104
2023-03-13,4.290318995220629,-0.1275146983454434,4.290318995220629
2023-03-14,-0.6501119045081525,-0.0896368588518384,0.6501119045081525
2023-03-15,2.714009869126798,-0.078704049228139,2.714009869126798
2023-03-16,4.219321148825072,-0.0202335797225026,4.219321148825072
2023-03-17,-1.3829040986070844,0.0206312574008669,1.3829040986070844
2023-03-20,-0.2743623615486191,-0.0163881481602105,0.2743623615486191
2023-03-21,2.3537803138373774,-0.0147740169830032,2.3537803138373774
2023-03-22,-0.0199104031856605,0.0226000900028293,0.0199104031856605
2023-03-23,-2.3548740416210383,0.0302525277427093,2.3548740416210383
2023-03-24,1.024830469586494,0.0472157064726537,1.024830469586494
2023-03-27,-0.969011809831426,0.0153657474051404,0.969011809831426
2023-03-28,0.5911731729691145,0.0371418414634867,0.5911731729691145
2023-03-29,2.8979633194852563,0.0702169184290539,2.8979633194852563
2023-03-30,0.6006893156080743,0.147517061667636,0.6006893156080743
2023-03-31,0.137039937353172,0.1680436587399633,0.137039937353172
2023-04-03,0.4398826979472168,0.1681685408621089,0.4398826979472168
2023-04-04,1.1289537712895343,0.1589982141290458,1.1289537712895343
2023-04-05,-3.041093253777304,0.1839685472569576,3.041093253777304
2023-04-06,0.2084367245657506,0.1078243170555316,0.2084367245657506
2023-04-10,-0.1584786053882692,0.0716638106715063,0.1584786053882692
2023-04-11,-0.3968253968253883,0.068877859628878,0.3968253968253883
2023-04-12,-1.4442231075697238,0.0280777065081193,1.4442231075697238
2023-04-13,3.15310763011621,0.0556656419883986,3.15310763011621
2023-04-14,1.0678945821495087,0.1126793555084752,1.0678945821495087
2023-04-17,0.765800697944946,0.1254837637154312,0.765800697944946
2023-04-18,-2.279942279942284,0.1644040886424968,2.279942279942284
2023-04-19,1.9196692262256376,0.1482282915181393,1.9196692262256376
2023-04-20,2.48237225924852,0.1753984331121089,2.48237225924852
2023-04-21,1.4655984919886964,0.2125593025633883,1.4655984919886964
2023-04-24,-2.5498118991222003,0.2027344979355892,2.5498118991222003
2023-04-25,0.1239157372986461,0.1677724479179807,0.1239157372986461
2023-04-26,2.970297029702961,0.1820203924574877,2.970297029702961
2023-04-27,-0.3975591715976263,0.2052940512623033,0.3975591715976263
2023-04-28,-2.580525387542932,0.1956768605311569,2.580525387542932
2023-05-01,-3.315864697474992,0.1957863348608985,3.315864697474992
2023-05-02,2.232186853257121,0.1594665234232881,2.232186853257121
2023-05-03,0.2940184123005802,0.1962449367648634,0.2940184123005802
2023-05-04,0.2210688196847268,0.1811990770715981,0.2210688196847268
2023-05-05,0.7384674402992331,0.1844509194640704,0.7384674402992331
2023-05-08,0.4188880426504167,0.1919013424376863,0.4188880426504167
2023-05-09,2.483883200606741,0.1004540141936281,2.483883200606741
2023-05-10,2.7104532839963063,0.1549685381249358,2.7104532839963063
2023-05-11,1.0177429523552153,0.2069169325356447,1.0177429523552153
2023-05-12,-0.9004992867332301,0.2461451490344218,0.9004992867332301
2023-05-15,-0.0899685110211502,0.2612404755548838,0.0899685110211502
2023-05-16,3.4579018460153117,0.2903872743105448,3.4579018460153117
2023-05-17,1.5667159892070652,0.3354531674722099,1.5667159892070652
2023-05-18,1.259748050389921,0.3648090160257505,1.259748050389921
2023-05-19,-1.176371022342587,0.3969703627580574,1.176371022342587
2023-05-22,-2.14096086323542,0.3639277625022486,2.14096086323542
2023-05-23,0.9451299553688618,0.335489454780476,0.9451299553688618
2023-05-24,1.1096662332032954,0.3454553304270756,1.1096662332032954
2023-05-25,-0.5058732744576775,0.3570873235715633,0.5058732744576775
2023-05-26,5.455015511892449,0.331381818416064,5.455015511892449
2023-05-30,-0.7518182561085247,0.3786062762138265,0.7518182561085247
2023-05-31,-0.625771922601898,0.3687298892534889,0.625771922601898
2023-06-01,3.504847129008206,0.3665659803913934,3.504847129008206
2023-06-02,-1.248799231508167,0.3843568846439401,1.248799231508167
2023-06-05,1.3861867704280104,0.3602341488027525,1.3861867704280104
2023-06-06,1.551131366434806,0.3581906656816384,1.551131366434806
2023-06-07,-3.149358318242658,0.3461236058649917,3.149358318242658
2023-06-08,0.869847979839032,0.3115556992132925,0.869847979839032
2023-06-09,-0.048355899419731,0.2949355606187004,0.048355899419731
2023-06-12,3.30591840025803,0.3024047776531275,3.30591840025803
2023-06-13,-1.1083359350608817,0.3493521527335632,1.1083359350608817
2023-06-14,-1.1760063141278685,0.3373750429263762,1.1760063141278685
2023-06-15,1.9966456353326412,0.3005919244879677,1.9966456353326412
2023-06-16,-2.145485866416095,0.3230186910091164,2.145485866416095
2023-06-20,0.5361286708810128,0.3164230330134525,0.5361286708810128
2023-06-21,-0.2626552053486137,0.2864216872615105,0.2626552053486137
2023-06-22,3.0324794509616244,0.2749562229033602,3.0324794509616244
2023-06-23,0.1703973356052969,0.2941940420138219,0.1703973356052969
2023-06-26,-0.5412510631717443,0.2911615681228127,0.5412510631717443
2023-06-27,0.2410013216201526,0.2665544523741123,0.2410013216201526
2023-06-28,-0.1318442686520765,0.1939063824917242,0.1318442686520765
2023-06-29,0.5436048769123154,0.2189337806317607,0.5436048769123154
2023-06-30,1.042712597512933,0.2463197034848998,1.042712597512933
2023-07-03,-0.4433572848188229,0.2740239712721647,0.4433572848188229
2023-07-05,-1.5279484029484098,0.2619550979883637,1.5279484029484098
2023-07-06,0.2651072124756362,0.2548493325601926,0.2651072124756362
2023-07-07,0.3732794151955749,0.2884816278826491,0.3732794151955749
2023-07-10,-1.0227008599984453,0.2914007381856731,1.0227008599984453
2023-07-11,2.003913894324855,0.2770977325780634,2.003913894324855
2023-07-12,2.862405034149328,0.290588084166327,2.862405034149328
2023-07-13,0.0149209191286259,0.3329513581661608,0.0149209191286259
2023-07-14,0.3729673280620617,0.3362355869458347,0.3729673280620617
2023-07-17,-1.3748513674197342,0.3612332591539456,1.3748513674197342
2023-07-18,0.5123954487227627,0.3562350706199523,0.5123954487227627
2023-07-19,0.5097833420796213,0.3543736571139987,0.5097833420796213
2023-07-20,-2.0362497202953604,0.3795086842935331,2.0362497202953604
2023-07-21,-0.7880310644129713,0.3469490977125889,0.7880310644129713
2023-07-24,-0.7635931084762707,0.3444074944205298,0.7635931084762707
2023-07-25,-2.165339107570951,0.3242559855707368,2.165339107570951
2023-07-26,3.5491265512607657,0.3209050721156404,3.5491265512607657
2023-07-27,-1.0000000000000018,0.3523039606831328,1.0000000000000018
2023-07-28,2.7064538514920127,0.3178043548557643,2.7064538514920127
2023-07-31,0.2627627627627799,0.3589728699284855,0.2627627627627799
2023-08-01,-2.5428678397604005,0.3622724604373832,2.5428678397604005
2023-08-02,-2.0544892972939692,0.3423670463643374,2.0544892972939692
2023-08-03,10.652651396297456,0.3288564288620521,10.652651396297456
2023-08-04,-0.0496242733588495,0.5183572804857041,0.0496242733588495
2023-08-07,-0.262429959571604,0.4930077638642278,0.262429959571604
2023-08-08,-0.4622386573744884,0.4375632176653979,0.4622386573744884
2023-08-09,-0.6394227334428879,0.4022768755974045,0.6394227334428879
2023-08-10,-1.2043861225957095,0.3410241847993756,1.2043861225957095
2023-08-11,0.6550218340611395,0.3545634077907755,0.6550218340611395
2023-08-14,1.265365148228489,0.3658128172002828,1.265365148228489
2023-08-15,-2.042127811495904,0.3444393825111175,2.042127811495904
2023-08-16,-1.2610248560390624,0.3323404495909604,1.2610248560390624
2023-08-17,-2.8347851764358505,0.3589223792316769,2.8347851764358505
2023-08-18,1.6106974623917372,0.3254007649104887,1.6106974623917372
2023-08-21,1.0019440705847191,0.3523155346900847,1.0019440705847191
2023-08-22,-0.42937518507552,0.3516070970172434,0.42937518507552
2023-08-23,1.4126394052044653,0.3126659645372346,1.4126394052044653
2023-08-24,-2.881231671554257,0.3164379313576276,2.881231671554257
2023-08-25,0.9889031478825412,0.2931643683636796,0.9889031478825412
2023-08-28,-0.2989983555090489,0.2950699401666272,0.2989983555090489
2023-08-29,1.162093267356434,0.2782951222868796,1.162093267356434
2023-08-30,0.0963462536129811,0.3314828070748243,0.0963462536129811
2023-08-31,3.254109284762335,0.3275190813660589,3.254109284762335
2023-09-01,-1.2369581585457836,0.3561490651714518,1.2369581585457836
2023-09-05,-1.0237421041167478,0.3482697734920293,1.0237421041167478
2023-09-06,-1.7752347417840284,0.3554973265184492,1.7752347417840284
2023-09-07,2.210604929051537,0.3099659515836866,2.210604929051537
2023-09-08,1.3809732573432605,0.3142824031409804,1.3809732573432605
2023-09-11,2.572972972972968,0.3093041418810641,2.572972972972968
2023-09-12,-0.9626194491287272,0.3595817340435258,0.9626194491287272
2023-09-13,2.93011706278824,0.3298193635663029,2.93011706278824
2023-09-14,-1.6473669699476252,0.3334969971819089,1.6473669699476252
