date,1e2Rt,muhat,OT
2000-05-25,-2.2569444444444446,1.0531440040929416,2.2569444444444446
2000-05-26,10.657193605683837,1.0145635808949596,10.657193605683837
2000-05-30,10.272873194221509,1.1832000161890766,10.272873194221509
2000-05-31,-3.493449781659389,1.1972311928739112,3.493449781659389
2000-06-01,8.597285067873303,1.1746663389457392,8.597285067873303
2000-06-02,-0.2777777777777778,1.163657529452382,0.2777777777777778
2000-06-05,3.1338161559888618,1.1287162041139691,3.1338161559888618
2000-06-06,-3.308679747543828,1.1815727048458606,3.308679747543828
2000-06-07,0.5586592178770949,1.0819381662289635,0.5586592178770949
2000-06-08,-1.6666666666666667,1.0593656828877875,1.6666666666666667
2000-06-09,1.5536723163841808,0.9839964447323152,1.5536723163841808
2000-06-12,-4.3115438108484,0.9889887779839364,4.3115438108484
2000-06-13,1.5262790697674458,0.8512585290815882,1.5262790697674458
2000-06-14,-5.440222831527179,0.9116064939786992,5.440222831527179
2000-06-15,0.2269792860205428,0.8787936707613807,0.2269792860205428
2000-06-16,-2.1148036253776437,0.9560276133798874,2.1148036253776437
2000-06-19,13.117283950617283,0.8096722426027326,13.117283950617283
2000-06-20,-1.9099590723055937,0.9869588967395434,1.9099590723055937
2000-06-21,4.589707927677329,1.007630540880482,4.589707927677329
2000-06-22,-2.925531914893617,1.1283073851779897,2.925531914893617
2000-06-23,-2.4657534246575343,1.0578480578977654,2.4657534246575343
2000-06-26,-3.3707865168539324,1.040767488719423,3.3707865168539324
2000-06-27,-3.052325581395349,0.987625259600342,3.052325581395349
2000-06-28,-5.247376311844078,0.8830042049494876,5.247376311844078
2000-06-29,-3.0063291139240507,0.8432435006800383,3.0063291139240507
2000-06-30,0.4893964110929853,0.7312452369423849,0.4893964110929853
2000-07-03,-2.5974025974025974,0.7133237523183207,2.5974025974025974
2000-07-05,-0.6666666666666666,0.6602215166309812,0.6666666666666666
2000-07-06,4.3624161073825505,0.6264367587747314,4.3624161073825505
2000-07-07,10.932475884244372,0.6215053688278492,10.932475884244372
2000-07-10,-2.318840579710145,0.7714105567962516,2.318840579710145
2000-07-11,-0.2967359050445103,0.7621374479328281,0.2967359050445103
2000-07-12,2.30666666666667,0.7625819831454197,2.30666666666667
2000-07-13,1.672608962782294,0.8285117499324731,1.672608962782294
2000-07-14,2.0745064377682443,0.9008030827298108,2.0745064377682443
2000-07-17,-1.1914212289600834,0.8918740645921701,1.1914212289600834
2000-07-18,-0.1418439716312056,0.8897168234496209,0.1418439716312056
2000-07-19,1.1363636363636365,0.8942399216079524,1.1363636363636365
2000-07-20,-4.564494382022469,0.928490171401346,4.564494382022469
2000-07-21,-4.635873865049169,0.6955153260332638,4.635873865049169
2000-07-24,-2.4691358024691357,0.585615735886878,2.4691358024691357
2000-07-25,-0.3954430379746793,0.7181966642332746,0.3954430379746793
2000-07-26,-6.433796430441395,0.6784047724047213,6.433796430441395
2000-07-27,-2.631443123938875,0.5509994136665383,2.631443123938875
2000-07-28,0.2614120154671054,0.4784508913621074,0.2614120154671054
2000-07-31,0.4349217391304394,0.3649830278648359,0.4349217391304394
2000-08-01,-7.1862757592716795,0.4014864198477427,7.1862757592716795
2000-08-02,-12.313432835820896,0.3313935549997998,12.313432835820896
2000-08-03,12.340425531914894,0.4963029519181712,12.340425531914894
2000-08-04,-8.333333333333334,0.4818243886684854,8.333333333333334
2000-08-07,8.677685950413224,0.5168971159568633,8.677685950413224
2000-08-08,-4.942965779467681,0.5542682484133765,4.942965779467681
2000-08-09,-3.4,0.5297468776088102,3.4
2000-08-10,-8.488612836438923,0.4627643793220942,8.488612836438923
2000-08-11,7.013574660633484,0.3112359565511563,7.013574660633484
2000-08-14,6.976744186046512,0.3034225479345924,6.976744186046512
2000-08-15,2.1739130434782608,0.3953031013621865,2.1739130434782608
2000-08-16,-2.127659574468085,0.4975367498981607,2.127659574468085
2000-08-17,11.363794466403167,0.4717758330142523,11.363794466403167
2000-08-18,0.4435131236725792,0.4045584130832739,0.4435131236725792
2000-08-21,-3.5335689045936394,0.3859801048669206,3.5335689045936394
2000-08-22,1.465201465201465,0.3690823032951184,1.465201465201465
2000-08-23,1.444043321299639,0.3866907366712714,1.444043321299639
2000-08-24,-0.3558718861209964,0.3318114741375016,0.3558718861209964
2000-08-25,-1.0714285714285714,0.3052253549405193,1.0714285714285714
2000-08-28,-0.1805054151624548,0.2885296299035373,0.1805054151624548
2000-08-29,-0.1808318264014466,0.2402208086645733,0.1808318264014466
2000-08-30,2.1739130434782608,0.2302192330766462,2.1739130434782608
2000-08-31,8.156028368794326,0.2110545348176237,8.156028368794326
2000-09-01,-2.9508196721311477,0.3817906811270727,2.9508196721311477
2000-09-05,-6.756756756756757,0.3625414420712825,6.756756756756757
2000-09-06,-5.797101449275362,0.1628032624790981,5.797101449275362
2000-09-07,1.5384615384615383,0.2183812152883131,1.5384615384615383
2000-09-08,-4.356060606060606,0.2292875262235382,4.356060606060606
2000-09-11,-1.5841584158415842,0.1109683038716229,1.5841584158415842
2000-09-12,-8.249496981891348,-0.0281114942087686,8.249496981891348
2000-09-13,1.9736842105263157,-0.0768262396415244,1.9736842105263157
2000-09-14,-3.655913978494623,-0.1037499627768164,3.655913978494623
2000-09-15,-1.7857142857142858,-0.1986442599727798,1.7857142857142858
2000-09-18,-4.545454545454546,-0.2576861931540492,4.545454545454546
2000-09-19,15.952380952380953,-0.2574101070858304,15.952380952380953
2000-09-20,-7.186858316221766,-0.0534957148361436,7.186858316221766
2000-09-21,-14.15929203539823,-0.1060232035493086,14.15929203539823
2000-09-22,10.309278350515465,-0.1943292152172447,10.309278350515465
2000-09-25,-2.803738317757009,-0.1725290564471853,2.803738317757009
2000-09-26,-3.605769230769231,-0.176405598466671,3.605769230769231
2000-09-27,-1.2468827930174564,-0.2405347171977479,1.2468827930174564
2000-09-28,-2.7777777777777777,-0.2519526627412135,2.7777777777777777
2000-09-29,-0.5194805194805194,-0.240265821601646,0.5194805194805194
2000-10-02,0.2610966057441253,-0.1426345492523021,0.2610966057441253
2000-10-03,-2.0833333333333335,-0.1371461726047816,2.0833333333333335
2000-10-04,3.98936170212766,-0.2400199812345247,3.98936170212766
2000-10-05,-2.557544757033248,-0.1747207044959358,2.557544757033248
2000-10-06,-4.4619422572178475,-0.2255857287183494,4.4619422572178475
2000-10-09,0.0,-0.2923204993287416,0.0
2000-10-10,-2.197802197802198,-0.2820426642637001,2.197802197802198
2000-10-11,8.98876404494382,-0.2893398129152237,8.98876404494382
2000-10-12,-8.762886597938145,-0.1481173643668246,8.762886597938145
2000-10-13,-1.4124293785310735,-0.1539156736684151,1.4124293785310735
2000-10-16,-8.30945558739255,-0.1133346732439976,8.30945558739255
2000-10-17,-12.5,-0.1871406581719111,12.5
2000-10-18,13.928571428571429,-0.1994983793589063,13.928571428571429
2000-10-19,9.717868338557992,-0.1510649425914684,9.717868338557992
2000-10-20,1.4285714285714286,-0.212201788012441,1.4285714285714286
2000-10-23,-1.971830985915493,-0.208530016407988,1.971830985915493
2000-10-24,-7.183908045977011,-0.2928681412286072,7.183908045977011
2000-10-25,-5.2631578947368425,-0.386317437562196,5.2631578947368425
2000-10-26,9.803921568627452,-0.4639585825993316,9.803921568627452
2000-10-27,-2.9761904761904763,-0.3112867908601371,2.9761904761904763
2000-10-30,2.4539877300613497,-0.3292442316028253,2.4539877300613497
2000-10-31,4.790419161676646,-0.2986934994031479,4.790419161676646
2000-11-01,12.571428571428571,-0.2541154040491449,12.571428571428571
2000-11-02,-2.284263959390863,-0.1841791432323188,2.284263959390863
2000-11-03,1.5584415584415583,-0.1736163415065742,1.5584415584415583
2000-11-06,-1.7902813299232736,-0.0949646334695945,1.7902813299232736
2000-11-07,-5.46875,-0.1041392348025048,5.46875
2000-11-08,-6.887052341597796,-0.2657594459603558,6.887052341597796
2000-11-09,0.0,-0.4089500370633416,0.0
2000-11-10,-8.579881656804734,-0.4378449444955986,8.579881656804734
2000-11-13,16.50485436893204,-0.6198466771517557,16.50485436893204
2000-11-14,-3.0555555555555554,-0.4519168532245073,3.0555555555555554
2000-11-15,-0.5730659025787965,-0.3994755880696931,0.5730659025787965
2000-11-16,-5.187319884726225,-0.3753224269529754,5.187319884726225
2000-11-17,-1.5197568389057752,-0.4032867086240926,1.5197568389057752
2000-11-20,1.5432098765432098,-0.3764214864962774,1.5432098765432098
2000-11-21,-3.64741641337386,-0.3281578827538775,3.64741641337386
2000-11-22,2.8391167192429023,-0.3579880086537401,2.8391167192429023
2000-11-24,5.214723926380368,-0.305697854360067,5.214723926380368
2000-11-27,-12.536443148688049,-0.2826455730359006,12.536443148688049
2000-11-28,-5.666666666666667,-0.4176827569256424,5.666666666666667
2000-11-29,-9.540636042402827,-0.5222296542431539,9.540636042402827
2000-11-30,-1.171875,-0.5365996166193108,1.171875
2000-12-01,0.3952569169960474,-0.5739886010590383,0.3952569169960474
2000-12-04,-2.3622047244094486,-0.604499218260246,2.3622047244094486
2000-12-05,4.435483870967742,-0.6523308198835557,4.435483870967742
2000-12-06,-10.038610038610038,-0.6298328297021436,10.038610038610038
2000-12-07,4.721030042918455,-0.7212459354491505,4.721030042918455
2000-12-08,6.557377049180328,-0.7292401316960382,6.557377049180328
2000-12-11,7.6923076923076925,-0.6914313464408028,7.6923076923076925
2000-12-12,2.142857142857143,-0.6180277796772374,2.142857142857143
2000-12-13,-6.293706293706293,-0.5390201727455725,6.293706293706293
2000-12-14,-2.611940298507463,-0.5756021995901354,2.611940298507463
2000-12-15,-1.9157088122605364,-0.5764739509494474,1.9157088122605364
2000-12-18,-3.515625,-0.5475297001613926,3.515625
2000-12-19,-2.0242914979757085,-0.5653271895622137,2.0242914979757085
2000-12-20,-5.371900826446281,-0.6061655476767572,5.371900826446281
2000-12-21,-2.183406113537118,-0.6253964191501769,2.183406113537118
2000-12-22,4.464285714285714,-0.6535457869223279,4.464285714285714
2000-12-26,-3.418803418803418,-0.5063664858679017,3.418803418803418
2000-12-27,2.6548672566371683,-0.6174941206583728,2.6548672566371683
2000-12-28,-1.293103448275862,-0.5397157898949195,1.293103448275862
2000-12-29,-1.310043668122271,-0.6157953673524333,1.310043668122271
2001-01-02,2.6548672566371683,-0.5814393284430555,2.6548672566371683
2001-01-03,11.20689655172414,-0.525858312993034,11.20689655172414
2001-01-04,6.589147286821706,-0.4163699750178277,6.589147286821706
2001-01-05,-7.272727272727272,-0.4153428653851647,7.272727272727272
2001-01-08,5.490196078431373,-0.5182552235077461,5.490196078431373
2001-01-09,-1.858736059479554,-0.5102071172982398,1.858736059479554
2001-01-10,2.272727272727273,-0.6431706237338859,2.272727272727273
2001-01-11,7.407407407407407,-0.6854563058862031,7.407407407407407
2001-01-12,-1.7241379310344829,-0.6351763212248611,1.7241379310344829
2001-01-16,7.017543859649122,-0.577279489793994,7.017543859649122
2001-01-17,-2.622950819672131,-0.4895386748322893,2.622950819672131
2001-01-18,22.55892255892256,-0.4914548811007403,22.55892255892256
2001-01-19,-4.945054945054945,-0.1294494565988142,4.945054945054945
2001-01-22,-2.023121387283237,-0.1403988303616758,2.023121387283237
2001-01-23,6.1946902654867255,-0.1633802869996045,6.1946902654867255
2001-01-24,0.0,-0.1050245864529352,0.0
2001-01-25,-5.0,-0.1193050066055588,5.0
2001-01-26,1.5204678362573063,-0.2547696265777691,1.5204678362573063
2001-01-29,6.6359447004608345,-0.2075164980607123,6.6359447004608345
2001-01-30,2.203975799481409,-0.0744590477208918,2.203975799481409
2001-01-31,6.976744186046521,0.0121825779416266,6.976744186046521
2001-02-01,1.3833992094861576,0.0724010438175821,1.3833992094861576
2001-02-02,-7.836257309941513,0.1361212229213994,7.836257309941513
2001-02-05,0.465313028764803,0.0791098022307844,0.465313028764803
2001-02-06,-0.2105263157894766,0.1575849254717012,0.2105263157894766
2001-02-07,1.181434599156123,0.1454039665257458,1.181434599156123
2001-02-08,-0.1251042535446252,0.201229200256013,0.1251042535446252
2001-02-09,-2.5052192066805756,0.2155021569569759,2.5052192066805756
2001-02-12,2.7837259100642338,0.1581930408365151,2.7837259100642338
2001-02-13,0.0,0.055767514822076,0.0
2001-02-14,6.25,0.073402564463451,6.25
2001-02-15,-2.549019607843132,0.2984302479290268,2.549019607843132
2001-02-16,0.6036217303822881,0.1724531670241116,0.6036217303822881
2001-02-20,-13.519999999999996,0.2076270031344412,13.519999999999996
2001-02-21,6.38297872340425,0.0900931662607101,6.38297872340425
2001-02-22,-9.347826086956516,0.145714270651454,9.347826086956516
2001-02-23,5.995203836930456,0.0788071349156105,5.995203836930456
2001-02-26,3.2579185520361937,0.1334606769468589,3.2579185520361937
2001-02-27,-3.461875547765114,0.1662101982785173,3.461875547765114
2001-02-28,-6.945074897866551,0.1506164785567075,6.945074897866551
2001-03-01,-3.658536585365854,0.0412576309333345,3.658536585365854
2001-03-02,12.151898734177207,0.03119373246161,12.151898734177207
2001-03-05,8.352144469525966,0.2035280723261874,8.352144469525966
2001-03-06,3.7499999999999942,0.2944810148289724,3.7499999999999942
2001-03-07,0.6024096385542255,0.354946084630331,0.6024096385542255
2001-03-08,-2.1956087824351327,0.2994416971007956,2.1956087824351327
2001-03-09,-7.142857142857143,0.3379207823746135,7.142857142857143
2001-03-12,3.076923076923074,0.2663509779599914,3.076923076923074
2001-03-13,-4.051172707889123,0.3536280784714807,4.051172707889123
2001-03-14,9.777777777777777,0.408989732615707,9.777777777777777
2001-03-15,-4.6558704453441235,0.3927685809084658,4.6558704453441235
2001-03-16,-0.2123142250530815,0.2521670773821319,0.2123142250530815
2001-03-19,0.4255319148936231,0.2376705691850522,0.4255319148936231
2001-03-20,-6.7796610169491585,0.2817358526058405,6.7796610169491585
2001-03-21,9.31818181818182,0.2640878257000281,9.31818181818182
2001-03-22,12.598752598752588,0.4048611502189829,12.598752598752588
2001-03-23,8.936484490398826,0.4375827651721632,8.936484490398826
2001-03-26,-4.16949152542373,0.5557546275336527,4.16949152542373
2001-03-27,2.5822426600636734,0.4955354424723043,2.5822426600636734
2001-03-28,-6.0344827586206895,0.4812605239454526,6.0344827586206895
2001-03-29,3.3027522935779765,0.2801463738388459,3.3027522935779765
2001-03-30,-5.150976909413853,0.3384350573492868,5.150976909413853
2001-04-02,-7.303370786516852,0.2734188083913668,7.303370786516852
2001-04-03,-5.05050505050505,0.2395259694145861,5.05050505050505
2001-04-04,-6.382978723404255,0.2397219506440299,6.382978723404255
2001-04-05,3.63636363636364,0.2340195660536669,3.63636363636364
2001-04-06,-10.964912280701752,0.2724273089345496,10.964912280701752
2001-04-09,-1.4778325123152745,0.2277212140638885,1.4778325123152745
2001-04-10,30.0,0.0076248217371825,30.0
2001-04-11,-10.384615384615383,0.2392969614782603,10.384615384615383
2001-04-12,2.3605150214592303,0.1806839011284983,2.3605150214592303
2001-04-16,-3.563941299790362,0.2764371764383763,3.563941299790362
2001-04-17,8.695652173913043,0.2828330004491876,8.695652173913043
2001-04-18,15.439999999999998,0.4322179370170694,15.439999999999998
2001-04-19,0.4851004851004871,0.5111911165868819,0.4851004851004871
2001-04-20,-4.137931034482756,0.4967573257323165,4.137931034482756
2001-04-23,-1.2589928057554007,0.4064040698564293,1.2589928057554007
2001-04-24,-0.3642987249544549,0.5125143893828827,0.3642987249544549
2001-04-25,1.8281535648994511,0.5929270477243137,1.8281535648994511
2001-04-26,2.33393177737881,0.7358391299585618,2.33393177737881
2001-04-27,7.894736842105263,0.7798807123831224,7.894736842105263
2001-04-30,-0.8130081300813008,0.8403878838780952,0.8130081300813008
2001-05-01,4.918032786885246,0.8763132583704402,4.918032786885246
2001-05-02,-0.3125000000000044,0.8611999864765676,0.3125000000000044
2001-05-03,-2.3510971786833856,1.0014205322030447,2.3510971786833856
2001-05-04,-0.4815409309791287,0.9219301121989868,0.4815409309791287
2001-05-07,-1.9354838709677464,0.8284123988123399,1.9354838709677464
2001-05-08,-5.032894736842098,0.700167142017988,5.032894736842098
2001-05-09,3.9140976792518143,0.6428978162745851,3.9140976792518143
2001-05-10,-4.166666666666667,0.7604263982967595,4.166666666666667
2001-05-11,-3.721739130434784,0.7720576304084684,3.721739130434784
2001-05-14,1.878612716763004,0.8371699908447714,1.878612716763004
2001-05-15,3.191489361702135,0.9115002469158772,3.191489361702135
2001-05-16,8.247422680412367,0.9817902271334188,8.247422680412367
2001-05-17,-0.7936507936507936,1.1450180633370353,0.7936507936507936
2001-05-18,2.2399999999999975,1.1698915001493866,2.2399999999999975
2001-05-21,6.416275430359939,1.1431753518632288,6.416275430359939
2001-05-22,-1.3235294117647145,1.2621307596224862,1.3235294117647145
2001-05-23,-2.652757078986589,1.2193425245989569,2.652757078986589
2001-05-24,-2.1432945499081315,1.207249049353342,2.1432945499081315
2001-05-25,-0.1564455569461849,1.1997659214714091,0.1564455569461849
2001-05-29,-8.492635537449079,1.180112372763518,8.492635537449079
2001-05-30,-4.280821917808219,0.9518363129263004,4.280821917808219
2001-05-31,3.7567084078712014,0.8371807965050494,3.7567084078712014
2001-06-01,1.8965517241379335,0.9605436975625924,1.8965517241379335
2001-06-04,-4.906937394247037,0.921219081481052,4.906937394247037
2001-06-05,4.092526690391454,0.8779399859273146,4.092526690391454
2001-06-06,-2.2222222222222174,0.8981887256000526,2.2222222222222174
2001-06-07,8.041958041958031,0.8186937931841963,8.041958041958031
2001-06-08,0.6472491909385205,0.919649516726711,0.6472491909385205
2001-06-11,-6.591639871382638,0.8991697027592811,6.591639871382638
2001-06-12,2.409638554216865,0.8182810043289486,2.409638554216865
2001-06-13,-5.613445378151266,0.645023401119562,5.613445378151266
2001-06-14,-3.66809116809116,0.6554260972384505,3.66809116809116
2001-06-15,1.6635859519408476,0.6405627692346288,1.6635859519408476
2001-06-18,0.0,0.5689954858057633,0.0
2001-06-19,-12.727272727272728,0.5653851294161777,12.727272727272728
2001-06-20,0.2083333333333362,0.4930975082187316,0.2083333333333362
2001-06-21,2.494802494802486,0.4515016950812976,2.494802494802486
2001-06-22,5.273833671399597,0.3861794858057367,5.273833671399597
2001-06-25,-3.0828516377649353,0.4066084880066866,3.0828516377649353
2001-06-26,2.9821073558648115,0.2915024343261,2.9821073558648115
2001-06-27,4.054054054054057,0.3135510881943883,4.054054054054057
2001-06-28,1.7810760667903542,0.4657011614450053,1.7810760667903542
2001-06-29,5.905942398833398,0.4817444071755495,5.905942398833398
2001-07-02,0.1721170395869215,0.545819774315278,0.1721170395869215
2001-07-03,0.5154639175257683,0.5456366951756935,0.5154639175257683
2001-07-05,-19.65811965811966,0.5678918266603774,19.65811965811966
2001-07-06,-11.191489361702123,0.2598849514476303,11.191489361702123
2001-07-09,3.01868711068519,0.1684842030903574,3.01868711068519
2001-07-10,-2.3720930232558213,0.1755430177660946,2.3720930232558213
2001-07-11,4.81181515007147,0.0911610464029675,4.81181515007147
2001-07-12,-0.6818181818181753,0.1650780033533158,0.6818181818181753
2001-07-13,-3.432494279176201,0.171225885111571,3.432494279176201
2001-07-16,-6.635071090047403,0.2492259626058369,6.635071090047403
2001-07-17,3.0456852791878246,0.1250110435139317,3.0456852791878246
2001-07-18,-9.113300492610843,0.2459909865616137,9.113300492610843
2001-07-19,-5.420054200542006,0.0910494404056453,5.420054200542006
2001-07-20,1.146131805157589,0.0082051888575503,1.146131805157589
2001-07-23,-4.2492917847025495,0.0472935100690303,4.2492917847025495
2001-07-24,-2.071005917159751,0.0582069631410286,2.071005917159751
2001-07-25,-1.510574018126888,0.0505506197344688,1.510574018126888
2001-07-26,5.828220858895701,-0.0603214810724142,5.828220858895701
2001-07-27,7.246376811594203,-0.0750585378261353,7.246376811594203
2001-07-30,1.837837837837837,-0.0365073895752873,1.837837837837837
2001-07-31,0.583864118895963,-0.0142244387368849,0.583864118895963
2001-08-01,2.374670184696566,0.0213260985170542,2.374670184696566
2001-08-02,1.0309278350515612,0.1106107081822411,1.0309278350515612
2001-08-03,-5.663265306122463,-0.1411893752649773,5.663265306122463
2001-08-06,-4.3266630611141,-0.2036347613027548,4.3266630611141
2001-08-07,-0.7348784624081546,-0.3268380585668218,0.7348784624081546
2001-08-08,-6.548974943052384,-0.331124927392338,6.548974943052384
2001-08-09,0.1828153564899521,-0.410593144032804,0.1828153564899521
2001-08-10,0.8515815085157968,-0.4253490207040076,0.8515815085157968
2001-08-13,-1.0856453558504209,-0.3893729784352132,1.0856453558504209
2001-08-14,-4.268292682926825,-0.4737917313615063,4.268292682926825
2001-08-15,-7.579617834394901,-0.6163448277249871,7.579617834394901
2001-08-16,0.0689179875947607,-0.7474410916728945,0.0689179875947607
2001-08-17,-2.0661157024793315,-0.7531701940698874,2.0661157024793315
2001-08-20,1.9690576652601923,-0.8299576551917904,1.9690576652601923
2001-08-21,2.8275862068965525,-0.6850332205940096,2.8275862068965525
2001-08-22,-1.4084507042253578,-0.6135675614631965,1.4084507042253578
2001-08-23,-1.7006802721088436,-0.5945211148180364,1.7006802721088436
2001-08-24,4.498269896193774,-0.5748372871963259,4.498269896193774
2001-08-27,2.6490066225165587,-0.4863247790361559,2.6490066225165587
2001-08-28,-1.741935483870965,-0.4258574946109137,1.741935483870965
2001-08-29,-8.07616546290217,-0.4532436150365235,8.07616546290217
2001-08-30,-5.78571428571429,-0.4914436452085896,5.78571428571429
2001-08-31,-0.1516300227445002,-0.545911287289841,0.1516300227445002
2001-09-04,-3.189066059225512,-0.5893869699092539,3.189066059225512
2001-09-05,-5.411764705882349,-0.5295028470525674,5.411764705882349
2001-09-06,-3.814262023217254,-0.6117977573215653,3.814262023217254
2001-09-07,-0.8620689655172383,-0.6333678783879381,0.8620689655172383
2001-09-10,-10.869565217391305,-0.693181128041182,10.869565217391305
2001-09-17,-0.097560975609754,-0.8472676094096597,0.097560975609754
2001-09-18,-3.8085937500000058,-0.8700091558994574,3.8085937500000058
2001-09-19,-8.121827411167502,-0.8601981838312954,8.121827411167502
2001-09-20,-8.1767955801105,-0.9337228889444324,8.1767955801105
2001-09-21,17.32851985559566,-1.0538107604536668,17.32851985559566
2001-09-24,-0.4102564102564015,-0.7889786907384454,0.4102564102564015
2001-09-25,-6.797116374871267,-0.8409328638015162,6.797116374871267
2001-09-26,-8.72928176795581,-0.9602362300475874,8.72928176795581
2001-09-27,2.0581113801452777,-1.0217947359720203,2.0581113801452777
2001-09-28,-1.542111506524306,-1.0933666494308372,1.542111506524306
2001-10-01,-4.457831325301217,-1.132241051280836,4.457831325301217
2001-10-02,-1.7654476670870074,-1.1635507160105,1.7654476670870074
2001-10-03,13.607188703465976,-1.1985732901171648,13.607188703465976
2001-10-04,-3.389830508474565,-1.0132483171765472,3.389830508474565
2001-10-05,-2.5730994152046858,-0.988132927137949,2.5730994152046858
2001-10-08,9.483793517406951,-1.064633846044264,9.483793517406951
2001-10-09,-1.4254385964912173,-0.9347190173519586,1.4254385964912173
2001-10-10,9.899888765294778,-0.9162014427127788,9.899888765294778
2001-10-11,6.275303643724688,-0.8568998242704144,6.275303643724688
2001-10-12,-1.904761904761898,-0.8469767224745187,1.904761904761898
2001-10-15,-0.6796116504854396,-0.9619283851298124,0.6796116504854396
2001-10-16,11.241446725317696,-0.9640175074958592,11.241446725317696
2001-10-17,-12.302284710017576,-0.9078332798305342,12.302284710017576
2001-10-18,-2.304609218436878,-1.1226540750024931,2.304609218436878
2001-10-19,-5.435897435897429,-1.1056413560258915,5.435897435897429
2001-10-22,5.748373101952271,-1.11397569274796,5.748373101952271
2001-10-23,0.5128205128205201,-1.0426889469991594,0.5128205128205201
2001-10-24,-1.2244897959183774,-1.0285472925473926,1.2244897959183774
2001-10-25,5.991735537190084,-0.9505558871135888,5.991735537190084
2001-10-26,-2.2417153996101407,-0.8516369551671881,2.2417153996101407
2001-10-29,-5.28414755732801,-0.9169676551987576,5.28414755732801
2001-10-30,0.3157894736842038,-0.9687330624157722,0.3157894736842038
2001-10-31,4.931794333683113,-0.9128896314306733,4.931794333683113
2001-11-01,14.700000000000006,-0.9081938067800454,14.700000000000006
2001-11-02,8.631211857018311,-0.7783887047842347,8.631211857018311
2001-11-05,5.136436597110745,-0.8315009274752604,5.136436597110745
2001-11-06,-2.2900763358778544,-0.780511798787232,2.2900763358778544
2001-11-07,10.156249999999991,-0.7235737251147416,10.156249999999991
2001-11-08,-7.375886524822689,-0.6614545737519829,7.375886524822689
2001-11-09,-5.053598774885146,-0.6603387894523717,5.053598774885146
2001-11-12,6.854838709677417,-0.6318481765247771,6.854838709677417
2001-11-13,5.358490566037743,-0.595484083425712,5.358490566037743
2001-11-14,0.2865329512893921,-0.5449204880466183,0.2865329512893921
2001-11-15,-1.7857142857142858,-0.3650633767937964,1.7857142857142858
2001-11-16,-0.5818181818181823,-0.3329227146445812,0.5818181818181823
2001-11-19,-1.9751280175566903,-0.3653818771528898,1.9751280175566903
2001-11-20,-2.238805970149259,-0.440150838429421,2.238805970149259
2001-11-21,0.0,-0.5073221200317659,0.0
2001-11-23,2.290076335877868,-0.5416850347041313,2.290076335877868
2001-11-26,3.1343283582089545,-0.5506023819256545,3.1343283582089545
2001-11-27,-0.1447178002894325,-0.5184296262010495,0.1447178002894325
2001-11-28,-5.942028985507248,-0.5453378344223381,5.942028985507248
2001-11-29,5.0077041602465355,-0.589663642767568,5.0077041602465355
2001-11-30,-0.9537784299339748,-0.4862319978598609,0.9537784299339748
2001-12-03,5.18518518518518,-0.4509884223328153,5.18518518518518
2001-12-04,8.450704225352121,-0.2666363081050632,8.450704225352121
2001-12-05,3.5714285714285645,-0.2417443217267373,3.5714285714285645
2001-12-06,11.285266457680256,-0.1571352564858414,11.285266457680256
2001-12-07,-1.408450704225352,-0.1840007600930263,1.408450704225352
2001-12-10,2.000000000000008,-0.1452513706006884,2.000000000000008
2001-12-11,1.680672268907547,-0.056411613427138,1.680672268907547
2001-12-12,-4.68319559228649,0.043017368382302,4.68319559228649
2001-12-13,-6.069364161849715,-0.035256249198875,6.069364161849715
2001-12-14,5.846153846153841,-0.0088790110834184,5.846153846153841
2001-12-17,4.069767441860461,0.1409018085235805,4.069767441860461
2001-12-18,-5.027932960893847,0.1759592236867118,5.027932960893847
2001-12-19,-1.7647058823529451,0.1983546598101592,1.7647058823529451
2001-12-20,-6.287425149700592,0.2221944323657304,6.287425149700592
2001-12-21,1.916932907348236,0.175408698186157,1.916932907348236
2001-12-24,-1.8808777429467016,0.1035847788830525,1.8808777429467016
2001-12-26,1.8530351437699624,-0.0603818142626652,1.8530351437699624
2001-12-27,3.826850690087837,-0.0622458122244335,3.826850690087837
2001-12-28,-0.3625377643504669,-0.011837350024308,0.3625377643504669
2001-12-31,-1.2734990903577763,-0.0372275488046219,1.2734990903577763
2002-01-02,2.7027027027026884,-0.0438712737577343,2.7027027027026884
2002-01-03,19.019138755980865,0.0668743919128462,19.019138755980865
2002-01-04,2.7638190954773907,0.1623745578059744,2.7638190954773907
2002-01-07,-2.2982885085574516,0.2221501489619294,2.2982885085574516
2002-01-08,0.1001001001000979,0.2807973527295473,0.1001001001000979
2002-01-09,-4.0000000000000036,0.2960687778464754,4.0000000000000036
2002-01-10,-2.083333333333326,0.2576584125632695,2.083333333333326
2002-01-11,2.0212765957446757,0.2634713660928411,2.0212765957446757
2002-01-14,1.929092805005219,0.3387557490045179,1.929092805005219
2002-01-15,-4.347826086956529,0.4390188059183018,4.347826086956529
2002-01-16,0.9090909090909184,0.4018183664098792,0.9090909090909184
2002-01-17,-13.036565977742452,0.4395963030290126,13.036565977742452
2002-01-18,4.692260816575256,0.2875611230905078,4.692260816575256
2002-01-22,-4.249126891734577,0.3097995667044401,4.249126891734577
2002-01-23,-2.735562310030391,0.2853332633322393,2.735562310030391
2002-01-24,0.3125000000000044,0.2747798287927551,0.3125000000000044
2002-01-25,1.869158878504677,0.2328595497406036,1.869158878504677
2002-01-28,0.9174311926605416,0.3053504970791365,0.9174311926605416
2002-01-29,-3.3333333333333375,0.3450236266856987,3.3333333333333375
2002-01-30,0.6269592476489118,0.3551982725611149,0.6269592476489118
2002-01-31,-1.1838006230529674,0.4058718766562131,1.1838006230529674
2002-02-01,-0.3783102143757801,0.3908066843220365,0.3783102143757801
2002-02-04,-4.746835443037974,0.4022178118596088,4.746835443037974
2002-02-05,-2.4584717607973485,0.3578267239948067,2.4584717607973485
2002-02-06,-4.49591280653951,0.3295110865131478,4.49591280653951
2002-02-07,-1.9258202567760312,0.2446013587782343,1.9258202567760312
2002-02-08,9.163636363636362,0.2874560862674443,9.163636363636362
2002-02-11,-1.5323117921385772,0.4985361252050749,1.5323117921385772
2002-02-12,3.0446549391069087,0.4909331623240714,3.0446549391069087
2002-02-13,1.7728168089297411,0.5626934984762249,1.7728168089297411
2002-02-14,-3.225806451612903,0.603851513210818,3.225806451612903
2002-02-15,-3.3333333333333335,0.4821958037341083,3.3333333333333335
2002-02-19,-2.4137931034482736,0.4151918906616137,2.4137931034482736
2002-02-20,1.7667844522968197,0.4224390586806069,1.7667844522968197
2002-02-21,-7.986111111111112,0.5244819324132358,7.986111111111112
2002-02-22,-0.3773584905660431,0.3874630495211859,0.3773584905660431
2002-02-25,3.030303030303033,0.3521055888725964,3.030303030303033
2002-02-26,6.249999999999998,0.4029604372506602,6.249999999999998
2002-02-27,-1.7301038062283738,0.5067632379266748,1.7301038062283738
2002-02-28,-2.957746478873239,0.4361128629106634,2.957746478873239
2002-03-01,9.36139332365748,0.3932095842055432,9.36139332365748
2002-03-04,1.526211015262113,0.5711151165214944,1.526211015262113
2002-03-05,2.418300653594766,0.5178664693173747,2.418300653594766
2002-03-06,2.0421186981493316,0.5377779138799269,2.0421186981493316
2002-03-07,-0.2501563477173291,0.5066240077669589,0.2501563477173291
2002-03-08,1.6300940438871572,0.4513928117332575,1.6300940438871572
2002-03-11,-3.2078963602714454,0.4708104020802441,3.2078963602714454
2002-03-12,-5.353728489483747,0.4069534395729415,5.353728489483747
2002-03-13,-2.3569023569023546,0.2797531991451194,2.3569023569023546
2002-03-14,-0.3448275862069014,0.4903303894462661,0.3448275862069014
2002-03-15,3.1141868512110804,0.5129298768423622,3.1141868512110804
2002-03-18,0.1342281879194602,0.5946892727546862,0.1342281879194602
2002-03-19,-1.5415549597855256,0.4071370123498449,1.5415549597855256
2002-03-20,-3.8801906058543247,0.3514857204702308,3.8801906058543247
2002-03-21,3.75354107648726,0.2779283735482759,3.75354107648726
2002-03-22,0.0,0.2894287849635667,0.0
2002-03-25,-3.5494880546075054,0.2778940539225221,3.5494880546075054
2002-03-26,1.2738853503184693,0.2454953292944499,1.2738853503184693
2002-03-27,-0.4891684136967175,0.231733566825642,0.4891684136967175
2002-03-28,2.598314606741567,0.1748226956284221,2.598314606741567
2002-04-01,-1.437371663244347,0.2099227178824113,1.437371663244347
2002-04-02,-1.3194444444444409,0.1449697126108277,1.3194444444444409
2002-04-03,-2.955665024630554,0.085632097426188,2.955665024630554
2002-04-04,0.4350978970268346,0.1584057492456934,0.4350978970268346
2002-04-05,-6.064981949458483,0.0823307441405944,6.064981949458483
2002-04-08,4.996156802459649,0.0875943171926907,4.996156802459649
2002-04-09,-1.756954612005858,0.1863250746430132,1.756954612005858
2002-04-10,-0.149031296572277,0.1042900807361208,0.149031296572277
2002-04-11,-0.5223880597014946,0.0228562756457682,0.5223880597014946
2002-04-12,-0.6001500375093779,0.0390359999519625,0.6001500375093779
2002-04-15,5.283018867924523,0.050732913002203,5.283018867924523
2002-04-16,5.089605734767032,0.0507923100948726,5.089605734767032
2002-04-17,-6.548431105047754,0.1273667645676311,6.548431105047754
2002-04-18,-7.299270072992701,0.0552814760933638,7.299270072992701
2002-04-19,-4.7244094488188955,-0.0456669025340512,4.7244094488188955
2002-04-22,-4.132231404958678,-0.1387053318508215,4.132231404958678
2002-04-23,4.741379310344834,-0.225888382823956,4.741379310344834
2002-04-24,-2.2222222222222188,-0.1631721084909178,2.2222222222222188
2002-04-25,-3.0303030303030405,-0.1573559236024541,3.0303030303030405
2002-04-26,-1.5624999999999976,-0.2377317389526569,1.5624999999999976
2002-04-29,-2.9982363315696636,-0.2719673797158762,2.9982363315696636
2002-04-30,3.1818181818181785,-0.3492011578644288,3.1818181818181785
2002-05-01,3.5242290748898712,-0.3371639378682936,3.5242290748898712
2002-05-02,-3.4893617021276606,-0.3079520649640087,3.4893617021276606
2002-05-03,-2.8218694885361577,-0.4051772185785641,2.8218694885361577
2002-05-06,-0.6352087114337595,-0.4406489530370076,0.6352087114337595
2002-05-07,2.739726027397267,-0.4695441347854889,2.739726027397267
2002-05-08,1.9555555555555613,-0.4374093786498725,1.9555555555555613
2002-05-09,-0.5231037489102048,-0.3791566014990603,0.5231037489102048
2002-05-10,-0.9640666082383824,-0.351009576238315,0.9640666082383824
2002-05-13,7.964601769911491,-0.3968926196762818,7.964601769911491
2002-05-14,1.639344262295091,-0.3026443379983655,1.639344262295091
2002-05-15,0.8870967741935438,-0.2490086972164615,0.8870967741935438
2002-05-16,1.438848920863307,-0.2282369498696999,1.438848920863307
2002-05-17,-3.861308116627267,-0.1695443354428974,3.861308116627267
2002-05-20,1.2295081967213144,-0.2370620733590228,1.2295081967213144
2002-05-21,-5.748987854251006,-0.2153462171363317,5.748987854251006
2002-05-22,1.3745704467353963,-0.3022965827542841,1.3745704467353963
2002-05-23,0.0,-0.3048772909574166,0.0
2002-05-24,1.271186440677954,-0.3055642058549645,1.271186440677954
2002-05-28,-3.765690376569032,-0.2877910780203583,3.765690376569032
2002-05-29,-1.3043478260869596,-0.3471238382832181,1.3043478260869596
2002-05-30,0.2643171806167501,-0.4946737996233905,0.2643171806167501
2002-05-31,0.1757469244288187,-0.5196685284597057,0.1757469244288187
2002-06-03,-5.614035087719303,-0.4949346860730261,5.614035087719303
2002-06-04,2.2304832713754665,-0.53008845512068,2.2304832713754665
2002-06-05,-2.7272727272727337,-0.4667700631367369,2.7272727272727337
2002-06-06,-13.06542056074766,-0.4834540456475896,13.06542056074766
2002-06-07,6.428725005375196,-0.6287410633507565,6.428725005375196
2002-06-10,2.020202020202013,-0.5725444041240837,2.020202020202013
2002-06-11,-5.049504950495048,-0.5156922475175547,5.049504950495048
2002-06-12,-0.6256517205422367,-0.5690587082188077,0.6256517205422367
2002-06-13,-2.4134312696746973,-0.4705379947552522,2.4134312696746973
2002-06-14,6.4516129032258025,-0.5328562285890003,6.4516129032258025
2002-06-17,9.090909090909092,-0.4277511946480571,9.090909090909092
2002-06-18,-16.66666666666667,-0.3214101718228708,16.66666666666667
2002-06-19,-3.888888888888885,-0.4319804297276784,3.888888888888885
2002-06-20,-5.2023121387283355,-0.4914344776768756,5.2023121387283355
2002-06-21,-2.439024390243894,-0.5442709754338638,2.439024390243894
2002-06-24,13.125000000000009,-0.5405172150780458,13.125000000000009
2002-06-25,-8.83977900552487,-0.4110211989572377,8.83977900552487
2002-06-26,10.909090909090912,-0.4239509952131692,10.909090909090912
2002-06-27,-0.2185792349726729,-0.3825429905665058,0.2185792349726729
2002-06-28,5.14786418400875,-0.3438489477146388,5.14786418400875
2002-07-01,-8.333333333333321,-0.3149550819718843,8.333333333333321
2002-07-02,-6.250000000000008,-0.3093925767836028,6.250000000000008
2002-07-03,9.696969696969706,-0.3333345775464451,9.696969696969706
2002-07-05,3.204419889502753,-0.3993653883702303,3.204419889502753
2002-07-08,-3.6402569593147738,-0.3738344485292921,3.6402569593147738
2002-07-09,2.55555555555556,-0.4272008957604093,2.55555555555556
2002-07-10,-3.4669555796316387,-0.4336795384334966,3.4669555796316387
2002-07-11,4.713804713804713,-0.4146332037094825,4.713804713804713
2002-07-12,-2.4651661307609904,-0.3530428207155716,2.4651661307609904
2002-07-15,1.6483516483516525,-0.3403746520331466,1.6483516483516525
2002-07-16,8.108108108108109,-0.3220304705176716,8.108108108108109
2002-07-17,-10.999999999999996,-0.1611084485498702,10.999999999999996
2002-07-18,-2.0224719101123565,-0.2660555206625241,2.0224719101123565
2002-07-19,-1.4908256880734034,-0.3029899706505136,1.4908256880734034
2002-07-22,-1.0477299185098936,-0.3525538293387915,1.0477299185098936
2002-07-23,-5.294117647058815,-0.3571334483295484,5.294117647058815
2002-07-24,0.0,-0.3813140881357475,0.0
2002-07-25,-1.1180124223602577,-0.4785761212636065,1.1180124223602577
2002-07-26,2.010050251256272,-0.5261373618321173,2.010050251256272
2002-07-29,0.0,-0.5626841444960802,0.0
2002-07-30,4.064039408866996,-0.6024073110446411,4.064039408866996
2002-07-31,-4.970414201183432,-0.5569610287267466,4.970414201183432
2002-08-01,-3.7359900373598873,-0.6362974912491985,3.7359900373598873
2002-08-02,0.0,-0.6232066837270642,0.0
2002-08-05,2.199223803363518,-0.5334559009190731,2.199223803363518
2002-08-06,11.392405063291145,-0.4721681838814697,11.392405063291145
2002-08-07,-4.545454545454549,-0.3703010116408318,4.545454545454549
2002-08-08,1.7857142857142898,-0.4662172267562806,1.7857142857142898
2002-08-09,1.520467836257298,-0.456814363410577,1.520467836257298
2002-08-12,1.7281105990783452,-0.4162313133170076,1.7281105990783452
2002-08-13,-3.624009060022653,-0.3292053350403682,3.624009060022653
2002-08-14,3.0552291421856617,-0.4335265669898135,3.0552291421856617
2002-08-15,3.762827822120867,-0.4049281053474197,3.762827822120867
2002-08-16,9.12087912087912,-0.3046736255120848,9.12087912087912
2002-08-19,5.6394763343403875,-0.2723887736836369,5.6394763343403875
2002-08-20,-0.5719733079123022,-0.2256914791415767,0.5719733079123022
2002-08-21,0.6711409395973181,-0.2623054092682222,0.6711409395973181
2002-08-22,-1.6190476190476184,-0.2199036491132737,1.6190476190476184
2002-08-23,-6.098741529525661,-0.1072895330229246,6.098741529525661
2002-08-26,0.2061855670103232,-0.1378421342833427,0.2061855670103232
2002-08-27,-8.950617283950628,-0.132015971919852,8.950617283950628
2002-08-28,-3.050847457627114,-0.2360663135397054,3.050847457627114
2002-08-29,1.3986013986013894,-0.3420663002396609,1.3986013986013894
2002-08-30,-1.1494252873563178,-0.3131168283948803,1.1494252873563178
2002-09-03,-2.09302325581395,-0.256661732219316,2.09302325581395
2002-09-04,-2.6128266033254235,-0.2759633266986705,2.6128266033254235
2002-09-05,2.4390243902439157,-0.314278497367516,2.4390243902439157
2002-09-06,-4.6428571428571495,-0.3290448558242219,4.6428571428571495
2002-09-09,2.372034956304613,-0.536786959878547,2.372034956304613
2002-09-10,4.878048780487809,-0.4514197837843484,4.878048780487809
2002-09-11,-4.883720930232558,-0.3053630877945941,4.883720930232558
2002-09-12,-11.369193154034226,-0.288108920441383,11.369193154034226
2002-09-13,-0.6896551724137907,-0.3291432822296226,0.6896551724137907
2002-09-16,2.499999999999996,-0.4259995441000498,2.499999999999996
2002-09-17,-7.859078590785909,-0.3744584417259604,7.859078590785909
2002-09-18,-2.941176470588238,-0.3947055006660404,2.941176470588238
2002-09-19,-4.545454545454543,-0.4073644918173277,4.545454545454543
2002-09-20,-1.1111111111111016,-0.4120226117219184,1.1111111111111016
2002-09-23,-6.902086677367585,-0.4835407146643666,6.902086677367585
2002-09-24,2.5862068965517304,-0.6030424777178797,2.5862068965517304
2002-09-25,1.3445378151260516,-0.5368326849461905,1.3445378151260516
2002-09-26,-0.6633499170812609,-0.4969149246055853,0.6633499170812609
2002-09-27,-4.841402337228715,-0.5162324120624913,4.841402337228715
2002-09-30,-4.912280701754391,-0.6122081492597742,4.912280701754391
2002-10-01,-3.3210332103320983,-0.6989760209617231,3.3210332103320983
2002-10-02,-15.458015267175584,-0.7509826652576859,15.458015267175584
2002-10-03,-18.05869074492099,-0.767821627660903,18.05869074492099
2002-10-04,-3.581267217630851,-0.8310278433772476,3.581267217630851
2002-10-07,-5.71428571428572,-0.8965585454719928,5.71428571428572
2002-10-08,7.27272727272728,-0.9759230849066228,7.27272727272728
2002-10-09,2.2598870056497193,-0.9078211118572032,2.2598870056497193
2002-10-10,7.458563535911602,-0.8543483141593077,7.458563535911602
2002-10-11,-3.5989717223650417,-0.7915406421350178,3.5989717223650417
2002-10-14,13.866666666666656,-0.7509176736407464,13.866666666666656
2002-10-15,-7.494145199063219,-0.6241218638953794,7.494145199063219
2002-10-16,23.29113924050633,-0.6700176150850259,23.29113924050633
2002-10-17,-10.061601642710476,-0.7284539412545703,10.061601642710476
2002-10-18,7.990867579908689,-0.7175631419674151,7.990867579908689
2002-10-21,15.64482029598307,-0.7080117081429224,15.64482029598307
2002-10-22,-2.742230347349168,-0.7367353486588766,2.742230347349168
2002-10-23,15.601503759398495,-0.712321588866524,15.601503759398495
2002-10-24,-11.0569105691057,-0.6294316116545565,11.0569105691057
2002-10-25,17.550274223034737,-0.6639032377928865,17.550274223034737
2002-10-28,-6.687402799377912,-0.6024481650392708,6.687402799377912
2002-10-29,-1.1666666666666714,-0.4306453381466421,1.1666666666666714
2002-10-30,7.419898819561559,-0.485582125390539,7.419898819561559
2002-10-31,-4.238618524332817,-0.4938305606341019,4.238618524332817
2002-11-01,13.114754098360669,-0.4490054836314948,13.114754098360669
2002-11-04,-2.8985507246376834,-0.4354780110094312,2.8985507246376834
2002-11-05,3.8805970149253697,-0.420125662299404,3.8805970149253697
2002-11-06,0.5747126436781614,-0.4097598110375018,0.5747126436781614
2002-11-07,-3.857142857142851,-0.4300018081326162,3.857142857142851
2002-11-08,-9.36106983655276,-0.2331198334510762,9.36106983655276
2002-11-11,0.6557377049180334,-0.3455665172634175,0.6557377049180334
2002-11-12,3.745928338762222,-0.3289770700381758,3.745928338762222
2002-11-13,2.0408163265306105,-0.3064402166579262,2.0408163265306105
2002-11-14,-1.538461538461533,-0.3851442975265395,1.538461538461533
2002-11-15,1.5624999999999944,-0.2944534172595163,1.5624999999999944
2002-11-18,-3.8461538461538463,-0.386486273522847,3.8461538461538463
2002-11-19,-12.0,-0.4366760540792854,12.0
2002-11-20,3.63636363636364,-0.6527953456175098,3.63636363636364
2002-11-21,2.6315789473684115,-0.5260330681592755,2.6315789473684115
2002-11-22,17.26495726495728,-0.4207937300803764,17.26495726495728
2002-11-25,19.533527696792987,-0.2738155657116873,19.533527696792987
2002-11-26,2.1951219512195306,-0.4540981710256254,2.1951219512195306
2002-11-27,3.699284009546523,-0.3554313583569479,3.699284009546523
2002-11-29,6.904487917146142,-0.3704983233538507,6.904487917146142
2002-12-02,-6.35091496232508,-0.2646034548974746,6.35091496232508
2002-12-03,-13.218390804597696,-0.3685444558549537,13.218390804597696
2002-12-04,13.245033112582792,-0.4615728838651115,13.245033112582792
2002-12-05,-6.432748538011704,-0.413738437474859,6.432748538011704
2002-12-06,-5.000000000000004,-0.6389489712576696,5.000000000000004
2002-12-09,-1.1842105263157876,-0.1838397871138132,1.1842105263157876
2002-12-10,3.3288948069241013,-0.4031603801216573,3.3288948069241013
2002-12-11,1.1597938144329878,-0.3706058477807143,1.1597938144329878
2002-12-12,-5.987261146496812,-0.3296622213905948,5.987261146496812
2002-12-13,-0.9485094850948548,-0.2658675882035999,0.9485094850948548
2002-12-16,1.9151846785225797,-0.2892752486327843,1.9151846785225797
2002-12-17,-6.04026845637584,-0.2470602181457789,6.04026845637584
2002-12-18,-4.714285714285715,-0.3844786463873513,4.714285714285715
2002-12-19,-2.398800599700152,-0.4624195595976353,2.398800599700152
2002-12-20,2.9185867895545377,-0.6034809640293288,2.9185867895545377
2002-12-23,-1.4925373134328437,-0.4847369394922851,1.4925373134328437
2002-12-24,1.6666666666666716,-0.4693764661585896,1.6666666666666716
2002-12-26,-4.023845007451558,-0.4895269144354623,4.023845007451558
2002-12-27,-2.6397515527950435,-0.6057440236737706,2.6397515527950435
2002-12-30,2.3923444976076613,-0.8891891716284427,2.3923444976076613
2002-12-31,2.180685358255446,-0.7637517589484502,2.180685358255446
2003-01-02,6.859756097560978,-0.7711616171173422,6.859756097560978
2003-01-03,0.5706134094151217,-0.6908686424359878,0.5706134094151217
2003-01-06,2.836879432624116,-0.6906492468126746,2.836879432624116
2003-01-07,-2.620689655172419,-0.600977731616433,2.620689655172419
2003-01-08,-1.9830028328611853,-0.6621094984148125,1.9830028328611853
2003-01-09,-0.1445086705202281,-0.723513177636994,0.1445086705202281
2003-01-10,11.143270622286536,-0.8377407655382056,11.143270622286536
2003-01-13,-2.3437499999999964,-0.7198505147061057,2.3437499999999964
2003-01-14,-0.1333333333333305,-0.6957767345068785,0.1333333333333305
2003-01-15,-1.6021361815754354,-0.6710662618229883,1.6021361815754354
2003-01-16,-13.839891451831756,-0.6253155242912394,13.839891451831756
2003-01-17,-3.6220472440944818,-0.7594066337799563,3.6220472440944818
2003-01-21,-1.960784313725492,-0.7733668449651684,1.960784313725492
2003-01-22,-3.333333333333336,-0.6767388053852841,3.333333333333336
2003-01-23,-2.586206896551715,-0.6698172790844502,2.586206896551715
2003-01-24,-4.955752212389385,-0.7384213995743938,4.955752212389385
2003-01-27,-1.4897579143389212,-0.7910810215979941,1.4897579143389212
2003-01-28,0.1890359168241925,-0.8055163915927183,0.1890359168241925
2003-01-29,5.849056603773595,-0.7933682393728527,5.849056603773595
2003-01-30,-9.98217468805705,-0.6965680890890804,9.98217468805705
2003-01-31,3.76237623762377,-0.7875660169537517,3.76237623762377
2003-02-03,-3.8167938931297742,-0.7724312654982924,3.8167938931297742
2003-02-04,0.5952380952381001,-0.8417740593229939,0.5952380952381001
2003-02-05,-0.788954635108482,-0.7707424946926549,0.788954635108482
2003-02-06,2.1868787276341832,-0.6803855200121266,2.1868787276341832
2003-02-07,-1.7509727626459115,-0.6111805337115807,1.7509727626459115
2003-02-10,2.3762376237623783,-0.6189945515718387,2.3762376237623783
2003-02-11,-1.7408123791102488,-0.4863767846715541,1.7408123791102488
2003-02-12,-2.559055118110234,-0.450411596342291,2.559055118110234
2003-02-13,1.0101010101010064,-0.4390647501814042,1.0101010101010064
2003-02-14,6.600000000000001,-0.4106291919784859,6.600000000000001
2003-02-18,5.065666041275789,-0.227491097694833,5.065666041275789
2003-02-19,0.0,-0.1611692402694246,0.0
2003-02-20,-2.32142857142857,-0.1007391071030373,2.32142857142857
2003-02-21,0.3656307129798988,-0.0848972467209878,0.3656307129798988
2003-02-24,-6.193078324225862,-0.0116581921350047,6.193078324225862
2003-02-25,1.941747572815527,-0.1328361248461826,1.941747572815527
2003-02-26,-1.523809523809525,-0.1064911539332777,1.523809523809525
2003-02-27,3.675048355899427,-0.0837741156911293,3.675048355899427
2003-02-28,3.5447761194029757,0.0391492488246912,3.5447761194029757
2003-03-03,-4.864864864864857,0.1055467742581534,4.864864864864857
2003-03-04,-0.3787878787878875,0.0395417811355365,0.3787878787878875
2003-03-05,2.8517110266159764,0.0116076716561722,2.8517110266159764
2003-03-06,-2.0332717190388228,0.0518742567145883,2.0332717190388228
2003-03-07,-0.943396226415091,-0.0356172806879457,0.943396226415091
2003-03-10,5.523809523809525,-0.0705422245094789,5.523809523809525
2003-03-11,-1.0830324909747222,0.0527154328422003,1.0830324909747222
2003-03-12,3.4671532846715234,0.0344071286538363,3.4671532846715234
2003-03-13,2.1164021164021185,0.0872531877990464,2.1164021164021185
2003-03-14,-3.2815198618307493,0.1640802555100838,3.2815198618307493
2003-03-17,6.0714285714285845,0.0563816119638135,6.0714285714285845
2003-03-18,12.626262626262626,0.1548233003328565,12.626262626262626
2003-03-19,2.6905829596412514,0.0904855337353029,2.6905829596412514
2003-03-20,5.094614264919937,0.1003224775873579,5.094614264919937
2003-03-21,-4.432132963988911,0.1993368616137578,4.432132963988911
2003-03-24,-4.492753623188412,0.0735201072389482,4.492753623188412
2003-03-25,1.5174506828528154,0.0722070282647066,1.5174506828528154
2003-03-26,-4.334828101644246,0.066949643754748,4.334828101644246
2003-03-27,-0.3125000000000072,-0.0230733167039774,0.3125000000000072
2003-03-28,-5.956112852664575,-0.0566129684798495,5.956112852664575
2003-03-31,3.333333333333336,-0.2521386932263327,3.333333333333336
2003-04-01,6.451612903225797,-0.2158087764057993,6.451612903225797
2003-04-02,8.93939393939395,-0.1287056108370681,8.93939393939395
2003-04-03,1.5299026425591018,-0.0649927391066355,1.5299026425591018
2003-04-04,2.739726027397263,0.0160895276402143,2.739726027397263
2003-04-07,-6.000000000000002,0.0490866758113863,6.000000000000002
2003-04-08,-0.7092198581560258,0.2603052181462861,0.7092198581560258
2003-04-09,0.2857142857142796,0.2250104163083803,0.2857142857142796
2003-04-10,0.142450142450152,0.211129331210376,0.142450142450152
2003-04-11,1.8492176386913213,0.2080710862456775,1.8492176386913213
2003-04-14,3.351955307262573,0.2120093293360223,3.351955307262573
2003-04-15,5.405405405405397,0.2497002525426361,5.405405405405397
2003-04-16,-5.128205128205121,0.3561391405875068,5.128205128205121
2003-04-17,10.540540540540531,0.2428369221201237,10.540540540540531
2003-04-21,3.3007334963325135,0.3141682124126669,3.3007334963325135
2003-04-22,0.5917159763313694,0.2915037818094991,0.5917159763313694
2003-04-23,-1.5294117647058916,0.0814205004854119,1.5294117647058916
2003-04-24,-6.8100358422939005,0.17817980337341,6.8100358422939005
2003-04-25,-3.333333333333331,0.0674188355419954,3.333333333333331
2003-04-28,2.2546419098143224,-0.0149176988787324,2.2546419098143224
2003-04-29,-0.6485084306095956,0.0429354888586026,0.6485084306095956
2003-04-30,-3.2637075718015667,0.1099290984588787,3.2637075718015667
2003-05-01,-0.6747638326585671,-0.0488221091032152,0.6747638326585671
2003-05-02,2.038043478260862,-0.0213031439270788,2.038043478260862
2003-05-05,0.5326231691078567,0.0584806400145293,0.5326231691078567
2003-05-06,1.1920529801324484,0.084883618631746,1.1920529801324484
2003-05-07,-3.4031413612565418,0.0628128656867596,3.4031413612565418
2003-05-08,-0.4065040650406538,0.0279601037716098,0.4065040650406538
2003-05-09,0.1360544217687166,0.078848649524956,0.1360544217687166
2003-05-12,-0.1358695652174004,0.0956409982919074,0.1358695652174004
2003-05-13,2.8571428571428568,0.0768123677648772,2.8571428571428568
2003-05-14,1.32275132275133,0.1638391615040689,1.32275132275133
2003-05-15,-2.219321148825064,0.223772842664001,2.219321148825064
2003-05-16,0.2670226969292333,0.2266305728736819,0.2670226969292333
2003-05-19,-3.4620505992010626,0.1907065919871111,3.4620505992010626
2003-05-20,-2.8965517241379306,0.1738860817934007,2.8965517241379306
2003-05-21,0.1420454545454515,0.1180133397391081,0.1420454545454515
2003-05-22,0.7092198581560258,0.1941612826122844,0.7092198581560258
2003-05-23,-2.8169014084506943,0.2243083525536954,2.8169014084506943
2003-05-27,4.347826086956519,0.16857212856302,4.347826086956519
2003-05-28,2.6388888888888817,0.2147950140780302,2.6388888888888817
2003-05-29,1.7591339648173194,0.1997569482667552,1.7591339648173194
2003-05-30,-4.255319148936162,0.2301380902442133,4.255319148936162
2003-06-02,-4.583333333333334,0.1499820388737013,4.583333333333334
2003-06-03,1.3100436681222687,0.0973300212993075,1.3100436681222687
2003-06-04,0.5747126436781614,0.1295494060191047,0.5747126436781614
2003-06-05,3.857142857142851,0.1268045392204985,3.857142857142851
2003-06-06,-5.089408528198064,0.1167139445545287,5.089408528198064
2003-06-09,-5.797101449275367,0.0586049630435495,5.797101449275367
2003-06-10,2.7692307692307647,-0.0074687582260419,2.7692307692307647
2003-06-11,-1.9461077844311363,-0.2568407020087563,1.9461077844311363
2003-06-12,4.8854961832061115,-0.2000185836458218,4.8854961832061115
2003-06-13,-4.9490538573507985,-0.1019986493039849,4.9490538573507985
2003-06-16,2.6033690658499222,-0.1089163449778379,2.6033690658499222
2003-06-17,-2.835820895522394,-0.0685391961395608,2.835820895522394
2003-06-18,4.76190476190477,-0.0709073335229875,4.76190476190477
2003-06-19,-0.1466275659824145,0.0154966929745196,0.1466275659824145
2003-06-20,-0.293685756240816,0.0437615091289775,0.293685756240816
2003-06-23,-14.580265095729017,0.0007049921515067,14.580265095729017
2003-06-24,8.965517241379318,-0.0697520391287792,8.965517241379318
2003-06-25,0.4746835443037873,0.1437279984743356,0.4746835443037873
2003-06-26,2.834645669291348,0.1295948916450889,2.834645669291348
2003-06-27,-2.297090352220526,0.249148568235392,2.297090352220526
2003-06-30,-0.940438871473348,0.2566360116940992,0.940438871473348
2003-07-01,3.6392405063291062,0.1033276386755134,3.6392405063291062
2003-07-02,-0.4580152671755763,0.1252349734267152,0.4580152671755763
2003-07-03,7.055214723926394,0.147598323361816,7.055214723926394
2003-07-07,0.4297994269340882,0.2278142928534435,0.4297994269340882
2003-07-08,1.569186875891588,0.275915611585263,1.569186875891588
2003-07-09,-3.7921348314606806,0.3211518749351393,3.7921348314606806
2003-07-10,1.459854014598548,0.2458868762446001,1.459854014598548
2003-07-11,7.482014388489202,0.2028610814667061,7.482014388489202
2003-07-14,-1.874163319946448,0.238547729292593,1.874163319946448
2003-07-15,-0.4092769440654877,0.2438157792935388,0.4092769440654877
2003-07-16,-0.5479452054794526,0.2637778362795236,0.5479452054794526
2003-07-17,0.0,0.2410728218782265,0.0
2003-07-18,-1.9283746556473784,0.2982981184103795,1.9283746556473784
2003-07-21,0.9831460674157344,0.2564666959886743,0.9831460674157344
2003-07-22,0.4172461752433847,0.2728565011263102,0.4172461752433847
2003-07-23,-0.2770083102493015,0.2324632154369824,0.2770083102493015
2003-07-24,-1.944444444444452,0.1925777846004313,1.944444444444452
2003-07-25,0.849858356940517,0.216496455743103,0.849858356940517
2003-07-28,2.1067415730337005,0.2200128425743651,2.1067415730337005
2003-07-29,0.5502063273727653,0.2149029703818804,0.5502063273727653
2003-07-30,1.9151846785225797,0.2481689116645956,1.9151846785225797
2003-07-31,-2.4161073825503436,0.2132681546642769,2.4161073825503436
2003-08-01,-1.1004126547455184,0.117789946393083,1.1004126547455184
2003-08-04,0.6954102920723202,0.0457033459895321,0.6954102920723202
2003-08-05,-0.2762430939226583,0.0113959783975166,0.2762430939226583
2003-08-06,1.2465373961218815,-0.0301154272144923,1.2465373961218815
2003-08-07,4.6511627906976845,-0.0106802968951811,4.6511627906976845
2003-08-08,-4.575163398692817,0.1202204163251962,4.575163398692817
2003-08-11,1.91780821917809,-0.0404865033786646,1.91780821917809
2003-08-12,-0.8064516129032324,-0.0330352819073369,0.8064516129032324
2003-08-13,3.2520325203252063,-0.0710941107588279,3.2520325203252063
2003-08-14,3.2808398950131235,-0.0071314166774825,3.2808398950131235
2003-08-15,7.750952986022875,0.0558609023457912,7.750952986022875
2003-08-18,6.72169811320755,0.1054773394681547,6.72169811320755
2003-08-19,0.0,0.1341318086309057,0.0
2003-08-20,3.204419889502753,0.1778694454970026,3.204419889502753
2003-08-21,6.102783725910068,0.2955038925236606,6.102783725910068
2003-08-22,2.9263370332996885,0.2904240330166457,2.9263370332996885
2003-08-25,-1.9607843137254837,0.437219816541855,1.9607843137254837
2003-08-26,0.9999999999999964,0.3318691652939894,0.9999999999999964
2003-08-27,2.2772277227722815,0.3208357577812659,2.2772277227722815
2003-08-28,5.517909002904165,0.3282787931279088,5.517909002904165
2003-08-29,5.321100917431193,0.4404189624247392,5.321100917431193
2003-09-02,0.3484320557491215,0.4911268987112699,0.3484320557491215
2003-09-03,-5.121527777777777,0.5017208097101715,5.121527777777777
2003-09-04,6.31290027447392,0.3313993929245258,6.31290027447392
2003-09-05,5.077452667814128,0.3409869994152767,5.077452667814128
2003-09-08,1.3104013104012968,0.3544778469512207,1.3104013104012968
2003-09-09,-2.9911075181891613,0.3912351757259835,2.9911075181891613
2003-09-10,-6.166666666666669,0.4364106227549839,6.166666666666669
2003-09-11,6.0390763765541715,0.1417575153622478,6.0390763765541715
2003-09-12,3.0150753768844325,0.1256055499899651,3.0150753768844325
2003-09-15,-3.0894308943089492,0.1545912350362604,3.0894308943089492
2003-09-16,2.7684563758389267,0.1561504903039673,2.7684563758389267
2003-09-17,0.4081632653061282,0.2198383057954457,0.4081632653061282
2003-09-18,4.0650406504065035,0.3003104921980729,4.0650406504065035
2003-09-19,-3.0468750000000044,0.3088704363610199,3.0468750000000044
2003-09-22,1.1281224818694646,0.317700084367655,1.1281224818694646
2003-09-23,-0.1593625498008075,0.3979568700089197,0.1593625498008075
2003-09-24,-7.023144453312043,0.4350022824823952,7.023144453312043
2003-09-25,-3.433476394849788,0.3659648030122024,3.433476394849788
2003-09-26,-0.8888888888888857,0.3474003677352885,0.8888888888888857
2003-09-29,-5.650224215246643,0.3412617945143658,5.650224215246643
2003-09-30,6.083650190114074,0.3362695192070247,6.083650190114074
2003-10-01,0.6272401433691782,0.4183117232177957,0.6272401433691782
2003-10-02,8.637577916295626,0.4437848589947515,8.637577916295626
2003-10-03,-0.8196721311475381,0.5334636366114851,0.8196721311475381
2003-10-06,1.8181818181818237,0.505961144885878,1.8181818181818237
2003-10-07,4.707792207792208,0.5158487577740154,4.707792207792208
2003-10-08,3.333333333333331,0.5889676530749289,3.333333333333331
2003-10-09,-0.3750937734433662,0.6222584190136656,0.3750937734433662
2003-10-10,0.3765060240963909,0.6534890526371132,0.3765060240963909
2003-10-13,-0.975243810952744,0.6862065191587035,0.975243810952744
2003-10-14,7.651515151515164,0.6746500582357785,7.651515151515164
2003-10-15,-4.99648135116116,0.7518860868160017,4.99648135116116
2003-10-16,7.777777777777783,0.7311832170568096,7.777777777777783
2003-10-17,-2.4054982817869512,0.7633314250649789,2.4054982817869512
2003-10-20,0.0,0.7190142795333355,0.0
2003-10-21,-1.267605633802815,0.7688843778949729,1.267605633802815
2003-10-22,-2.7817403708987074,0.78847881538077,2.7817403708987074
2003-10-23,-0.9537784299339748,0.7914115180441174,0.9537784299339748
2003-10-24,1.4814814814814763,0.7779226413512038,1.4814814814814763
2003-10-27,1.9708029197080392,0.7971041516280241,1.9708029197080392
2003-10-28,5.368647100930565,0.7962729503892624,5.368647100930565
2003-10-29,4.279891304347819,0.8833287241415959,4.279891304347819
2003-10-30,-0.9771986970684062,0.9635039217323996,0.9771986970684062
2003-10-31,1.5789473684210542,0.9355872267784496,1.5789473684210542
2003-11-03,2.9792746113989694,0.966929622766248,2.9792746113989694
2003-11-04,4.08805031446541,0.966439840934506,4.08805031446541
2003-11-05,3.383685800604222,1.037222242451407,3.383685800604222
2003-11-06,-0.2922267679719504,1.0569635469465404,0.2922267679719504
2003-11-07,-4.1617819460726695,1.0689366721091158,4.1617819460726695
2003-11-10,1.7737003058103922,0.993716918987326,1.7737003058103922
2003-11-11,0.3605769230769153,1.0076885336916035,0.3605769230769153
2003-11-12,6.586826347305398,0.9987015955664432,6.586826347305398
2003-11-13,2.41573033707865,1.1906256249932248,2.41573033707865
2003-11-14,-3.7301151947339535,1.097013906775193,3.7301151947339535
2003-11-17,0.740740740740735,1.066324443008821,0.740740740740735
2003-11-18,-1.640271493212665,1.0424960039182845,1.640271493212665
2003-11-19,1.2075905692927018,1.0616044193203489,1.2075905692927018
2003-11-20,-5.340909090909098,1.0887166564073392,5.340909090909098
2003-11-21,2.9411764705882257,0.9999944372306128,2.9411764705882257
2003-11-24,3.2069970845481093,1.0346187982607176,3.2069970845481093
2003-11-25,0.0564971751412517,0.968825516179265,0.0564971751412517
2003-11-26,0.451722190852616,0.971191320666372,0.451722190852616
2003-11-28,2.3046655424395737,0.9494465100129496,2.3046655424395737
2003-12-01,-0.8241758241758164,1.0201032798767875,0.8241758241758164
2003-12-02,-0.7756232686980641,0.9884868576260232,0.7756232686980641
2003-12-03,-3.35008375209381,0.7652610896238121,3.35008375209381
2003-12-04,-5.372616984402079,0.7808480835423166,5.372616984402079
2003-12-05,-2.7472527472527433,0.7862471526294064,2.7472527472527433
2003-12-08,1.6321406151914726,0.7881755960365022,1.6321406151914726
2003-12-09,-8.585546633724524,0.8164814753221569,8.585546633724524
2003-12-10,-0.3378378378378426,0.8141539608911075,0.3378378378378426
2003-12-11,3.389830508474576,0.7941214246530212,3.389830508474576
2003-12-12,3.6065573770491848,0.8198651664137379,3.6065573770491848
2003-12-15,-6.645569620253169,0.8586309190213348,6.645569620253169
2003-12-16,-2.6440677966101735,0.8306580454699407,2.6440677966101735
2003-12-17,-1.6016713091921913,0.7908193609854355,1.6016713091921913
2003-12-18,3.3262561924982226,0.7443281673837219,3.3262561924982226
2003-12-19,-3.013698630136983,0.7680401404166576,3.013698630136983
2003-12-22,0.7768361581920864,0.7144774624057402,0.7768361581920864
2003-12-23,2.8030833917309064,0.7486885679090165,2.8030833917309064
2003-12-24,-0.8861622358554927,0.786562655952067,0.8861622358554927
2003-12-26,2.819807427785421,0.7674760808811595,2.819807427785421
2003-12-29,2.541806020066895,0.7975095181971104,2.541806020066895
2003-12-30,-0.848010437051538,0.8099069569998194,0.848010437051538
2003-12-31,-0.657894736842103,0.7578065546255607,0.657894736842103
2004-01-02,-0.3311258278145625,0.7950403052248789,0.3311258278145625
2004-01-05,1.0631229235880408,0.684378855600599,1.0631229235880408
2004-01-06,3.747534516765276,0.6739994791685723,3.747534516765276
2004-01-07,1.077313054499366,0.6787817056324141,1.077313054499366
2004-01-08,-1.31661442006269,0.644183609036381,1.31661442006269
2004-01-09,-0.2541296060991164,0.5926669916513262,0.2541296060991164
2004-01-12,0.8917197452229336,0.5496268341837915,0.8917197452229336
2004-01-13,-3.0934343434343448,0.5370488980371345,3.0934343434343448
2004-01-14,-0.6514657980456003,0.459801699933215,0.6514657980456003
2004-01-15,4.983606557377059,0.412516970088977,4.983606557377059
2004-01-16,7.682698313554009,0.4508951704892557,7.682698313554009
2004-01-20,-3.132250580046399,0.5704413103734306,3.132250580046399
2004-01-21,-4.61077844311377,0.5127720481348683,4.61077844311377
2004-01-22,-3.138731952291274,0.4368746526152666,3.138731952291274
2004-01-23,-1.5554115359688931,0.3596156789914438,1.5554115359688931
2004-01-26,4.0157998683344385,0.2974098329701721,4.0157998683344385
2004-01-27,0.632911392405061,0.3419829817677948,0.632911392405061
2004-01-28,-2.5157232704402537,0.3819575037011186,2.5157232704402537
2004-01-29,-5.096774193548382,0.3061240429616128,5.096774193548382
2004-01-30,1.9714479945615169,0.2165586873455739,1.9714479945615169
2004-02-02,-2.7333333333333343,0.2236113757825165,2.7333333333333343
2004-02-03,-0.4797806716929423,0.2107158536723662,0.4797806716929423
2004-02-04,-2.548209366391179,0.2518248371840852,2.548209366391179
2004-02-05,0.3533568904593564,0.2278624943208904,0.3533568904593564
2004-02-06,5.70422535211268,0.1486462818974982,5.70422535211268
2004-02-09,0.8660892738174603,0.253501119542078,0.8660892738174603
2004-02-10,3.0383091149273387,0.2324006056148984,3.0383091149273387
2004-02-11,0.7051282051282128,0.2603947454355299,0.7051282051282128
2004-02-12,-2.928071292170597,0.2334715563257384,2.928071292170597
2004-02-13,-0.8524590163934478,0.2182948084268366,0.8524590163934478
2004-02-17,-0.925925925925918,0.1916185516949546,0.925925925925918
2004-02-18,3.7383177570093378,0.1733609989263111,3.7383177570093378
2004-02-19,-3.6679536679536584,0.275395694885413,3.6679536679536584
2004-02-20,-3.139612558450238,0.2584412723337597,3.139612558450238
2004-02-23,-3.793103448275867,0.2233326953572501,3.793103448275867
2004-02-24,3.1541218637992925,0.2344476744467081,3.1541218637992925
2004-02-25,1.4593467685892916,0.2330144841797466,1.4593467685892916
2004-02-26,4.109589041095888,0.2289866700802817,4.109589041095888
2004-02-27,-3.552631578947363,0.2820177973055927,3.552631578947363
2004-03-01,2.796725784447477,0.2522573738499425,2.796725784447477
2004-03-02,-0.7962840079628467,0.2596470985461651,0.7962840079628467
2004-03-03,-1.2709030100334415,0.2040176753581549,1.2709030100334415
2004-03-04,2.3035230352303513,0.1150527125647934,2.3035230352303513
2004-03-05,2.5827814569536462,0.1374026701406358,2.5827814569536462
2004-03-08,-5.0355067785668135,0.1566929171710752,5.0355067785668135
2004-03-09,-1.9034670292318228,0.1312874220071764,1.9034670292318228
2004-03-10,-1.455301455301449,0.064040273007277,1.455301455301449
2004-03-11,3.6568213783403625,0.0949435593686821,3.6568213783403625
2004-03-12,0.9497964721845358,0.0631767104177613,0.9497964721845358
2004-03-15,-0.6048387096774303,0.0983513901214918,0.6048387096774303
2004-03-16,1.555104800540909,0.0890089894655125,1.555104800540909
2004-03-17,3.19573901464714,0.1156218480691332,3.19573901464714
2004-03-18,-1.4838709677419382,0.1756346398596593,1.4838709677419382
2004-03-19,-1.4407334643090954,0.1557359010840057,1.4407334643090954
2004-03-22,0.1328903654485021,0.117926173027329,0.1328903654485021
2004-03-23,-1.3934970139349758,0.0954383592834887,1.3934970139349758
2004-03-24,5.316285329744286,0.0593410172056701,5.316285329744286
2004-03-25,0.6389776357827454,0.0648107009646364,0.6389776357827454
2004-03-26,-0.5079365079365084,0.080022029289222,0.5079365079365084
2004-03-29,-0.4467134652201677,0.0475079819519538,0.4467134652201677
2004-03-30,2.756410256410266,0.0313573102075001,2.756410256410266
2004-03-31,1.5595757953836555,0.0297260967305505,1.5595757953836555
2004-04-01,5.282555282555279,0.0212633483204944,5.282555282555279
2004-04-02,0.641773628938153,0.0891171557547275,0.641773628938153
2004-04-05,-0.2898550724637722,0.1279118244624163,0.2898550724637722
2004-04-06,-1.1627906976744145,0.1188404244951247,1.1627906976744145
2004-04-07,1.4117647058823437,0.071581250785343,1.4117647058823437
2004-04-08,-0.6960556844547416,0.0384471200294331,0.6960556844547416
2004-04-12,2.219626168224293,0.0157800813345445,2.219626168224293
2004-04-13,-4.285714285714286,0.0910801727570752,4.285714285714286
2004-04-14,2.208955223880603,0.0201977332013163,2.208955223880603
2004-04-15,-5.257009345794405,0.078423008319875,5.257009345794405
2004-04-16,-0.7398273736128079,-0.0035482763307217,0.7398273736128079
2004-04-19,2.173913043478247,0.041600572511765,2.173913043478247
2004-04-20,-3.10030395136778,0.029441882006339,3.10030395136778
2004-04-21,1.1919698870765338,-0.0505549920455454,1.1919698870765338
2004-04-22,2.913825170489786,-0.0122539751233928,2.913825170489786
2004-04-23,-1.3855421686747011,0.029847452382923,1.3855421686747011
2004-04-26,-2.2602321319486927,0.0005476762179702,2.2602321319486927
2004-04-27,-3.749999999999998,-0.0166525394028142,3.749999999999998
2004-04-28,-1.4935064935064963,-0.0538906446669634,1.4935064935064963
2004-04-29,-3.361898483849702,-0.0492027258872244,3.361898483849702
2004-04-30,0.2046384720327378,-0.0597966334708765,0.2046384720327378
2004-05-03,-2.4506466984343054,-0.0401175048548495,2.4506466984343054
2004-05-04,0.907187718073976,-0.0783439253571651,0.907187718073976
2004-05-05,-1.313969571230991,-0.0050688177173844,1.313969571230991
2004-05-06,0.2803083391730969,-0.0263109283848783,0.2803083391730969
2004-05-07,4.1229909154437445,-0.0207706513922781,4.1229909154437445
2004-05-10,2.550335570469792,-0.0080713063920087,2.550335570469792
2004-05-11,0.5235602094240842,0.0848536663006462,0.5235602094240842
2004-05-12,-1.4322916666666594,0.1200752575719712,1.4322916666666594
2004-05-13,-3.104359313077943,0.1222299494127256,3.104359313077943
2004-05-14,-5.044308111792776,0.0530047959651662,5.044308111792776
2004-05-17,0.8614501076812706,0.0262240525636024,0.8614501076812706
2004-05-18,2.8469750889679615,0.0283635617057357,2.8469750889679615
2004-05-19,0.2768166089965462,0.0288842045319978,0.2768166089965462
2004-05-20,-0.4140786749482436,0.0386072613975327,0.4140786749482436
2004-05-21,0.0,0.0062333365916424,0.0
2004-05-24,-0.900900900900894,-0.0197362133739147,0.900900900900894
2004-05-25,3.8461538461538383,-0.0412351055400235,3.8461538461538383
2004-05-26,2.693602693602696,0.0092188280669036,2.693602693602696
2004-05-27,-0.0655737704918018,0.0436760613025268,0.0655737704918018
2004-05-28,1.7060367454068228,0.0335545918479074,1.7060367454068228
2004-06-01,-0.9677419354838732,0.0291458574578663,0.9677419354838732
2004-06-02,-2.605863192182413,0.0100982742384435,2.605863192182413
2004-06-03,-0.4013377926421319,-0.0176228240382172,0.4013377926421319
2004-06-04,2.753525856279383,-0.0225503925437703,2.753525856279383
2004-06-07,3.2679738562091503,0.013054552050731,3.2679738562091503
2004-06-08,3.2911392405063262,0.0729048284290257,3.2911392405063262
2004-06-09,-4.044117647058824,0.1146508054730498,4.044117647058824
2004-06-10,0.57471264367816,0.0364926385804511,0.57471264367816
2004-06-14,-2.3492063492063444,-0.0229095082701225,2.3492063492063444
2004-06-15,0.0,-0.0261734220167926,0.0
2004-06-16,-1.3003901170351173,0.0064840918370558,1.3003901170351173
2004-06-17,-5.467720685111989,0.0158692953494258,5.467720685111989
2004-06-18,4.11149825783972,-0.0279799653501562,4.11149825783972
2004-06-21,-5.220883534136543,-0.0176690739897108,5.220883534136543
2004-06-22,5.084745762711869,-0.0748498040302655,5.084745762711869
2004-06-23,3.4946236559139754,0.0002440749314452,3.4946236559139754
2004-06-24,-0.5194805194805199,0.0786869896641641,0.5194805194805199
2004-06-25,2.6109660574412556,0.0548790002439708,2.6109660574412556
2004-06-28,0.0,0.1087795908556084,0.0
2004-06-29,0.8269720101781107,0.1161220567633812,0.8269720101781107
2004-06-30,0.3154574132492158,0.1486615607409912,0.3154574132492158
2004-07-01,-2.5157232704402537,0.1450185095553104,2.5157232704402537
2004-07-02,-3.225806451612903,0.0575104026133128,3.225806451612903
2004-07-06,-1.1999999999999982,0.0123303268847025,1.1999999999999982
2004-07-07,1.5519568151147127,-0.0346494267698017,1.5519568151147127
2004-07-08,1.328903654485045,-0.0241711693300913,1.328903654485045
2004-07-09,-3.5409836065573717,0.0210526009916233,3.5409836065573717
2004-07-12,-1.0876954452753238,-0.0055337417084164,1.0876954452753238
2004-07-13,-5.292096219931281,-0.0104333915502013,5.292096219931281
2004-07-14,0.1451378809869473,-0.0926581566863544,0.1451378809869473
2004-07-15,-4.347826086956532,-0.0553678118549766,4.347826086956532
2004-07-16,-4.242424242424233,-0.0654647770351991,4.242424242424233
2004-07-19,0.0,-0.068115584705851,0.0
2004-07-20,1.8987341772151916,-0.1013132683093227,1.8987341772151916
2004-07-21,-5.512422360248453,-0.098428279095031,5.512422360248453
2004-07-22,2.1364009860312225,-0.1995347368575619,2.1364009860312225
2004-07-23,-2.252614641995168,-0.1346023169644634,2.252614641995168
2004-07-26,-3.703703703703712,-0.1472878759460825,3.703703703703712
2004-07-27,-1.6239316239316195,-0.2153551508120991,1.6239316239316195
2004-07-28,-0.0868809730668965,-0.2204578711429164,0.0868809730668965
2004-07-29,4.3478260869565215,-0.2494604974163992,4.3478260869565215
2004-07-30,1.6666666666666607,-0.2217773690741002,1.6666666666666607
2004-08-02,0.0819672131147669,-0.1059159501025624,0.0819672131147669
2004-08-03,-4.586404586404591,-0.0874647576372173,4.586404586404591
2004-08-04,1.888412017167372,-0.1126605374604365,1.888412017167372
2004-08-05,-2.6958719460825487,-0.1268959763515282,2.6958719460825487
2004-08-06,1.7316017316017254,-0.1701907529039488,1.7316017316017254
2004-08-09,-4.6808510638297935,-0.1587827626303113,4.6808510638297935
2004-08-10,0.0,-0.2206305647882018,0.0
2004-08-11,-3.571428571428559,-0.252795169283659,3.571428571428559
2004-08-12,1.5740740740740733,-0.3081015510229409,1.5740740740740733
2004-08-13,0.8204193254329978,-0.2783909522161739,0.8204193254329978
2004-08-16,2.6220614828209685,-0.2725960313712242,2.6220614828209685
2004-08-17,-0.6167400881057294,-0.233162722108837,0.6167400881057294
2004-08-18,5.230496453900709,-0.2653391972158468,5.230496453900709
2004-08-19,-1.010951979780954,-0.2263121834635375,1.010951979780954
2004-08-20,3.234042553191496,-0.2483634386914437,3.234042553191496
2004-08-23,2.3907666941467363,-0.2141853574473203,2.3907666941467363
2004-08-24,-3.784219001610311,-0.2175691135856459,3.784219001610311
2004-08-25,-1.1715481171548017,-0.2711737685581101,1.1715481171548017
2004-08-26,0.4233700254021925,-0.3373644121785062,0.4233700254021925
2004-08-27,0.8431703204047338,-0.3425892514336301,0.8431703204047338
2004-08-30,-3.846153846153853,-0.3311926660648317,3.846153846153853
2004-08-31,1.7391304347826024,-0.3522237845333589,1.7391304347826024
2004-09-01,0.1709401709401825,-0.3517310182435134,0.1709401709401825
2004-09-02,-3.4129692832764533,-0.3449695909614039,3.4129692832764533
2004-09-03,-1.9434628975265071,-0.4038866901033698,1.9434628975265071
2004-09-07,-1.2612612612612504,-0.3742672664686727,1.2612612612612504
2004-09-08,0.3649635036496272,-0.4089794758981769,0.3649635036496272
2004-09-09,5.4545454545454515,-0.3507742857856947,5.4545454545454515
2004-09-10,7.155172413793104,-0.2903518407625395,7.155172413793104
2004-09-13,3.218020917135964,-0.3268210602713926,3.218020917135964
2004-09-14,-2.18238503507404,-0.2653714302215928,2.18238503507404
2004-09-15,-1.99203187250996,-0.3045489211059259,1.99203187250996
2004-09-16,-0.3252032520325278,-0.3689861330027204,0.3252032520325278
2004-09-17,1.957585644371943,-0.357207042618993,1.957585644371943
2004-09-20,4.0,-0.3101598298087158,4.0
2004-09-21,0.2307692307692258,-0.1471296167108352,0.2307692307692258
2004-09-22,-0.3837298541826472,-0.1220817279137473,0.3837298541826472
2004-09-23,-1.155624036979972,-0.0787264202513415,1.155624036979972
2004-09-24,-4.520654715510522,-0.1840921330889712,4.520654715510522
2004-09-27,1.795918367346944,-0.1994330631369469,1.795918367346944
2004-09-28,0.1603849238171577,-0.1858879708213399,0.1603849238171577
2004-09-29,0.4803843074459607,-0.164791459446626,0.4803843074459607
2004-09-30,4.382470119521904,-0.1776317639597314,4.382470119521904
2004-10-01,3.206106870229007,-0.1612558196553498,3.206106870229007
2004-10-04,-2.2928994082840144,-0.1640577268204317,2.2928994082840144
2004-10-05,4.087812263436784,-0.1879991209483633,4.087812263436784
2004-10-06,1.6000000000000048,-0.1189335957555255,1.6000000000000048
2004-10-07,0.214745884037218,-0.0613748559956734,0.214745884037218
2004-10-08,-1.7857142857142858,0.061347193435215,1.7857142857142858
2004-10-11,-0.6545454545454535,0.0313967259024986,0.6545454545454535
2004-10-12,3.513909224011716,-0.0090428523221539,3.513909224011716
2004-10-13,-3.465346534653466,0.0209607798198305,3.465346534653466
2004-10-14,0.73260073260073,-0.0770053666983864,0.73260073260073
2004-10-15,1.0909090909090935,-0.061849896781154,1.0909090909090935
2004-10-18,3.956834532374093,-0.0509721743237432,3.956834532374093
2004-10-19,2.145328719723187,-0.0419724342199047,2.145328719723187
2004-10-20,6.571815718157185,-0.0471557283609333,6.571815718157185
2004-10-21,1.589319771137953,0.0734658191773919,1.589319771137953
2004-10-22,-3.066332916145183,0.0719630766493707,3.066332916145183
2004-10-25,1.936733376371846,0.0512528753860765,1.936733376371846
2004-10-26,-0.759974667511078,0.0966250765574457,0.759974667511078
2004-10-27,3.701340140395661,0.1180616711082601,3.701340140395661
2004-10-28,2.7076923076923154,0.127700156457739,2.7076923076923154
2004-10-29,1.1384062312761996,0.128517915902851,1.1384062312761996
2004-11-01,2.7251184834123277,0.0773605945521998,2.7251184834123277
2004-11-02,4.382929642445222,0.14283313730223,4.382929642445222
2004-11-03,-5.248618784530402,0.226061445732776,5.248618784530402
2004-11-04,-1.982507288629737,0.1668713166997148,1.982507288629737
2004-11-05,1.6656751933373062,0.1458695794161431,1.6656751933373062
2004-11-08,1.0532475131655925,0.169000452613371,1.0532475131655925
2004-11-09,0.7527504342790909,0.2221798844832765,0.7527504342790909
2004-11-10,2.298850574712656,0.1936685761652909,2.298850574712656
2004-11-11,7.191011235955043,0.2680382032753663,7.191011235955043
2004-11-12,9.276729559748444,0.2781087093331258,9.276729559748444
2004-11-15,0.0,0.2149401119420441,0.0
2004-11-16,1.96642685851319,0.2479861872246617,1.96642685851319
2004-11-17,1.128880526810905,0.2438264368642387,1.128880526810905
2004-11-18,0.9302325581395317,0.3493997360429042,0.9302325581395317
2004-11-19,-5.529953917050688,0.3558422008116899,5.529953917050688
2004-11-22,3.9024390243902474,0.2975043800379326,3.9024390243902474
2004-11-23,1.4084507042253551,0.3640701992970391,1.4084507042253551
2004-11-24,1.0648148148148002,0.4103250435252206,1.0648148148148002
2004-11-26,0.0916170407695974,0.3735816976866813,0.0916170407695974
2004-11-29,-3.5697940503432544,0.443087105851909,3.5697940503432544
2004-11-30,2.515424774560993,0.4000642423850851,2.515424774560993
2004-12-01,2.361111111111102,0.4580213851564265,2.361111111111102
2004-12-02,4.025327905924923,0.5035831825144923,4.025327905924923
2004-12-03,0.9565217391304298,0.5743094401542684,0.9565217391304298
2004-12-06,5.08182601205857,0.5943969334006214,5.08182601205857
2004-12-07,-4.139344262295074,0.6740315890678149,4.139344262295074
2004-12-08,-4.446344591705853,0.6613806050002867,4.446344591705853
2004-12-09,-2.326621923937374,0.6180232833817418,2.326621923937374
2004-12-10,3.298213467705005,0.5799573923273945,3.298213467705005
2004-12-13,-0.8869179600886886,0.6271205714142165,0.8869179600886886
2004-12-14,1.700223713646528,0.5681741640795872,1.700223713646528
2004-12-15,-0.5719313682358074,0.6707171144244407,0.5719313682358074
2004-12-16,-2.2123893805309733,0.6777506783236775,2.2123893805309733
2004-12-17,1.809954751131215,0.6803792672128626,1.809954751131215
2004-12-20,-2.8444444444444468,0.717316603808298,2.8444444444444468
2004-12-21,-0.3659652333028284,0.6436127465541254,0.3659652333028284
2004-12-22,0.2295684113865801,0.5366205773743098,0.2295684113865801
2004-12-23,1.969766376546053,0.6284247701208824,1.969766376546053
2004-12-27,-1.1680143755615524,0.6909012919228026,1.1680143755615524
2004-12-28,-1.1363636363636365,0.560242949029343,1.1363636363636365
2004-12-29,1.195402298850582,0.5751069835420218,1.195402298850582
2004-12-30,-0.0454338936846958,0.5666374764755229,0.0454338936846958
2004-12-31,0.4999999999999974,0.6098336381519532,0.4999999999999974
2005-01-03,-2.849389416553591,0.6106162321906045,2.849389416553591
2005-01-04,-5.400372439478585,0.6183518466320896,5.400372439478585
2005-01-05,-1.2303149606299213,0.5639444013645935,1.2303149606299213
2005-01-06,-0.797209765819632,0.5460383938822938,0.797209765819632
2005-01-07,0.9542943244600768,0.5048138971754399,0.9542943244600768
2005-01-10,-17.263681592039813,0.4970829124389656,17.263681592039813
2005-01-11,-10.10222489476849,0.4646804432263756,10.10222489476849
2005-01-12,1.9397993311036852,0.2734524441121535,1.9397993311036852
2005-01-13,-0.2624671916010559,0.2549008416390479,0.2624671916010559
2005-01-14,-0.9868421052631486,0.2286908059609272,0.9868421052631486
2005-01-18,1.8604651162790655,0.2553658520653447,1.8604651162790655
2005-01-19,0.1956947162426572,0.2903736549350134,0.1956947162426572
2005-01-20,1.822916666666674,0.2896741822997737,1.822916666666674
2005-01-21,-0.2557544757033307,0.3026769974731834,0.2557544757033307
2005-01-24,-2.115384615384616,0.3437247959365572,2.115384615384616
2005-01-25,3.7328094302554047,0.2992806831107549,3.7328094302554047
2005-01-26,0.8838383838383874,0.3412733986264204,0.8838383838383874
2005-01-27,1.0012515644555704,0.3909349945373123,1.0012515644555704
2005-01-28,-1.6109045848822787,0.4243989075182011,1.6109045848822787
2005-01-31,0.1259445843828688,0.4213926499311234,0.1259445843828688
2005-02-01,2.8301886792452895,0.4052988515383178,2.8301886792452895
2005-02-02,2.1406727828746046,0.4097998384345196,2.1406727828746046
2005-02-03,1.0778443113772438,0.365175425808819,1.0778443113772438
2005-02-04,3.672985781990528,0.342958259591832,3.672985781990528
2005-02-07,-1.7142857142857184,0.407204302339134,1.7142857142857184
2005-02-08,4.999999999999997,0.416021943101297,4.999999999999997
2005-02-09,0.4429678848283602,0.4748226912211568,0.4429678848283602
2005-02-10,-2.149944873208382,0.4628364768730268,2.149944873208382
2005-02-11,1.971830985915501,0.3940857173401615,1.971830985915501
2005-02-14,0.7734806629834089,0.4114934984125545,0.7734806629834089
2005-02-15,-3.7828947368420938,0.4268855214557134,3.7828947368420938
2005-02-16,-0.227920227920223,0.3974498144409282,0.227920227920223
2005-02-17,-2.9126213592233094,0.4421382172783976,2.9126213592233094
2005-02-18,-1.4705882352941178,0.391627292284579,1.4705882352941178
2005-02-22,0.7164179104477671,0.3746362500886043,0.7164179104477671
2005-02-23,-1.3633669235329011,0.3704293826260422,1.3633669235329011
2005-02-24,6.550480769230768,0.3113242958005336,6.550480769230768
2005-02-25,-0.1692047377326629,0.3544060622920006,0.1692047377326629
2005-02-28,-0.3954802259887022,0.3821184407617505,0.3954802259887022
2005-03-01,0.3970504821327299,0.3324485347703133,0.3970504821327299
2005-03-02,1.1299435028248548,0.3183798397484043,1.1299435028248548
2005-03-03,-1.5642458100558525,0.3298303396060884,1.5642458100558525
2005-03-04,-1.5891032917139678,0.3334021921175663,1.5891032917139678
2005-03-07,0.7497116493656228,0.3183684072347172,0.7497116493656228
2005-03-08,-2.11791642816255,0.2898688154823979,2.11791642816255
2005-03-09,-0.5847953216374352,0.3037048759960267,0.5847953216374352
2005-03-10,0.7647058823529354,0.2874132692599788,0.7647058823529354
2005-03-11,-4.4950379451255085,0.2780065958849895,4.4950379451255085
2005-03-14,0.8557457212713971,0.1883824873613568,0.8557457212713971
2005-03-15,-2.8484848484848415,0.1699626227256154,2.8484848484848415
2005-03-16,0.0,0.0730329329542184,0.0
2005-03-17,1.24766063630692,0.0568452206010382,1.24766063630692
2005-03-18,-0.8009858287122551,0.1010781534460937,0.8009858287122551
2005-03-21,-1.863354037267085,0.0733030374490102,1.863354037267085
2005-03-22,-2.9746835443038013,0.0516719091204131,2.9746835443038013
2005-03-23,2.7397260273972597,-0.0165971450060122,2.7397260273972597
2005-03-24,3.1746031746031744,-0.0189081180209697,3.1746031746031744
2005-03-28,-5.230769230769229,-0.0021664181215256,5.230769230769229
2005-03-29,0.9740259740259763,-0.0876513755258767,0.9740259740259763
2005-03-30,4.244372990353699,-0.1168107291463806,4.244372990353699
2005-03-31,0.6169031462060325,-0.019231102082238,0.6169031462060325
2005-04-01,-0.7970570202329799,0.0124833520350838,0.7970570202329799
2005-04-04,-1.112484548825709,-0.0150031448130101,1.112484548825709
2005-04-05,-0.3125000000000044,-0.0400921627193715,0.3125000000000044
2005-04-06,-1.567398119122257,-0.0576472067448805,1.567398119122257
2005-04-07,3.4394904458598674,-0.1052153660261378,3.4394904458598674
2005-04-08,5.233990147783261,-0.0610012219044741,5.233990147783261
2005-04-11,-0.4095962551199548,-0.1073711280572924,0.4095962551199548
2005-04-12,1.2338425381903693,-0.108165526430319,1.2338425381903693
2005-04-13,-1.334881021474175,-0.1163477036555567,1.334881021474175
2005-04-14,-6.70588235294118,-0.1415529292863335,6.70588235294118
2005-04-15,-2.5851197982345533,-0.2103283196356695,2.5851197982345533
2005-04-18,0.2588996763754105,-0.1762586175277469,0.2588996763754105
2005-04-19,-0.8392511297611412,-0.2146847398868005,0.8392511297611412
2005-04-20,-2.2786458333333313,-0.2382748875229033,2.2786458333333313
2005-04-21,0.0666222518321105,-0.2737096947860902,0.0666222518321105
2005-04-22,-1.464713715046597,-0.2725668813887676,1.464713715046597
2005-04-25,-1.0135135135135158,-0.2530351133354043,1.0135135135135158
2005-04-26,-0.3412969283276499,-0.2897707948802659,0.3412969283276499
2005-04-27,-2.054794520547938,-0.3162894079386139,2.054794520547938
2005-04-28,-0.3496503496503546,-0.3779060935622944,0.3496503496503546
2005-04-29,-0.2807017543859589,-0.3955087662771224,0.2807017543859589
2005-05-02,0.3518648838845808,-0.4494712340470876,0.3518648838845808
2005-05-03,0.9817671809256702,-0.4090263048403319,0.9817671809256702
2005-05-04,1.94444444444444,-0.3553595068895256,1.94444444444444
2005-05-05,1.7029972752043596,-0.316051176228373,1.7029972752043596
2005-05-06,1.0046885465505715,-0.3321325324135232,1.0046885465505715
2005-05-09,0.7957559681697561,-0.3138401909834934,0.7957559681697561
2005-05-10,-0.3947368421052548,-0.3219303845150839,0.3947368421052548
2005-05-11,-0.6605019815059539,-0.3176815138918827,0.6605019815059539
2005-05-12,1.9281914893617085,-0.3049955627775693,1.9281914893617085
2005-05-13,2.4135681669928193,-0.3001161542080788,2.4135681669928193
2005-05-16,-1.1464968152866224,-0.2461586931140307,1.1464968152866224
2005-05-17,1.1597938144329878,-0.2520875729801667,1.1597938144329878
2005-05-18,0.7643312101910892,-0.1341651470583167,0.7643312101910892
2005-05-19,0.5689001264222494,-0.1135938325073282,0.5689001264222494
2005-05-20,1.3199245757385345,-0.081773409119588,1.3199245757385345
2005-05-23,-1.923076923076926,-0.0340376575283466,1.923076923076926
2005-05-24,1.2017710309930392,-0.0754211304272303,1.2017710309930392
2005-05-25,1.4375000000000029,-0.0326650673561845,1.4375000000000029
2005-05-26,0.4313000616142962,0.015536395134754,0.4313000616142962
2005-05-27,-0.9202453987730193,0.044904573324076,0.9202453987730193
2005-05-31,1.2383900928792746,0.0319688287164826,1.2383900928792746
2005-06-01,2.2629969418960085,0.0785487979475778,2.2629969418960085
2005-06-02,2.272727272727288,0.1194198302639851,2.272727272727288
2005-06-03,-0.5847953216374352,0.0676418607890778,0.5847953216374352
2005-06-06,1.17647058823529,0.0865167360248614,1.17647058823529
2005-06-07,2.906976744186047,0.2997962912392385,2.906976744186047
2005-06-08,0.5084745762711856,0.2912509803686405,0.5084745762711856
2005-06-09,2.5295109612141613,0.3153492885621088,2.5295109612141613
2005-06-10,-4.331140350877189,0.3524445311045033,4.331140350877189
2005-06-13,-1.146131805157589,0.1854118670291224,1.146131805157589
2005-06-14,0.0,0.1617602204049963,0.0
2005-06-15,-0.1159420289855047,0.1263307494497734,0.1159420289855047
2005-06-16,2.66976204294835,0.128773489750177,2.66976204294835
2005-06-17,-2.6003391746749625,0.1778143033895761,2.6003391746749625
2005-06-20,1.4509576320371445,0.1121429589795017,1.4509576320371445
2005-06-21,2.116704805491997,0.1244007865015233,2.116704805491997
2005-06-22,0.1680672268907427,0.1461386126821367,0.1680672268907427
2005-06-23,-1.565995525727056,0.1632474858269062,1.565995525727056
2005-06-24,-2.7840909090909203,0.1441796697574488,2.7840909090909203
2005-06-27,-1.5195791934541087,0.0836811249858842,1.5195791934541087
2005-06-28,4.985163204747773,0.0483485227884253,4.985163204747773
2005-06-29,-1.0740531373657505,0.0942899730192076,1.0740531373657505
2005-06-30,-0.9142857142857151,0.0530986729350651,0.9142857142857151
2005-07-01,2.3068050749711566,0.0577293621660143,2.3068050749711566
2005-07-05,1.7474633596392464,0.0297482963555039,1.7474633596392464
2005-07-06,0.9418282548476352,0.0544410274793648,0.9418282548476352
2005-07-07,2.5795828759604964,0.0880377387158332,2.5795828759604964
2005-07-08,1.9261637239165297,0.103229380440934,1.9261637239165297
2005-07-11,-0.6299212598425249,0.1286753681643224,0.6299212598425249
2005-07-12,1.4263074484944511,0.1436433468993896,1.4263074484944511
2005-07-13,2.9687500000000018,0.1726515301021583,2.9687500000000018
2005-07-14,0.5058168942842763,0.2224921718723347,0.5058168942842763
2005-07-15,0.4026170105686879,0.2482257725168677,0.4026170105686879
2005-07-18,0.3508771929824575,0.2574412427394046,0.3508771929824575
2005-07-19,1.148851148851151,0.2794261367365767,1.148851148851151
2005-07-20,1.2839506172839583,0.2168940735227966,1.2839506172839583
2005-07-21,-0.5363237445148853,0.2488897853233428,0.5363237445148853
2005-07-22,-0.8823529411764692,0.2611711436391067,0.8823529411764692
2005-07-25,-2.5717111770524212,0.2575476588623068,2.5717111770524212
2005-07-26,1.1167512690355452,0.2018540923042629,1.1167512690355452
2005-07-27,0.5020080321285033,0.2292956962556701,0.5020080321285033
2005-07-28,0.8491508491508577,0.2483821062062195,0.8491508491508577
2005-07-29,-0.5448241703813916,0.2636590149789133,0.5448241703813916
2005-08-01,0.5976095617529931,0.2651660339973977,0.5976095617529931
2005-08-02,0.2970297029703083,0.2793103926220555,0.2970297029703083
2005-08-03,1.0858835143139134,0.2852892675850712,1.0858835143139134
2005-08-04,-2.0996093749999987,0.3167296860078115,2.0996093749999987
2005-08-05,0.1496259351620827,0.2750311034844566,0.1496259351620827
2005-08-08,1.4940239043824737,0.2835977814240119,1.4940239043824737
2005-08-09,1.570166830225713,0.3013306521682011,1.570166830225713
2005-08-10,-1.207729468599034,0.3182779665784616,1.207729468599034
2005-08-11,0.4889975550122319,0.3041871933315127,0.4889975550122319
2005-08-12,0.3892944038929357,0.311639670172603,0.3892944038929357
2005-08-15,0.6786233640329645,0.3193870313504111,0.6786233640329645
2005-08-16,-1.2999518536350485,0.3179283066864016,1.2999518536350485
2005-08-17,2.097560975609755,0.2896477467062412,2.097560975609755
2005-08-18,1.0033444816053552,0.3503845586753761,1.0033444816053552
2005-08-19,-2.22327341532639,0.349923715260786,2.22327341532639
2005-08-22,0.2418964683115488,0.3057900752430095,0.2418964683115488
2005-08-23,-1.5444015444015458,0.2978500870407048,1.5444015444015458
2005-08-24,1.0294117647058867,0.2816002784921903,1.0294117647058867
2005-08-25,1.649684619116933,0.2911964923752362,1.649684619116933
2005-08-26,-0.2386634844868769,0.3095338926021899,0.2386634844868769
2005-08-29,-0.4306220095693773,0.3095189617398244,0.4306220095693773
2005-08-30,-2.1143680922633243,0.2958705690637539,2.1143680922633243
2005-08-31,1.7673048600883623,0.2378318050359186,1.7673048600883623
2005-09-01,1.495417269657495,0.2660963045669313,1.495417269657495
2005-09-02,0.0475285171102735,0.2852344155724658,0.0475285171102735
2005-09-06,1.9002375296912049,0.295890670685107,1.9002375296912049
2005-09-07,4.662004662004662,0.2877490331583657,4.662004662004662
2005-09-08,2.895322939866379,0.3484109820426566,2.895322939866379
2005-09-09,2.640692640692638,0.3667265005943763,2.640692640692638
2005-09-12,-0.9278785322648772,0.3938343575713047,0.9278785322648772
2005-09-13,-0.4682843763303509,0.40746052472413,0.4682843763303509
2005-09-14,0.8126603934987223,0.4141789540797801,0.8126603934987223
2005-09-15,0.5939753924480295,0.4421098064107475,0.5939753924480295
2005-09-16,-5.018979333614514,0.4649657533436277,5.018979333614514
2005-09-19,1.909413854351686,0.4061223658656731,1.909413854351686
2005-09-20,-2.745098039215682,0.4574319630843907,2.745098039215682
2005-09-21,-1.4336917562724028,0.445629774094493,1.4336917562724028
2005-09-22,-0.9090909090909058,0.4490682888319789,0.9090909090909058
2005-09-23,8.990825688073398,0.4419486712362767,8.990825688073398
2005-09-26,0.126262626262616,0.4764351024329349,0.126262626262616
2005-09-27,0.6305170239596559,0.4560249758083058,0.6305170239596559
2005-09-28,1.587301587301583,0.4429853941511581,1.587301587301583
2005-09-29,2.796052631578946,0.445973683594638,2.796052631578946
2005-09-30,1.8799999999999957,0.4539694867513714,1.8799999999999957
2005-10-03,1.0993325480958034,0.4816708772217775,1.0993325480958034
2005-10-04,-4.621359223300976,0.5133670370375281,4.621359223300976
2005-10-05,-1.6693811074918574,0.4422239030770272,1.6693811074918574
2005-10-06,-0.5797101449275239,0.4059587804837659,0.5797101449275239
2005-10-07,1.207830070803828,0.4323859552625728,1.207830070803828
2005-10-10,-3.9506172839506206,0.429855890104675,3.9506172839506206
2005-10-11,-1.670951156812342,0.3989082769874487,1.670951156812342
2005-10-12,-7.189542483660125,0.3892206567471973,7.189542483660125
2005-10-13,2.6760563380281703,0.3549445166295977,2.6760563380281703
2005-10-14,-2.3319615912208573,0.3913751808524582,2.3319615912208573
2005-10-17,0.7490636704119857,0.3721985244473758,0.7490636704119857
2005-10-18,-4.13568773234201,0.3584870633299491,4.13568773234201
2005-10-19,3.926320891905004,0.344293553647628,3.926320891905004
2005-10-20,-1.3059701492537366,0.3662154221487141,1.3059701492537366
2005-10-21,3.969754253308128,0.3505983365737847,3.969754253308128
2005-10-24,0.6818181818181753,0.3447589236565483,0.6818181818181753
2005-10-25,0.9029345372460624,0.3293482107654393,0.9029345372460624
2005-10-26,1.1185682326621924,0.3394063726324303,1.1185682326621924
2005-10-27,-1.858407079646025,0.3375148291442327,1.858407079646025
2005-10-28,1.2173128944995473,0.3050592751755516,1.2173128944995473
2005-10-31,2.1380846325167058,0.3111308511160177,2.1380846325167058
2005-11-01,0.6541648495420784,0.3062044841067898,0.6541648495420784
2005-11-02,6.802426343154248,0.3520011627032434,6.802426343154248
2005-11-03,-0.7707910750507008,0.4055078501916124,0.7707910750507008
2005-11-04,1.2264922322158656,0.4067890982333332,1.2264922322158656
2005-11-07,0.8885298869143734,0.4174541663804126,0.8885298869143734
2005-11-08,-1.6012810248198643,0.3990988318312883,1.6012810248198643
2005-11-09,0.3661513425549366,0.4298358640271387,0.3661513425549366
2005-11-10,0.3648155654641258,0.4188475347518544,0.3648155654641258
2005-11-11,0.0,0.4024186349020072,0.0
2005-11-14,4.483037156704359,0.4032311391266088,4.483037156704359
2005-11-15,-2.5512176265945117,0.449898933877642,2.5512176265945117
2005-11-16,2.2213407378024543,0.4812849457947027,2.2213407378024543
2005-11-17,1.8626309662398155,0.5197478976232188,1.8626309662398155
2005-11-18,2.857142857142857,0.4682433820458446,2.857142857142857
2005-11-21,-0.1851851851851878,0.5159069824811435,0.1851851851851878
2005-11-22,0.9647495361781134,0.5470149555411346,0.9647495361781134
2005-11-23,-2.609334803381113,0.5182865288735209,2.609334803381113
2005-11-25,0.6792452830188669,0.4715217754040158,0.6792452830188669
2005-11-28,-1.2368815592203837,0.4615950797996013,1.2368815592203837
2005-11-29,-3.795066413662239,0.4101587173810181,3.795066413662239
2005-11-30,4.733727810650884,0.333624969166976,4.733727810650884
2005-12-01,3.427495291902072,0.3794207399186955,3.427495291902072
2005-12-02,0.6919155134741359,0.3732651598598984,0.6919155134741359
2005-12-05,-0.7956600361663612,0.3148142927214405,0.7956600361663612
2005-12-06,-1.6769959897922015,0.305655558168525,1.6769959897922015
2005-12-07,-1.112347052280301,0.2946221798720391,1.112347052280301
2005-12-08,-2.774653168353963,0.2871472471154735,2.774653168353963
2005-12-09,4.897801774006941,0.2503397377790189,4.897801774006941
2005-12-12,-1.1397058823529365,0.2563813553847963,1.1397058823529365
2005-12-13,0.5206396429899612,0.2656367866931376,0.5206396429899612
2005-12-14,1.8867924528301812,0.2910658176371766,1.8867924528301812
2005-12-15,2.9774872912127823,0.3589871351554092,2.9774872912127823
2005-12-16,-1.9393511988716527,0.3610882776126374,1.9393511988716527
2005-12-19,0.3955411722402121,0.3426981198718688,0.3955411722402121
2005-12-20,4.727793696275059,0.3342125681072758,4.727793696275059
2005-12-21,0.8549931600547196,0.3843540395077582,0.8549931600547196
2005-12-22,1.7633095964733916,0.3866143961352404,1.7633095964733916
2005-12-23,2.5324891702765675,0.4018110650574557,2.5324891702765675
2005-12-27,1.5599610009749771,0.4098962056156142,1.5599610009749771
2005-12-28,1.151999999999998,0.4620625496288194,1.151999999999998
2005-12-29,-3.8279025624802303,0.475456147272933,3.8279025624802303
2005-12-30,2.0394736842105297,0.4200061841386543,2.0394736842105297
2006-01-03,4.771115409413284,0.4168976264912247,4.771115409413284
2006-01-04,0.0307692307692246,0.4809471067683235,0.0307692307692246
2006-01-05,4.275607505382961,0.4789683092003376,4.275607505382961
2006-01-06,-0.4424778761061905,0.5164412710404288,0.4424778761061905
2006-01-09,-1.5111111111111053,0.5073389181708378,1.5111111111111053
2006-01-10,5.445246690734041,0.5128764644543269,5.445246690734041
2006-01-11,3.794579172610572,0.5380920547807526,3.794579172610572
2006-01-12,-6.01979109400771,0.5648992129722721,6.01979109400771
2006-01-13,-5.059959052354481,0.53385831082042,5.059959052354481
2006-01-17,0.4313000616142962,0.4843259001402944,0.4313000616142962
2006-01-18,16.993865030674844,0.511659776218165,16.993865030674844
2006-01-19,-4.0377556371263745,0.7616965610542892,4.0377556371263745
2006-01-20,-2.0491803278688523,0.7413827443911586,2.0491803278688523
2006-01-23,-0.6694560669456122,0.751767904523701,0.6694560669456122
2006-01-24,4.465037910699252,0.764899284541713,4.465037910699252
2006-01-25,4.354838709677412,0.826542683566884,4.354838709677412
2006-01-26,4.688304997424009,0.8238580690609629,4.688304997424009
2006-01-27,-2.509842519685047,0.8312405884457289,2.509842519685047
2006-01-30,3.609288238263503,0.8269170347992832,3.609288238263503
2006-01-31,0.6090133982947625,0.8343678784849348,0.6090133982947625
2006-02-01,1.6464891041162222,0.8014532479079909,1.6464891041162222
2006-02-02,-2.1915197713196632,0.7933870994251349,2.1915197713196632
2006-02-03,-2.3380418899171964,0.7441086368855595,2.3380418899171964
2006-02-06,2.244389027431418,0.7361991065787887,2.244389027431418
2006-02-07,0.8536585365853693,0.7668495024533324,0.8536585365853693
2006-02-08,-0.6045949214026602,0.781338785183465,0.6045949214026602
2006-02-09,-2.4330900243309004,0.7857001557401401,2.4330900243309004
2006-02-10,-0.5486284289276779,0.8004719187531525,0.5486284289276779
2006-02-13,-1.4543630892678168,0.7770858026628094,1.4543630892678168
2006-02-14,1.781170483460567,0.77442646814763,1.781170483460567
2006-02-15,1.4750000000000083,0.7848857780606772,1.4750000000000083
2006-02-16,-1.4535599901453642,0.7841511679793375,1.4535599901453642
2006-02-17,1.4499999999999955,0.6775698388185948,1.4499999999999955
2006-02-21,-1.5524889107934832,0.6869998983267928,1.5524889107934832
2006-02-22,1.401752190237785,0.6567717181632009,1.401752190237785
2006-02-23,0.3455936805726995,0.6505268381635811,0.3455936805726995
2006-02-24,0.1230012300123106,0.6284442875861422,0.1230012300123106
2006-02-27,0.221130221130212,0.6199228381872947,0.221130221130212
2006-02-28,-4.388330473155183,0.6208509208363916,4.388330473155183
2006-03-01,4.358974358974367,0.5957605964432232,4.358974358974367
2006-03-02,2.6044226044225924,0.6485121447007469,2.6044226044225924
2006-03-03,-4.454022988505746,0.6732533587043095,4.454022988505746
2006-03-06,-1.5288220551378433,0.6351898975484132,1.5288220551378433
2006-03-07,-3.5886994146093065,0.6325780586686779,3.5886994146093065
2006-03-08,-2.006335797254501,0.6132972036732572,2.006335797254501
2006-03-09,-3.017241379310338,0.6456551316714987,3.017241379310338
2006-03-10,-1.3888888888888888,0.6049706618211558,1.3888888888888888
2006-03-13,-5.07042253521126,0.6110719020592421,5.07042253521126
2006-03-14,4.3620178041542985,0.5959696806755962,4.3620178041542985
2006-03-15,0.9382996872334328,0.6851864936573933,0.9382996872334328
2006-03-16,-4.197183098591555,0.6426032363465425,4.197183098591555
2006-03-17,-0.2058218171126148,0.6381043378821324,0.2058218171126148
2006-03-20,1.0312315851502694,0.5747643617599746,1.0312315851502694
2006-03-21,-1.1373578302712175,0.5709999744812355,1.1373578302712175
2006-03-22,3.392330383480822,0.5488165216509847,3.392330383480822
2006-03-23,-0.4279600570613369,0.569636385069157,0.4279600570613369
2006-03-24,3.0372492836676286,0.5907620738725313,3.0372492836676286
2006-03-27,-1.9744160177975552,0.602211615409471,1.9744160177975552
2006-03-28,-2.8368794326241136,0.5622133184086497,2.8368794326241136
2006-03-29,-0.1459854014598457,0.5173562537536022,0.1459854014598457
2006-03-30,-1.7543859649122846,0.4113953977397946,1.7543859649122846
2006-03-31,-4.1666666666666625,0.4088616985030718,4.1666666666666625
2006-04-03,3.5714285714285667,0.370479340928601,3.5714285714285667
2006-04-04,1.1994002998500706,0.3862257814303205,1.1994002998500706
2006-04-05,3.0518518518518554,0.4166730350123615,3.0518518518518554
2006-04-06,0.5462909718228801,0.4335703058143416,0.5462909718228801
2006-04-07,-3.8604518158421546,0.4323975837666682,3.8604518158421546
2006-04-10,3.866745984533029,0.376112666320994,3.866745984533029
2006-04-11,-0.6300114547537196,0.3510019162542266,0.6300114547537196
2006-04-12,-2.5360230547550504,0.387365176246375,2.5360230547550504
2006-04-13,-5.558840922531044,0.337580982894852,5.558840922531044
2006-04-17,-3.9762053850970553,0.2829135430700345,3.9762053850970553
2006-04-18,2.3475709162047567,0.2293724723669611,2.3475709162047567
2006-04-19,0.477859190825099,0.2439678529028898,0.477859190825099
2006-04-20,0.3487634749524395,0.2417535878028631,0.3487634749524395
2006-04-21,0.7898894154818326,0.2683495643822731,0.7898894154818326
2006-04-24,2.8526645768025194,0.2712690588777912,2.8526645768025194
2006-04-25,2.103017372752203,0.3139515338462946,2.103017372752203
2006-04-26,-2.6865671641791,0.3780510539682433,2.6865671641791
2006-04-27,-0.1533742331288474,0.2958855492106291,0.1533742331288474
2006-04-28,-0.0921658986174931,0.2507687371199753,0.0921658986174931
2006-05-01,-2.1217712177121917,0.2428993617772233,2.1217712177121917
2006-05-02,2.4191014765944177,0.2205742063493624,2.4191014765944177
2006-05-03,2.638036809815949,0.2584836986005031,2.638036809815949
2006-05-04,2.719665271966517,0.2919674683501487,2.719665271966517
2006-05-05,-0.9310445155659014,0.3419523455229467,0.9310445155659014
2006-05-08,-1.0572687224669588,0.2908011835944906,1.0572687224669588
2006-05-09,0.7717423567824433,0.2809123238810183,0.7717423567824433
2006-05-10,-2.503681885125188,0.2679789401771367,2.503681885125188
2006-05-11,-4.2296072507552935,0.2069549880338402,4.2296072507552935
2006-05-12,-0.3154574132492046,0.1534860667096569,0.3154574132492046
2006-05-15,-2.21518987341773,0.140692212931706,2.21518987341773
2006-05-16,0.0,0.0971678130063942,0.0
2006-05-17,0.129449838187711,0.0466789405029982,0.129449838187711
2006-05-18,10.665804783451843,0.0185722865415571,10.665804783451843
2006-05-19,0.6133177570093482,0.2536401477312069,0.6133177570093482
2006-05-22,-2.1190130624093,0.2289424907024,2.1190130624093
2006-05-23,-5.397390272835113,0.0410809565655791,5.397390272835113
2006-05-24,-1.2225705329153511,-0.0357129344545793,1.2225705329153511
2006-05-25,-1.0155506188511592,-0.036427085114494,1.0155506188511592
2006-05-26,0.64123116383456,-0.0710407313551669,0.64123116383456
2006-05-30,-1.4017202930869743,-0.0903585567560728,1.4017202930869743
2006-05-31,0.3231017770597784,-0.1170421288384811,0.3231017770597784
2006-06-01,1.513687600644119,-0.1362476201933962,1.513687600644119
2006-06-02,-4.663705583756341,-0.1230715289412059,4.663705583756341
2006-06-05,-3.1613976705490825,-0.1736689139104664,3.1613976705490825
2006-06-06,-0.5498281786941586,-0.2285012788860401,0.5498281786941586
2006-06-07,-5.425017277125087,-0.2484183542212257,5.425017277125087
2006-06-08,0.1096090610157018,-0.2795801535850891,0.1096090610157018
2006-06-09,-2.1897810218978027,-0.2591221014363115,2.1897810218978027
2006-06-12,-5.0,-0.2871440839368414,5.0
2006-06-13,-1.8853102906520047,-0.3652740737199126,1.8853102906520047
2006-06-14,1.6813450760608413,-0.3430797761989244,1.6813450760608413
2006-06-15,2.795275590551185,-0.3080130614471144,2.795275590551185
2006-06-16,-0.9957870547682804,-0.2792624316206777,0.9957870547682804
2006-06-19,-3.6750483558994302,-0.3256226571510824,3.6750483558994302
2006-06-20,-0.160642570281121,-0.4058729430619077,0.160642570281121
2006-06-21,2.2123893805309764,-0.422005651314769,2.2123893805309764
2006-06-22,1.3380558835104284,-0.3724180417047888,1.3380558835104284
2006-06-23,-1.7475728155339778,-0.4095462866832148,1.7475728155339778
2006-06-26,-2.529644268774706,-0.4388496799133327,2.529644268774706
2006-06-27,-1.3381995133820026,-0.4882085600447025,1.3381995133820026
2006-06-28,-0.9453349773941508,-0.4731743312561556,0.9453349773941508
2006-06-29,3.6929460580912736,-0.4529226299099325,3.6929460580912736
2006-06-30,-2.0408163265306043,-0.450622225597092,2.0408163265306043
2006-07-03,-0.6944444444444514,-0.4845468354514793,0.6944444444444514
2006-07-05,-0.9872480460715692,-0.4857895870495783,0.9872480460715692
2006-07-06,-5.2347320315745804,-0.4661455945135437,5.2347320315745804
2006-07-07,3.94563787812364,-0.5113647113685048,3.94563787812364
2006-07-10,-5.735976381273722,-0.4569791888794559,5.735976381273722
2006-07-11,2.4608501118568102,-0.5309067915573564,2.4608501118568102
2006-07-12,-0.742358078602612,-0.5276102018265219,0.742358078602612
2006-07-13,-2.859656841179068,-0.5214019191505362,2.859656841179068
2006-07-14,-3.306159420289841,-0.56691484319284,3.306159420289841
2006-07-17,-2.997658079625295,-0.5840125203173119,2.997658079625295
2006-07-18,0.3380009657170462,-0.6291322002394584,0.3380009657170462
2006-07-19,5.389797882579391,-0.6295800866251335,5.389797882579391
2006-07-20,-9.68036529680364,-0.5750276507494396,9.68036529680364
2006-07-21,-10.920121334681497,-0.6753451974048075,10.920121334681497
2006-07-24,-0.7945516458569839,-0.7114058616405967,0.7945516458569839
2006-07-25,2.2883295194507927,-0.7558856229348051,2.2883295194507927
2006-07-26,2.3489932885906137,-0.7543612050286731,2.3489932885906137
2006-07-27,-1.6393442622950858,-0.6838318552490306,1.6393442622950858
2006-07-28,7.111111111111118,-0.6763113106062245,7.111111111111118
2006-07-31,1.919087136929447,-0.5496149233512178,1.919087136929447
2006-08-01,-1.9847328244274656,-0.5161635723542708,1.9847328244274656
2006-08-02,1.038421599169259,-0.5001496284458409,1.038421599169259
2006-08-03,7.297019527235346,-0.4711641130014177,7.297019527235346
2006-08-04,-2.873563218390794,-0.3568511962973593,2.873563218390794
2006-08-07,0.0,-0.4538200363389212,0.0
2006-08-08,1.0848126232741562,-0.4743222258412989,1.0848126232741562
2006-08-09,-3.5609756097561,-0.4015432573760611,3.5609756097561
2006-08-10,0.8093070308548312,-0.4037624031600892,0.8093070308548312
2006-08-11,0.0,-0.4122526004047503,0.0
2006-08-14,2.1073758153537465,-0.4020152965967214,2.1073758153537465
2006-08-15,4.422604422604415,-0.4154123330586617,4.422604422604415
2006-08-16,8.988235294117647,-0.3748580565683195,8.988235294117647
2006-08-17,1.4248704663212362,-0.3795908123995098,1.4248704663212362
2006-08-18,0.7662835249042286,-0.3415143428239081,0.7662835249042286
2006-08-21,0.9716941275876504,-0.2961747268619904,0.9716941275876504
2006-08-22,5.397489539748967,-0.2791338283866343,5.397489539748967
2006-08-23,0.0396982929733942,-0.2023605991867959,0.0396982929733942
2006-08-24,-2.023809523809516,-0.149841811636978,2.023809523809516
2006-08-25,-0.6075334143377972,-0.2129724105283716,0.6075334143377972
2006-08-28,-2.4042379788101056,-0.238347408217244,2.4042379788101056
2006-08-29,2.4634655532359075,-0.3026946395443595,2.4634655532359075
2006-08-30,2.730236348818263,-0.2771805221537108,2.730236348818263
2006-08-31,0.1586671955573151,-0.208518461124315,0.1586671955573151
2006-09-01,-0.1980198019802008,-0.2482447592699412,0.1980198019802008
2006-09-05,2.579365079365088,-0.2394465218592412,2.579365079365088
2006-09-06,-7.582205029013543,-0.1883740036272528,7.582205029013543
2006-09-07,3.641691084135626,-0.2655075921674564,3.641691084135626
2006-09-08,2.9079159935379595,-0.1736233233478942,2.9079159935379595
2006-09-11,2.3155416012558865,-0.188884397705598,2.3155416012558865
2006-09-12,1.9562715765247336,-0.176994450673986,1.9562715765247336
2006-09-13,0.3386004514672814,-0.1623466065073568,0.3386004514672814
2006-09-14,2.7746531683539497,-0.1429027747481236,2.7746531683539497
2006-09-15,-3.0280919372491857,-0.1788022768327305,3.0280919372491857
2006-09-18,2.520692249811895,-0.1933745369935976,2.520692249811895
2006-09-19,-0.1100917431192702,-0.1371447262795744,0.1100917431192702
2006-09-20,1.322556943423951,-0.1306450042176397,1.322556943423951
2006-09-21,-2.828136330674393,-0.1114296171407702,2.828136330674393
2006-09-22,-1.4925373134328437,-0.1221721732057477,1.4925373134328437
2006-09-25,0.7575757575757683,-0.1675127916873583,0.7575757575757683
2006-09-26,-2.819548872180451,-0.1901623583875213,2.819548872180451
2006-09-27,-3.0560928433268963,-0.2527498212198096,3.0560928433268963
2006-09-28,1.0774142059058245,-0.2721292497826721,1.0774142059058245
2006-09-29,-2.6056060007895643,-0.2532798015608262,2.6056060007895643
2006-10-02,-0.6890960680989124,-0.2857983308528576,0.6890960680989124
2006-10-03,-1.632653061224484,-0.2721454401586179,1.632653061224484
2006-10-04,2.904564315352694,-0.2470534380335027,2.904564315352694
2006-10-05,-0.5645161290322603,-0.2060173076063431,0.5645161290322603
2006-10-06,-1.6626115166261155,-0.181097213207947,1.6626115166261155
2006-10-09,-4.288659793814429,-0.2006118943310432,4.288659793814429
2006-10-10,-0.5601034037053104,-0.312206289635287,0.5601034037053104
2006-10-11,5.935875216637787,-0.4004714222434739,5.935875216637787
2006-10-12,0.490797546012274,-0.3232841819292505,0.490797546012274
2006-10-13,3.1746031746031793,-0.2942947546745004,3.1746031746031793
2006-10-16,-2.09072978303748,-0.203612425694899,2.09072978303748
2006-10-17,-0.0805801772763882,-0.200958814566766,0.0805801772763882
2006-10-18,-11.330645161290333,-0.1954704108145251,11.330645161290333
2006-10-19,-3.6834924965893534,-0.3135038439641846,3.6834924965893534
2006-10-20,-4.532577903682724,-0.3135771061756738,4.532577903682724
2006-10-23,1.2858555885262195,-0.3609944020477617,1.2858555885262195
2006-10-24,-0.6347656249999951,-0.363204749743691,0.6347656249999951
2006-10-25,4.422604422604415,-0.3231013793002553,4.422604422604415
2006-10-26,0.4705882352941243,-0.2363555588376967,0.4705882352941243
2006-10-27,-1.8266978922716652,-0.2161238497775859,1.8266978922716652
2006-10-30,1.717557251908394,-0.1772536306783943,1.717557251908394
2006-10-31,-0.3752345215759936,-0.1587629791194748,0.3752345215759936
2006-11-01,-2.9190207156308734,-0.1387346767200541,2.9190207156308734
2006-11-02,1.6003879728418928,-0.1219229663306259,1.6003879728418928
2006-11-03,0.8114558472553781,-0.0905382924915886,0.8114558472553781
2006-11-06,1.3257575757575644,-0.0992340089595576,1.3257575757575644
2006-11-07,-0.0934579439252316,-0.1142328755637739,0.0934579439252316
2006-11-08,0.7483629560336771,-0.0988927809915477,0.7483629560336771
2006-11-09,-3.296193129062214,-0.0517248525118625,3.296193129062214
2006-11-10,1.104176668266925,-0.0900180668376879,1.104176668266925
2006-11-13,-0.0474833808167047,-0.1083544576879484,0.0474833808167047
2006-11-14,1.995249406175763,-0.1182442384005721,1.995249406175763
2006-11-15,2.0027945971122483,-0.0755645184785696,2.0027945971122483
2006-11-16,-1.7808219178082056,-0.0253589811495783,1.7808219178082056
2006-11-17,-0.4649000464900112,-0.0253394217990979,0.4649000464900112
2006-11-20,0.0,-0.0347197012252454,0.0
2006-11-21,0.6539000467071489,-0.0711530122767888,0.6539000467071489
2006-11-22,0.13921113689094,-0.0416328497625455,0.13921113689094
2006-11-24,0.6487488415199285,-0.0698283183449265,0.6487488415199285
2006-11-27,0.598526703499091,-0.0549432617884192,0.598526703499091
2006-11-28,1.3729977116704677,-0.0187637157843895,1.3729977116704677
2006-11-29,-2.7990970654627425,-0.0634895728176401,2.7990970654627425
2006-11-30,-1.0682768230376238,-0.0344479765731101,1.0682768230376238
2006-12-01,-1.4084507042253551,-0.0692129263552094,1.4084507042253551
2006-12-04,0.1904761904761864,-0.0978789640473693,0.1904761904761864
2006-12-05,0.6653992395437289,-0.0861944201150563,0.6653992395437289
2006-12-06,1.652502360717665,-0.0643119202882009,1.652502360717665
2006-12-07,-2.4152345564328823,-0.02144475241539,2.4152345564328823
2006-12-08,0.0475963826749072,-0.081166192893343,0.0475963826749072
2006-12-11,-1.9029495718363396,-0.0970870996870003,1.9029495718363396
2006-12-12,-0.1939864209505465,-0.0805963528836783,0.1939864209505465
2006-12-13,-1.7492711370262364,0.060170943862937,1.7492711370262364
2006-12-14,13.501483679525226,0.0185056584064117,13.501483679525226
2006-12-15,-3.9215686274509745,0.2721952148298879,3.9215686274509745
2006-12-18,-0.9977324263038658,0.2063327157343181,0.9977324263038658
2006-12-19,-1.0077874484654097,0.200510964027168,1.0077874484654097
2006-12-20,1.6658954187875958,0.1601617734633625,1.6658954187875958
2006-12-21,-4.415111515703226,0.1405672220398556,4.415111515703226
2006-12-22,-0.5238095238095211,0.1101709530052624,0.5238095238095211
2006-12-26,-0.8616562948779306,0.0861870042177585,0.8616562948779306
2006-12-27,-0.7242877836793922,0.044084120515963,0.7242877836793922
2006-12-28,-0.2918287937743128,0.0660892367703157,0.2918287937743128
2006-12-29,-2.0487804878048865,0.0627207774444664,2.0487804878048865
2007-01-03,-2.091633466135449,0.025805568842687,2.091633466135449
2007-01-04,-0.6103763987792522,0.0048132734307706,0.6103763987792522
2007-01-05,0.870010235414543,-0.0221425876163341,0.870010235414543
2007-01-08,-1.3191273465246147,-0.0242436893850132,1.3191273465246147
2007-01-09,0.9768637532133744,-0.0605779915333238,0.9768637532133744
2007-01-10,0.8146639511201637,-0.0770294113331874,0.8146639511201637
2007-01-11,-5.909090909090917,-0.1117664706024655,5.909090909090917
2007-01-12,-2.5764895330112747,-0.1858267764158918,2.5764895330112747
2007-01-16,-1.3774104683195594,-0.2241208707414368,1.3774104683195594
2007-01-17,0.9497206703910712,-0.2495644668014904,0.9497206703910712
2007-01-18,-1.438848920863318,-0.290994928329144,1.438848920863318
2007-01-19,-1.2352610892756817,-0.3069602921121325,1.2352610892756817
2007-01-22,0.0568504832291163,-0.2989266265789655,0.0568504832291163
2007-01-23,-7.727272727272743,-0.2823184282643624,7.727272727272743
2007-01-24,-0.6157635467980165,-0.3465060977950133,0.6157635467980165
2007-01-25,0.0619578686493061,-0.3847126382316327,0.0619578686493061
2007-01-26,0.3715170278637912,-0.4111598223947543,0.3715170278637912
2007-01-29,-1.295496607032701,-0.4086181265035419,1.295496607032701
2007-01-30,-1.0624999999999996,-0.4219420760578181,1.0624999999999996
2007-01-31,-1.1370814908401752,-0.4515084812996616,1.1370814908401752
2007-02-01,1.5974440894568689,-0.383537078066741,1.5974440894568689
2007-02-02,-1.0062893081761015,-0.4023184977984749,1.0062893081761015
2007-02-05,-0.762388818297338,-0.436669877995808,0.762388818297338
2007-02-06,-1.4724711907810413,-0.4698190536318521,1.4724711907810413
2007-02-07,0.0649772579597127,-0.5049241838757474,0.0649772579597127
2007-02-08,-1.168831168831167,-0.5109828849785876,1.168831168831167
2007-02-09,-1.708278580814716,-0.5512060570026434,1.708278580814716
2007-02-12,-1.403743315508027,-0.536862011464718,1.403743315508027
2007-02-13,-0.6779661016949129,-0.5774383302972702,0.6779661016949129
2007-02-14,2.4573378839590405,-0.5823163848029681,2.4573378839590405
2007-02-15,-1.3990672884743445,-0.5709761393466204,1.3990672884743445
2007-02-16,0.8783783783783716,-0.5566533692979171,0.8783783783783716
2007-02-20,-0.6697923643670438,-0.5329201370440373,0.6697923643670438
2007-02-21,-1.1463250168577204,-0.5472490910718015,1.1463250168577204
2007-02-22,-0.4774897680764003,-0.5304035787738303,0.4774897680764003
2007-02-23,1.6449623029472256,-0.504682816967328,1.6449623029472256
2007-02-26,3.5064059339177316,-0.4990654700268612,3.5064059339177316
2007-02-27,-0.3257328990227943,-0.4378561648877958,0.3257328990227943
2007-02-28,-3.529411764705888,-0.446382750923474,3.529411764705888
2007-03-01,-0.4742547425474274,-0.4892318185569069,0.4742547425474274
2007-03-02,-7.42001361470388,-0.5091248836436403,7.42001361470388
2007-03-05,4.264705882352942,-0.5867612565199148,4.264705882352942
2007-03-06,-1.1283497884344158,-0.49651973517777,1.1283497884344158
2007-03-07,1.2838801711840209,-0.4794862680090841,1.2838801711840209
2007-03-08,0.4225352112676092,-0.4582612220624885,0.4225352112676092
2007-03-09,-1.1921458625525942,-0.4876089931777669,1.1921458625525942
2007-03-12,-0.354861603974455,-0.4953488236829241,0.354861603974455
2007-03-13,-1.566951566951559,-0.5113852902888965,1.566951566951559
2007-03-14,1.9536903039073776,-0.503764457424305,1.9536903039073776
2007-03-15,-0.638750887154009,-0.4684699854840803,0.638750887154009
2007-03-16,0.0714285714285699,-0.4054803485162918,0.0714285714285699
2007-03-19,-2.2127052105638865,-0.3702396843216242,2.2127052105638865
2007-03-20,-1.8248175182481752,-0.3371697750840321,1.8248175182481752
2007-03-21,1.486988847583651,-0.3771203482768984,1.486988847583651
2007-03-22,-2.197802197802203,-0.3552061110340614,2.197802197802203
2007-03-23,1.498127340823978,-0.4161520013016029,1.498127340823978
2007-03-26,0.0738007380073784,-0.4116214869362234,0.0738007380073784
2007-03-27,-0.8112094395280325,-0.3900592443603629,0.8112094395280325
2007-03-28,0.0,-0.420919065337645,0.0
2007-03-29,-2.676579925650554,-0.41994413258998,2.676579925650554
2007-03-30,-0.0763941940412512,-0.4095929364720513,0.0763941940412512
2007-04-02,-1.6819571865443474,-0.4308989658322521,1.6819571865443474
2007-04-03,-0.3888024883359171,-0.4602006268112783,0.3888024883359171
2007-04-04,-1.014832162373152,-0.4804711478968783,1.014832162373152
2007-04-05,5.678233438485809,-0.4923319388391553,5.678233438485809
2007-04-09,0.0746268656716402,-0.4429446733022947,0.0746268656716402
2007-04-10,-1.118568232662195,-0.405569602881161,1.118568232662195
2007-04-11,-0.0754147812971326,-0.4308473691632262,0.0754147812971326
2007-04-12,3.999999999999995,-0.4203443005826381,3.999999999999995
2007-04-13,-1.3062409288824364,-0.4138096119447903,1.3062409288824364
2007-04-16,-0.8823529411764649,-0.4347959887362459,0.8823529411764649
2007-04-17,-0.4451038575667692,-0.4259112247059565,0.4451038575667692
2007-04-18,3.651266766020866,-0.4256327624257511,3.651266766020866
2007-04-19,4.744787922358017,-0.3899242565175051,4.744787922358017
2007-04-20,-3.7062457103637674,-0.3497178114420469,3.7062457103637674
2007-04-23,-1.9244476122594412,-0.3862105596420028,1.9244476122594412
2007-04-24,6.031976744186046,-0.4131029816613095,6.031976744186046
2007-04-25,0.7539410555174738,-0.3591949909317349,0.7539410555174738
2007-04-26,-2.5170068027210832,-0.3676025004203249,2.5170068027210832
2007-04-27,-0.4187020237264515,-0.3648778097796591,0.4187020237264515
2007-04-30,-2.873160476524178,-0.3536998471120868,2.873160476524178
2007-05-01,-1.7316017316017331,-0.3775377619257696,1.7316017316017331
2007-05-02,2.276064610866377,-0.3979996789005872,2.276064610866377
2007-05-03,-1.0050251256281448,-0.3766671935777526,1.0050251256281448
2007-05-04,-1.522842639593902,-0.3958333850329763,1.522842639593902
2007-05-07,-2.282768777614142,-0.4017861718749818,2.282768777614142
2007-05-08,-1.2057272042200464,-0.4303670680942083,1.2057272042200464
2007-05-09,2.822273073989329,-0.4403705210657908,2.822273073989329
2007-05-10,5.044510385756674,-0.4186256988259885,5.044510385756674
2007-05-11,5.508474576271182,-0.3707976340823799,5.508474576271182
2007-05-14,4.0829986613119225,-0.4865086009827862,4.0829986613119225
2007-05-15,-1.221864951768497,-0.4444740337672458,1.221864951768497
2007-05-16,1.692708333333332,-0.4300674700532742,1.692708333333332
2007-05-17,-0.512163892445583,-0.4018385685521378,0.512163892445583
2007-05-18,0.5791505791505897,-0.4172314787773711,0.5791505791505897
2007-05-21,-0.959692898272555,-0.3680561463581552,0.959692898272555
2007-05-22,-1.0981912144702837,-0.3708336756588301,1.0981912144702837
2007-05-23,-0.9797517962116288,-0.3731417062936854,0.9797517962116288
2007-05-24,-0.9894459102902398,-0.3762801191007803,0.9894459102902398
2007-05-25,-0.266489007328442,-0.383799177885972,0.266489007328442
2007-05-29,-4.074816299265205,-0.3664055262106278,4.074816299265205
2007-05-30,0.4874651810584978,-0.3840278649831944,0.4874651810584978
2007-05-31,-0.900900900900894,-0.3727278993072963,0.900900900900894
2007-06-01,-0.3496503496503546,-0.3915781966228909,0.3496503496503546
2007-06-04,-1.26315789473684,-0.383996846781272,1.26315789473684
2007-06-05,-1.492537313432842,-0.4113635221021633,1.492537313432842
2007-06-06,-2.164502164502157,-0.4356751214023732,2.164502164502157
2007-06-07,1.5486725663716745,-0.4080843179006075,1.5486725663716745
2007-06-08,2.5417574437182253,-0.3621248292971341,2.5417574437182253
2007-06-11,-2.620396600566566,-0.3208172669161456,2.620396600566566
2007-06-12,0.7999999999999958,-0.357798271048914,0.7999999999999958
2007-06-13,0.7936507936508024,-0.3329465271739038,0.7936507936508024
2007-06-14,-0.8589835361488976,-0.290989307834717,0.8589835361488976
2007-06-15,-1.444043321299634,-0.2937170871666969,1.444043321299634
2007-06-18,-1.2454212454212448,-0.2370016024667359,1.2454212454212448
2007-06-19,0.5192878338278952,-0.24452243381413,0.5192878338278952
2007-06-20,2.5092250922509214,-0.2431434337878386,2.5092250922509214
2007-06-21,5.759539236861043,-0.2186510202071938,5.759539236861043
2007-06-22,-0.0680735194009515,-0.187884859725978,0.0680735194009515
2007-06-25,-2.0435967302452243,-0.1623731200907409,2.0435967302452243
2007-06-26,-2.016689847009742,-0.165785892017263,2.016689847009742
2007-06-27,4.613200851667852,-0.2086879294923013,4.613200851667852
2007-06-28,-1.1533242876526453,-0.1314066387233493,1.1533242876526453
2007-06-29,-2.1276595744680886,-0.1206113657594574,2.1276595744680886
2007-07-02,0.8415147265077209,-0.1215949053780248,0.8415147265077209
2007-07-03,0.2781641168289231,-0.1170191552904954,0.2781641168289231
2007-07-05,-1.2482662968099842,-0.1010052986907291,1.2482662968099842
2007-07-06,2.036516853932578,-0.0953693032895145,2.036516853932578
2007-07-09,-0.206469373709562,-0.0559010322977323,0.206469373709562
2007-07-10,-0.2758620689655113,-0.0532974315474242,0.2758620689655113
2007-07-11,2.6970954356846386,-0.0843159020502786,2.6970954356846386
2007-07-12,3.838383838383841,-0.0370103992092061,3.838383838383841
2007-07-13,0.1945525291828752,-0.0197658561430356,0.1945525291828752
2007-07-16,2.588996763754048,0.0011142266585252,2.588996763754048
2007-07-17,-2.523659305993694,0.0456964036374802,2.523659305993694
2007-07-18,1.4886731391585788,0.023220389082795,1.4886731391585788
2007-07-19,2.9974489795918293,0.020855647315411,2.9974489795918293
2007-07-20,-3.962848297213615,0.0116562675128002,3.962848297213615
2007-07-23,-1.8052869116698864,-0.0155437243214946,1.8052869116698864
2007-07-24,0.9848982271831934,-0.0356176054602432,0.9848982271831934
2007-07-25,0.3901170351105248,-0.0572227826692216,0.3901170351105248
2007-07-26,-4.404145077720205,0.0494128650409652,4.404145077720205
2007-07-27,-5.013550135501357,0.0465254786473492,5.013550135501357
2007-07-30,-0.3566333808844432,-0.0653177016712782,0.3566333808844432
2007-07-31,-3.507516105941304,-0.0832421193516968,3.507516105941304
2007-08-01,0.074183976261126,-0.1210414265783027,0.074183976261126
2007-08-02,-0.9636767976278784,-0.1061707484688656,0.9636767976278784
2007-08-03,-3.368263473053887,-0.1112499974246752,3.368263473053887
2007-08-06,-1.9364833462432225,-0.1305803031228952,1.9364833462432225
2007-08-07,1.2638230647709332,-0.1714253158983274,1.2638230647709332
2007-08-08,0.6240249609984405,-0.1505555204792315,0.6240249609984405
2007-08-09,0.4651162790697712,-0.1393566210182718,0.4651162790697712
2007-08-10,2.006172839506171,-0.1100529168195229,2.006172839506171
2007-08-13,-2.647503782148271,-0.0673458640093799,2.647503782148271
2007-08-14,-3.263403263403263,-0.1082784261228338,3.263403263403263
2007-08-15,-4.738955823293172,-0.1136737150317123,4.738955823293172
2007-08-16,1.5177065767284967,-0.1640398417844225,1.5177065767284967
2007-08-17,0.0830564784053286,-0.1550208694279872,0.0830564784053286
2007-08-20,0.9958506224066324,-0.1405979696599426,0.9958506224066324
2007-08-21,0.6573541495480696,-0.1240158027563636,0.6573541495480696
2007-08-22,-2.204081632653058,-0.084465026985602,2.204081632653058
2007-08-23,0.6677796327212026,-0.1049317779874942,0.6677796327212026
2007-08-24,0.1658374792703115,-0.0817826001354463,0.1658374792703115
2007-08-27,-1.4900662251655603,-0.0715644316093553,1.4900662251655603
2007-08-28,-1.1764705882352988,-0.1185052427264415,1.1764705882352988
2007-08-29,3.146258503401369,-0.1828857484806151,3.146258503401369
2007-08-30,4.863973619126132,-0.1420408912132752,4.863973619126132
2007-08-31,3.537735849056598,-0.1072101951051232,3.537735849056598
2007-09-04,-0.1518602885345449,-0.118964254080382,0.1518602885345449
2007-09-05,-1.5209125475285252,-0.1522128122062951,1.5209125475285252
2007-09-06,-1.544401544401539,-0.1568849442299217,1.544401544401539
2007-09-07,1.3333333333333328,-0.1597626399399761,1.3333333333333328
2007-09-10,1.083591331269354,-0.1739454568644081,1.083591331269354
2007-09-11,-0.8422664624808668,-0.1607729070750538,0.8422664624808668
2007-09-12,-0.3088803088803023,-0.207010598911692,0.3088803088803023
2007-09-13,-2.4012393493415995,-0.1910339680794377,2.4012393493415995
2007-09-14,1.984126984126984,-0.2821327265121335,1.984126984126984
2007-09-17,0.5447470817120644,-0.3045516358564645,0.5447470817120644
2007-09-18,3.792569659442726,-0.2905540757538521,3.792569659442726
2007-09-19,-2.3862788963460124,-0.2198403220234397,2.3862788963460124
2007-09-20,2.5974025974025965,-0.2154751136495578,2.5974025974025965
2007-09-21,-0.6701414743112425,-0.1620438478123195,0.6701414743112425
2007-09-24,0.4497751124437818,-0.1521484995713659,0.4497751124437818
2007-09-25,3.7313432835820897,-0.1751720063324631,3.7313432835820897
2007-09-26,-1.0071942446043207,-0.1102533619993586,1.0071942446043207
2007-09-27,-3.706395348837208,-0.0883669728193622,3.706395348837208
2007-09-28,0.0,-0.096202709200911,0.0
2007-10-01,-1.2830188679245278,-0.1068586246454884,1.2830188679245278
2007-10-02,-0.840978593272167,-0.1212164890563358,0.840978593272167
2007-10-03,2.2359290670778655,-0.127462716569372,2.2359290670778655
2007-10-04,1.1312217194570162,-0.1153153349092934,1.1312217194570162
2007-10-05,1.0439970171513837,-0.1468079078043996,1.0439970171513837
2007-10-08,0.8856088560885551,-0.1179941294751573,0.8856088560885551
2007-10-09,1.243599122165325,-0.1349377742972673,1.243599122165325
2007-10-10,1.878612716763004,-0.1136789008837858,1.878612716763004
2007-10-11,-2.765957446808502,-0.1013412930758561,2.765957446808502
2007-10-12,1.3858497447118854,-0.114624465245872,1.3858497447118854
2007-10-15,0.0,-0.0922590800167514,0.0
2007-10-16,3.381294964028769,-0.0771862470636546,3.381294964028769
2007-10-17,-2.435629784272788,-0.0256717571418096,2.435629784272788
2007-10-18,3.352353780313842,-0.0381149362315299,3.352353780313842
2007-10-19,-6.142167011732233,0.043975262952907,6.142167011732233
2007-10-22,1.6911764705882384,-0.0271433387287713,1.6911764705882384
2007-10-23,-2.3861171366594367,-0.0164039418844584,2.3861171366594367
2007-10-24,-2.0740740740740695,-0.0345143900784178,2.0740740740740695
2007-10-25,-2.118003025718617,-0.0390224844875855,2.118003025718617
2007-10-26,0.3091190108191725,-0.0432351862872106,0.3091190108191725
2007-10-29,-0.6163328197226507,-0.0226442315729356,0.6163328197226507
2007-10-30,1.3953488372093,-0.0436775453986085,1.3953488372093
2007-10-31,-0.6880733944954117,-0.0516896712585326,0.6880733944954117
2007-11-01,-0.2309468822170851,-0.0245179477690412,0.2309468822170851
2007-11-02,0.7716049382716021,-0.0404276908377739,0.7716049382716021
2007-11-05,2.9862174578866676,-0.0380894490870041,2.9862174578866676
2007-11-06,-2.3048327137546374,0.0025789480787149,2.3048327137546374
2007-11-07,-0.7610350076103608,0.0017327079422142,0.7610350076103608
2007-11-08,-6.595092024539873,0.0019222848434447,6.595092024539873
2007-11-09,1.1494252873563264,-0.0775581592785477,1.1494252873563264
2007-11-12,-1.7045454545454617,-0.1008440484796995,1.7045454545454617
2007-11-13,2.8075970272502055,-0.163367535159501,2.8075970272502055
2007-11-14,-1.6867469879518,-0.1317116100724988,1.6867469879518
2007-11-15,5.310457516339872,-0.1259622647762002,5.310457516339872
2007-11-16,-2.7152831652443865,-0.0535913074883431,2.7152831652443865
2007-11-19,-2.9505582137161026,-0.117793848923394,2.9505582137161026
2007-11-20,-8.381265406737876,-0.1322656068406442,8.381265406737876
2007-11-21,-1.345291479820631,-0.0885241815328155,1.345291479820631
2007-11-23,-1.5454545454545447,-0.1592452444289326,1.5454545454545447
2007-11-26,-4.4321329639889235,-0.2182438103068165,4.4321329639889235
2007-11-27,-1.0628019323671445,-0.2262629838971361,1.0628019323671445
2007-11-28,0.9765624999999966,-0.2917654260062309,0.9765624999999966
2007-11-29,-0.9671179883945809,-0.2898345418854258,0.9671179883945809
2007-11-30,-4.101562499999999,-0.2903293771205141,4.101562499999999
2007-12-03,-2.2403258655804543,-0.3808116989583754,2.2403258655804543
2007-12-04,-3.437500000000001,-0.4395363985499152,3.437500000000001
2007-12-05,-3.451995685005397,-0.4773964355610064,3.451995685005397
2007-12-06,1.4525139664804558,-0.5381824569199892,1.4525139664804558
2007-12-07,0.4405286343612241,-0.4977684887438894,0.4405286343612241
2007-12-10,1.535087719298252,-0.5085602243189055,1.535087719298252
2007-12-11,-0.2159827213822848,-0.5232935601946367,0.2159827213822848
2007-12-12,-3.571428571428572,-0.4787098468512814,3.571428571428572
2007-12-13,-0.673400673400679,-0.5029223671329204,0.673400673400679
2007-12-14,-5.084745762711856,-0.5198352985007609,5.084745762711856
2007-12-17,-3.9285714285714297,-0.5747260572007103,3.9285714285714297
2007-12-18,-4.584882280049568,-0.5335030632586284,4.584882280049568
2007-12-19,5.194805194805188,-0.4834066513634605,5.194805194805188
2007-12-20,-0.7407407407407469,-0.4440668076080007,0.7407407407407469
2007-12-21,-3.233830845771131,-0.3957691115069692,3.233830845771131
2007-12-24,0.3856041131105316,-0.4299147290524767,0.3856041131105316
2007-12-26,-0.8962868117797619,-0.4251163763892598,0.8962868117797619
2007-12-27,-2.454780361757111,-0.3814734434197609,2.454780361757111
2007-12-28,-3.841059602649007,-0.3839391395958239,3.841059602649007
2007-12-31,1.9283746556473909,-0.437398443580797,1.9283746556473909
2008-01-02,-3.378378378378378,-0.4741466380296781,3.378378378378378
2008-01-03,-7.132867132867142,-0.5237833119928733,7.132867132867142
2008-01-04,-4.066265060240958,-0.5578400530536786,4.066265060240958
2008-01-07,-2.982731554160132,-0.5602731165433109,2.982731554160132
2008-01-08,-1.941747572815536,-0.5401009681815049,1.941747572815536
2008-01-09,-8.910891089108912,-0.4455518854533327,8.910891089108912
2008-01-10,9.963768115942043,-0.5165711753504951,9.963768115942043
2008-01-11,6.754530477759475,-0.3428576727908588,6.754530477759475
2008-01-14,-3.0864197530864224,-0.3604156947141946,3.0864197530864224
2008-01-15,-6.210191082802557,-0.3991558806504395,6.210191082802557
2008-01-16,13.752122241086598,-0.3849832280451975,13.752122241086598
2008-01-17,2.2388059701492455,-0.3029118108207774,2.2388059701492455
2008-01-18,-4.087591240875903,-0.314560170767449,4.087591240875903
2008-01-22,1.2176560121765612,-0.3148586985119845,1.2176560121765612
2008-01-23,16.240601503759397,-0.3152074659285325,16.240601503759397
2008-01-24,-0.9055627425614524,-0.2889857394230669,0.9055627425614524
2008-01-25,-7.3107049608355155,-0.3252377777411952,7.3107049608355155
2008-01-28,5.492957746478882,-0.4207910582005018,5.492957746478882
2008-01-29,1.4686248331108067,-0.4199173500084726,1.4686248331108067
2008-01-30,-1.315789473684206,-0.3869356588233935,1.315789473684206
2008-01-31,3.733333333333337,-0.3619279036539969,3.733333333333337
2008-02-01,3.7275064267352183,-0.3928096121831723,3.7275064267352183
2008-02-04,-3.7174721189591167,-0.4184719761727463,3.7174721189591167
2008-02-05,-5.0193050193050155,-0.4269367705780058,5.0193050193050155
2008-02-06,-10.027100271002714,-0.4654616798683471,10.027100271002714
2008-02-07,-0.9036144578313194,-0.4490699428326682,0.9036144578313194
2008-02-08,-3.3434650455927013,-0.4924862312230207,3.3434650455927013
2008-02-11,0.6289308176100634,-0.5445509377615017,0.6289308176100634
2008-02-12,1.4062499999999978,-0.6073532984707403,1.4062499999999978
2008-02-13,4.4684129429892145,-0.5803448785096779,4.4684129429892145
2008-02-14,-3.687315634218289,-0.6018487173154778,3.687315634218289
2008-02-15,1.6845329249617065,-0.6309784207601625,1.6845329249617065
2008-02-19,-2.108433734939754,-0.6460130531499289,2.108433734939754
2008-02-20,5.846153846153844,-0.7502458077144087,5.846153846153844
2008-02-21,2.18023255813954,-0.6935634292200381,2.18023255813954
2008-02-22,-5.547652916073977,-0.5806710280593533,5.547652916073977
2008-02-25,4.668674698795188,-0.6434946913811794,4.668674698795188
2008-02-26,1.4388489208633042,-0.6094263227522669,1.4388489208633042
2008-02-27,1.7021276595744697,-0.6040282531433229,1.7021276595744697
2008-02-28,-2.649930264993019,-0.6356906238208433,2.649930264993019
2008-02-29,3.295128939828073,-0.6862273324307753,3.295128939828073
2008-03-03,-7.628294036061025,-0.6911511443346615,7.628294036061025
2008-03-04,2.852852852852845,-0.8014272771702216,2.852852852852845
2008-03-05,0.0,-0.8157576427621126,0.0
2008-03-06,-5.985401459854004,-0.848538970361072,5.985401459854004
2008-03-07,2.4844720496894293,-0.862490514685055,2.4844720496894293
2008-03-10,-4.84848484848484,-0.874888350641221,4.84848484848484
2008-03-11,3.3439490445859867,-0.9206492317808614,3.3439490445859867
2008-03-12,-2.465331278890603,-0.9508819951115854,2.465331278890603
2008-03-13,7.898894154818326,-0.942402572402948,7.898894154818326
2008-03-14,-9.077598828696928,-0.9538889540290444,9.077598828696928
2008-03-17,3.5426731078904954,-0.8902545027265037,3.5426731078904954
2008-03-18,0.0,-0.9362407629063764,0.0
2008-03-19,-4.9766718506998355,-0.8892139085662913,4.9766718506998355
2008-03-20,1.4729950900163642,-0.8812858853883915,1.4729950900163642
2008-03-24,1.451612903225804,-0.8434959480877177,1.451612903225804
2008-03-25,-0.3179650238473841,-0.8537440320434349,0.3179650238473841
2008-03-26,0.9569377990430702,-0.8555924959039445,0.9569377990430702
2008-03-27,-1.7377567140600367,-0.8770309990077118,1.7377567140600367
2008-03-28,-6.430868167202563,-0.8878853112834223,6.430868167202563
2008-03-31,1.8900343642611583,-0.9647174485062724,1.8900343642611583
2008-04-01,2.5295109612141715,-0.964869813170168,2.5295109612141715
2008-04-02,1.3157894736842115,-0.9854336308257888,1.3157894736842115
2008-04-03,1.2987012987012998,-0.941120130632464,1.2987012987012998
2008-04-04,1.121794871794862,-0.9102013593051612,1.121794871794862
2008-04-07,-3.1695721077654406,-0.7978090092641361,3.1695721077654406
2008-04-08,-0.3273322422258667,-0.8495458501871281,0.3273322422258667
2008-04-09,2.955665024630538,-0.8397062044809788,2.955665024630538
2008-04-10,-0.956937799043056,-0.8184102114908571,0.956937799043056
2008-04-11,-2.4154589371980735,-0.8038822862198816,2.4154589371980735
2008-04-14,-2.475247524752467,-0.9168087939187032,2.475247524752467
2008-04-15,0.3384094754653058,-0.909523296256782,0.3384094754653058
2008-04-16,2.192242833052275,-0.8613428174019242,2.192242833052275
2008-04-17,5.280528052805286,-0.7595837042459292,5.280528052805286
2008-04-18,-4.388714733542324,-0.6667802338091345,4.388714733542324
2008-04-21,0.6557377049180334,-0.6726458373011651,0.6557377049180334
2008-04-22,-1.791530944625398,-0.5987058167546061,1.791530944625398
2008-04-23,-1.4925373134328337,-0.585750582530839,1.4925373134328337
2008-04-24,2.525252525252516,-0.6017453479414211,2.525252525252516
2008-04-25,-0.4926108374384277,-0.536503182825855,0.4926108374384277
2008-04-28,-1.3201320132013068,-0.4803632296752587,1.3201320132013068
2008-04-29,1.0033444816053445,-0.455412535685595,1.0033444816053445
2008-04-30,-0.993377483443702,-0.3882138940947977,0.993377483443702
2008-05-01,5.0167224080267525,-0.3514263163456356,5.0167224080267525
2008-05-02,-1.9108280254777088,-0.2880425843008705,1.9108280254777088
2008-05-05,4.707792207792208,-0.2882378766644143,4.707792207792208
2008-05-06,10.852713178294575,-0.2425245264253538,10.852713178294575
2008-05-07,-2.2377622377622397,-0.2451693541965081,2.2377622377622397
2008-05-08,-1.2875536480686671,-0.2010383261173665,1.2875536480686671
2008-05-09,1.0144927536231796,-0.1761103695185316,1.0144927536231796
2008-05-12,3.15638450502153,-0.1176072453588478,3.15638450502153
2008-05-13,0.9735744089012432,-0.05152289391944,0.9735744089012432
2008-05-14,-1.2396694214876014,0.0073538329356023,1.2396694214876014
2008-05-15,4.32357043235705,-0.046746920981769,4.32357043235705
2008-05-16,-2.2727272727272836,0.0405677852538253,2.2727272727272836
2008-05-19,-3.283173734610114,0.0694173478298092,3.283173734610114
2008-05-20,1.272984441301271,0.0715898147638215,1.272984441301271
2008-05-21,0.0,0.1586996279178447,0.0
2008-05-22,-1.95530726256984,0.1808961802701934,1.95530726256984
2008-05-23,-1.566951566951559,0.1617016272903244,1.566951566951559
2008-05-27,1.4471780028943508,0.1263066066249342,1.4471780028943508
2008-05-28,-2.710413694721819,0.1692844416497058,2.710413694721819
2008-05-29,0.5865102639296192,0.140412324592593,0.5865102639296192
2008-05-30,0.291545189504367,0.1654330810687048,0.291545189504367
2008-06-02,-0.5813953488372098,0.1792268150440037,0.5813953488372098
2008-06-03,0.1461988304093536,0.1703781587312545,0.1461988304093536
2008-06-04,6.715328467153285,0.1972971855434491,6.715328467153285
2008-06-05,5.198358413132706,0.2666736997785492,5.198358413132706
2008-06-06,-1.560468140442134,0.3057356038483951,1.560468140442134
2008-06-09,0.132100396301186,0.2873837718501706,0.132100396301186
2008-06-10,-1.9788918205804795,0.3113245346490438,1.9788918205804795
2008-06-11,-4.576043068640645,0.2377677999239276,4.576043068640645
2008-06-12,1.9746121297602337,0.1457580661202942,1.9746121297602337
2008-06-13,3.319502074688787,0.1903531232752612,3.319502074688787
2008-06-16,5.488621151271756,0.1371150241792148,5.488621151271756
2008-06-17,-2.7918781725888295,0.028616633370987,2.7918781725888295
2008-06-18,-4.308093994778068,0.0441053239371592,4.308093994778068
2008-06-19,-1.227830832196451,0.0723848117675704,1.227830832196451
2008-06-20,-1.51933701657459,0.0091068778686395,1.51933701657459
2008-06-23,-8.976157082748944,-0.0200836018267002,8.976157082748944
2008-06-24,-2.0030816640986115,-0.0974193839246219,2.0030816640986115
2008-06-25,-0.471698113207551,-0.0955568895345015,0.471698113207551
2008-06-26,-2.8436018957345928,-0.122949959872375,2.8436018957345928
2008-06-27,-2.2764227642276516,-0.1253613783908427,2.2764227642276516
2008-06-30,-4.991680532445921,-0.1169394388091567,4.991680532445921
2008-07-01,1.0507880910682943,-0.1703843058580838,1.0507880910682943
2008-07-02,-5.02599653379548,-0.1519154720289087,5.02599653379548
2008-07-03,-0.1824817518248298,-0.1690307218204768,0.1824817518248298
2008-07-07,-1.6453382084095038,-0.1786966988966951,1.6453382084095038
2008-07-08,3.1598513011152405,-0.2204349507601069,3.1598513011152405
2008-07-09,-7.927927927927919,-0.2289351168386204,7.927927927927919
2008-07-10,-7.045009784735817,-0.2851626966320234,7.045009784735817
2008-07-11,3.5789473684210513,-0.3386389310559384,3.5789473684210513
2008-07-14,-4.878048780487809,-0.3286565318809543,4.878048780487809
2008-07-15,4.700854700854715,-0.4190707315896467,4.700854700854715
2008-07-16,7.142857142857135,-0.3853574118954119,7.142857142857135
2008-07-17,-6.476190476190474,-0.3153998649210513,6.476190476190474
2008-07-18,-3.665987780040727,-0.3929811965476729,3.665987780040727
2008-07-21,-4.439746300211434,-0.4362732173160717,4.439746300211434
2008-07-22,-1.5486725663716685,-0.4845259940475874,1.5486725663716685
2008-07-23,5.168539325842686,-0.4929438328068307,5.168539325842686
2008-07-24,-5.555555555555551,-0.4308168004554861,5.555555555555551
2008-07-25,-0.9049773755656116,-0.3949259242400363,0.9049773755656116
2008-07-28,-4.109589041095884,-0.4414874029920567,4.109589041095884
2008-07-29,1.9047619047619064,-0.4646784843090004,1.9047619047619064
2008-07-30,-2.3364485981308536,-0.3953432181218181,2.3364485981308536
2008-07-31,1.9138755980861264,-0.4237501047375183,1.9138755980861264
2008-08-01,1.1737089201877893,-0.3629013005635846,1.1737089201877893
2008-08-04,7.1925754060324945,-0.3776190360237997,7.1925754060324945
2008-08-05,0.0,-0.347252376846852,0.0
2008-08-06,1.948051948051945,-0.4165853794858478,1.948051948051945
2008-08-07,10.19108280254778,-0.1397768113108762,10.19108280254778
2008-08-08,-1.7341040462427888,-0.1149842721628039,1.7341040462427888
2008-08-11,1.9607843137255008,-0.1298387763664999,1.9607843137255008
2008-08-12,0.0,-0.0293350421628848,0.0
2008-08-13,-0.961538461538458,-0.057268068078952,0.961538461538458
2008-08-14,4.271844660194169,-0.0905470154951622,4.271844660194169
2008-08-15,6.145251396648046,-0.0596262756118316,6.145251396648046
2008-08-18,0.3508771929824486,-0.0320360198453966,0.3508771929824486
2008-08-19,-0.3496503496503422,-0.0057530921013362,0.3496503496503422
2008-08-20,-2.1052631578947385,0.1110760097535189,2.1052631578947385
2008-08-21,5.376344086021502,0.0628963923417784,5.376344086021502
2008-08-22,0.8503401360544187,0.0579479512052878,0.8503401360544187
2008-08-25,0.8431703204047338,0.0403415181023483,0.8431703204047338
2008-08-26,-1.1705685618729145,0.0264758940734526,1.1705685618729145
2008-08-27,3.891708967851092,0.0017785507890296,3.891708967851092
2008-08-28,0.0,0.0806432046835333,0.0
2008-08-29,3.745928338762222,0.0852315822522269,3.745928338762222
2008-09-02,-0.4709576138147606,0.0761715305246315,0.4709576138147606
2008-09-03,-3.470031545741321,0.0878988063475964,3.470031545741321
2008-09-04,-8.006535947712422,0.0900910595367061,8.006535947712422
2008-09-05,10.657193605683847,0.0525751645242821,10.657193605683847
2008-09-08,-2.5682182985553794,0.0883384170613796,2.5682182985553794
2008-09-09,-4.118616144975288,0.070520871502285,4.118616144975288
2008-09-10,-3.608247422680411,-0.0199358197666976,3.608247422680411
2008-09-11,1.6042780748663077,0.0198185757940818,1.6042780748663077
2008-09-12,-6.8421052631579045,0.0175128740505475,6.8421052631579045
2008-09-15,-6.59133709981167,-0.0110039784097508,6.59133709981167
2008-09-16,3.427419354838708,-0.045689508941122,3.427419354838708
2008-09-17,-2.9239766081871243,-0.0968523566087155,2.9239766081871243
2008-09-18,13.052208835341354,-0.1123246941318553,13.052208835341354
2008-09-19,-4.085257548845463,0.0486575479926515,4.085257548845463
2008-09-22,-6.481481481481492,-0.0018540170837742,6.481481481481492
2008-09-23,-0.3960396039603876,-0.0468070238403701,0.3960396039603876
2008-09-24,-1.590457256461234,-0.1097022631284894,1.590457256461234
2008-09-25,1.2121212121212042,-0.1048743934647838,1.2121212121212042
2008-09-26,-0.1996007984031893,-0.1509555052114747,0.1996007984031893
2008-09-29,-10.199999999999996,-0.292393589542021,10.199999999999996
2008-09-30,1.336302895322931,-0.3140435795292197,1.336302895322931
2008-10-01,1.098901098901095,-0.2890029245146643,1.098901098901095
2008-10-02,-6.086956521739117,-0.3066379536487167,6.086956521739117
2008-10-03,-1.3888888888889004,-0.402222725009932,1.3888888888889004
2008-10-06,23.70892018779342,-0.4336739135058702,23.70892018779342
2008-10-07,-15.55977229601517,-0.2746426037889301,15.55977229601517
2008-10-08,-5.168539325842706,-0.4635419859278873,5.168539325842706
2008-10-09,-8.767772511848333,-0.4485758324893094,8.767772511848333
2008-10-10,10.129870129870133,-0.430834293982649,10.129870129870133
2008-10-13,6.132075471698108,-0.4108929659310668,6.132075471698108
2008-10-14,-5.1111111111111205,-0.3830048711227819,5.1111111111111205
2008-10-15,-6.088992974238871,-0.3768451443350826,6.088992974238871
2008-10-16,9.725685785536175,-0.3859634258872251,9.725685785536175
2008-10-17,-3.4090909090909167,-0.3641111676325357,3.4090909090909167
2008-10-20,-5.176470588235288,-0.3362114017222845,5.176470588235288
2008-10-21,-4.21836228287842,-0.3834688574815926,4.21836228287842
2008-10-22,-6.217616580310875,-0.4204156856305641,6.217616580310875
2008-10-23,-19.613259668508288,-0.4553183168404253,19.613259668508288
2008-10-24,1.718213058419238,-0.5833583467016135,1.718213058419238
2008-10-27,5.743243243243241,-0.6974429455136024,5.743243243243241
2008-10-28,-4.153354632587856,-0.7845865416471064,4.153354632587856
2008-10-29,6.666666666666672,-0.7845288948166403,6.666666666666672
2008-10-30,6.249999999999991,-0.7562770799108219,6.249999999999991
2008-10-31,5.588235294117645,-0.687281398126585,5.588235294117645
2008-11-03,6.406685236768802,-0.5782075986457343,6.406685236768802
2008-11-04,-3.664921465968578,-0.5808608142802917,3.664921465968578
2008-11-05,-5.706521739130434,-0.672979301922474,5.706521739130434
2008-11-06,-6.340057636887614,-0.8466277555495186,6.340057636887614
2008-11-07,1.230769230769232,-0.8357431874775972,1.230769230769232
2008-11-10,-8.510638297872347,-0.7555454702260873,8.510638297872347
2008-11-11,-4.651162790697664,-0.7834861043442105,4.651162790697664
2008-11-12,-5.5749128919860675,-0.7849612901201708,5.5749128919860675
2008-11-13,-2.214022140221404,-0.6888508678503458,2.214022140221404
2008-11-14,-5.660377358490563,-0.6680804650377685,5.660377358490563
2008-11-17,7.2000000000000055,-0.6993638086624926,7.2000000000000055
2008-11-18,-6.343283582089565,-0.6103043776576801,6.343283582089565
2008-11-19,-16.334661354581662,-0.6164083263334306,16.334661354581662
2008-11-20,-5.238095238095243,-0.6373497316289378,5.238095238095243
2008-11-21,-4.522613065326636,-0.6996617872817497,4.522613065326636
2008-11-24,1.0526315789473697,-0.6513518410093516,1.0526315789473697
2008-11-25,-3.645833333333325,-0.6570595426798074,3.645833333333325
2008-11-26,18.918918918918923,-0.6728593949519955,18.918918918918923
2008-11-28,4.999999999999994,-0.5894605645806265,4.999999999999994
2008-12-01,-9.09090909090909,-0.4217874872261071,9.09090909090909
2008-12-02,-7.1428571428571495,-0.3465718637737461,7.1428571428571495
2008-12-03,2.5641025641025665,-0.459834414895758,2.5641025641025665
2008-12-04,2.499999999999991,-0.3626786436373496,2.499999999999991
2008-12-05,9.756097560975618,-0.4288936668470536,9.756097560975618
2008-12-08,-8.888888888888896,-0.4878165097483285,8.888888888888896
2008-12-09,10.731707317073182,-0.4094706568463746,10.731707317073182
2008-12-10,-4.405286343612339,-0.2766514657689909,4.405286343612339
2008-12-11,-2.7649769585253483,-0.2145578103995601,2.7649769585253483
2008-12-12,7.1090047393364895,-0.2156552617914754,7.1090047393364895
2008-12-15,0.8849557522123902,-0.2636027333073389,0.8849557522123902
2008-12-16,-3.0701754385964843,-0.1398078662549853,3.0701754385964843
2008-12-17,2.262443438914019,-0.1576184848388745,2.262443438914019
2008-12-18,3.0973451327433756,-0.0731825981292055,3.0973451327433756
2008-12-19,-3.0042918454935745,-0.1076413488928465,3.0042918454935745
2008-12-22,-8.407079646017698,-0.1046225113122331,8.407079646017698
2008-12-23,-4.347826086956515,-0.2160413147737951,4.347826086956515
2008-12-24,6.060606060606066,-0.2960434607536934,6.060606060606066
2008-12-26,7.619047619047604,-0.3388729065587282,7.619047619047604
2008-12-29,-5.752212389380527,-0.2936487127145623,5.752212389380527
2008-12-30,3.2863849765258353,-0.3867410022011637,3.2863849765258353
2008-12-31,-0.454545454545465,-0.4826447411095737,0.454545454545465
2009-01-02,8.219178082191787,-0.466366911308292,8.219178082191787
2009-01-05,16.033755274261598,-0.4381719132351781,16.033755274261598
2009-01-06,-1.0909090909090835,-0.3131514183133841,1.0909090909090835
2009-01-07,-2.9411764705882377,-0.3086033000700119,2.9411764705882377
2009-01-08,5.681818181818178,-0.4018076984302151,5.681818181818178
2009-01-09,-3.5842293906810068,-0.4503859672290042,3.5842293906810068
2009-01-12,-10.037174721189592,-0.4876113779151182,10.037174721189592
2009-01-13,-5.371900826446277,-0.5750430027744377,5.371900826446277
2009-01-14,-6.1135371179039355,-0.5954737323783101,6.1135371179039355
2009-01-15,7.906976744186044,-0.7307848607475678,7.906976744186044
2009-01-16,-3.879310344827581,-0.6734064851239626,3.879310344827581
2009-01-20,-8.071748878923774,-0.7242484696766357,8.071748878923774
2009-01-21,4.878048780487809,-0.7887200334321103,4.878048780487809
2009-01-22,-13.488372093023248,-0.7932095415651785,13.488372093023248
2009-01-23,11.827956989247308,-0.9262272487532566,11.827956989247308
2009-01-26,-0.9615384615384625,-0.8601251873937613,0.9615384615384625
2009-01-27,8.252427184466017,-0.8545626534025642,8.252427184466017
2009-01-28,2.690582959641258,-0.7344471471177766,2.690582959641258
2009-01-29,-3.056768558951958,-0.6223567263116442,3.056768558951958
2009-01-30,-3.153153153153166,-0.7831684994233507,3.153153153153166
2009-02-02,0.4651162790697782,-0.7807531731002323,0.4651162790697782
2009-02-03,2.77777777777778,-0.7281154164387474,2.77777777777778
2009-02-04,1.8018018018017832,-0.6596533844636272,1.8018018018017832
2009-02-05,7.079646017699122,-0.6560062885819482,7.079646017699122
2009-02-06,-2.479338842975209,-0.5175299864708858,2.479338842975209
2009-02-09,0.0,-0.4796764645942805,0.0
2009-02-10,-8.474576271186429,-0.5134885206202289,8.474576271186429
2009-02-11,0.9259259259259268,-0.5767856718891292,0.9259259259259268
2009-02-12,5.504587155963287,-0.6529190468862014,5.504587155963287
2009-02-13,0.0,-0.5519154711408424,0.0
2009-02-17,2.1739130434782727,-0.4834631186503096,2.1739130434782727
2009-02-18,-2.127659574468096,-0.370032197144042,2.127659574468096
2009-02-19,-10.0,-0.3583060348309217,10.0
2009-02-20,0.966183574879228,-0.4996618559773086,0.966183574879228
2009-02-23,-1.9138755980861264,-0.4606508028714112,1.9138755980861264
2009-02-24,3.902439024390248,-0.4218501786065171,3.902439024390248
2009-02-25,6.1032863849765215,-0.3503374719462797,6.1032863849765215
2009-02-26,-7.964601769911493,-0.2365823071932914,7.964601769911493
2009-02-27,2.4038461538461453,-0.3339548357174621,2.4038461538461453
2009-03-02,0.4694835680751282,-0.2697553504019789,0.4694835680751282
2009-03-03,0.4672897196261582,-0.4792235191573582,0.4672897196261582
2009-03-04,2.7906976744186074,-0.404282855868842,2.7906976744186074
2009-03-05,-0.9049773755656116,-0.3097714255675564,0.9049773755656116
2009-03-06,-3.652968036529684,-0.2555850107085981,3.652968036529684
2009-03-09,4.739336492891,-0.3881151026513627,4.739336492891
2009-03-10,5.42986425339367,-0.3630251132525323,5.42986425339367
2009-03-11,-1.2875536480686802,-0.2345119688653848,1.2875536480686802
2009-03-12,3.913043478260883,-0.1924848185007652,3.913043478260883
2009-03-13,5.020920502092036,-0.2171071922371926,5.020920502092036
2009-03-16,-1.1952191235059684,-0.0932892852249436,1.1952191235059684
2009-03-17,11.290322580645151,-0.0511160803153866,11.290322580645151
2009-03-18,10.144927536231894,0.138236392572353,10.144927536231894
2009-03-19,-2.3026315789473633,0.3221632972364319,2.3026315789473633
2009-03-20,-3.36700336700337,0.3298834639601765,3.36700336700337
2009-03-23,3.1358885017421554,0.2406976207187738,3.1358885017421554
2009-03-24,8.445945945945946,0.2444655348849317,8.445945945945946
2009-03-25,2.8037383177570048,0.3907982558536052,2.8037383177570048
2009-03-26,3.9393939393939497,0.3847845637167557,3.9393939393939497
2009-03-27,-6.705539358600583,0.4028336422527261,6.705539358600583
2009-03-30,3.437499999999996,0.270902411267218,3.437499999999996
2009-03-31,-9.969788519637463,0.2819734006896081,9.969788519637463
2009-04-01,7.046979865771811,0.1677424750398804,7.046979865771811
2009-04-02,-1.88087774294671,0.3133907351597164,1.88087774294671
2009-04-03,5.431309904153353,0.348973946177376,5.431309904153353
2009-04-06,3.3333333333333433,0.4360403768602903,3.3333333333333433
2009-04-07,2.6392961876832803,0.5445032024324932,2.6392961876832803
2009-04-08,7.999999999999994,0.6334551835762159,7.999999999999994
2009-04-09,-0.7936507936507885,0.7665385192777587,0.7936507936507885
2009-04-13,-4.26666666666667,0.786839814933789,4.26666666666667
2009-04-14,-1.6713091922005587,0.7499348602904528,1.6713091922005587
2009-04-15,-0.2832861189801639,0.6916669059797588,0.2832861189801639
2009-04-16,1.704545454545456,0.728961995468281,1.704545454545456
2009-04-17,-4.1899441340782095,0.8181433565754688,4.1899441340782095
2009-04-20,-5.8309037900874685,0.78156119797862,5.8309037900874685
2009-04-21,-0.9287925696594368,0.7123956359708086,0.9287925696594368
2009-04-22,5.312499999999997,0.6869268432952914,5.312499999999997
2009-04-23,5.341246290801179,0.7800735667090608,5.341246290801179
2009-04-24,-3.3802816901408357,0.7133442784392514,3.3802816901408357
2009-04-27,-0.5830903790087468,0.6337585416857808,0.5830903790087468
2009-04-28,-0.2932551319648161,0.6780956616852585,0.2932551319648161
2009-04-29,4.411764705882351,0.7202608533383675,4.411764705882351
2009-04-30,0.0,0.7619274272783599,0.0
2009-05-01,9.859154929577468,0.7457553527441186,9.859154929577468
2009-05-04,11.794871794871806,0.8017152381978867,11.794871794871806
2009-05-05,2.0642201834862353,0.8251548332759663,2.0642201834862353
2009-05-06,-5.168539325842706,0.7404775338930759,5.168539325842706
2009-05-07,-2.3696682464454892,0.7325092466270533,2.3696682464454892
2009-05-08,-5.339805825242723,0.7251529849585066,5.339805825242723
2009-05-11,13.076923076923082,0.5892645963262905,13.076923076923082
2009-05-12,-1.1337868480725584,0.8657545539219483,1.1337868480725584
2009-05-13,-0.2293577981651531,0.885276118597334,0.2293577981651531
2009-05-14,-2.0689655172413763,0.8742236695140231,2.0689655172413763
2009-05-15,-1.6431924882628968,0.8345899662062745,1.6431924882628968
2009-05-18,2.6252983293555947,0.8397258369525273,2.6252983293555947
2009-05-19,6.279069767441872,0.9225272310737496,6.279069767441872
2009-05-20,-2.625820568927792,1.0207549155003095,2.625820568927792
2009-05-21,-0.4494382022472014,0.9464122755828523,0.4494382022472014
2009-05-22,-3.8374717832957095,0.8910550052187503,3.8374717832957095
2009-05-26,7.2769953051643315,0.8773944661525646,7.2769953051643315
2009-05-27,3.9387308533916783,0.935815323616982,3.9387308533916783
2009-05-28,-0.8421052631578955,0.981968566640168,0.8421052631578955
2009-05-29,-0.4246284501061481,0.9226210907565972,0.4246284501061481
2009-06-01,-0.2132196162047052,0.782583608260112,0.2132196162047052
2009-06-02,-2.7777777777777755,0.8030263817234514,2.7777777777777755
2009-06-03,0.4395604395604497,0.7966250498804567,0.4395604395604497
2009-06-04,5.908096280087518,0.7728584147338576,5.908096280087518
2009-06-05,-5.371900826446277,0.8646044259535047,5.371900826446277
2009-06-08,2.6200873362445436,0.8474429050775388,2.6200873362445436
2009-06-09,2.3404255319148812,0.9105234036739688,2.3404255319148812
2009-06-10,0.4158004158004254,0.9720785530649232,0.4158004158004254
2009-06-11,-1.656314699792962,0.9218231725003376,1.656314699792962
2009-06-12,-7.578947368421058,0.9249985095722356,7.578947368421058
2009-06-15,-2.050113895216398,0.8884744367798932,2.050113895216398
2009-06-16,-3.953488372093022,0.8309834148568294,3.953488372093022
2009-06-17,-2.4213075060532603,0.901527742111216,2.4213075060532603
2009-06-18,-2.7295285359801564,0.7718306103358402,2.7295285359801564
2009-06-19,-2.040816326530614,0.7558744026129056,2.040816326530614
2009-06-22,-4.427083333333331,0.6429699952486443,4.427083333333331
2009-06-23,-1.0899182561307912,0.5709347756549777,1.0899182561307912
2009-06-24,-0.2754820936639059,0.5959410686019911,0.2754820936639059
2009-06-25,1.933701657458559,0.6288385036227891,1.933701657458559
2009-06-26,0.8130081300813076,0.6432319908435694,0.8130081300813076
2009-06-29,1.3440860215053716,0.6227678077888916,1.3440860215053716
2009-06-30,4.244031830238731,0.5700394717592338,4.244031830238731
2009-07-01,-2.2900763358778704,0.5919536331786529,2.2900763358778704
2009-07-02,-2.6041666666666576,0.549001904148878,2.6041666666666576
2009-07-06,-2.9411764705882435,0.5567884461929785,2.9411764705882435
2009-07-07,-5.5096418732782295,0.5333322037786342,5.5096418732782295
2009-07-08,0.0,0.4617260929579349,0.0
2009-07-09,0.0,0.3991588000169135,0.0
2009-07-10,2.915451895043722,0.3979003468580449,2.915451895043722
2009-07-13,1.6997167138810214,0.3908069136113219,1.6997167138810214
2009-07-14,5.8495821727019495,0.4229300816158071,5.8495821727019495
2009-07-15,2.6315789473684235,0.5913961640217995,2.6315789473684235
2009-07-16,1.2820512820512888,0.6198522134343286,1.2820512820512888
2009-07-17,2.0253164556962044,0.6506588718243512,2.0253164556962044
2009-07-20,5.4590570719602916,0.6302577639231424,5.4590570719602916
2009-07-21,-16.705882352941178,0.6578697406595951,16.705882352941178
2009-07-22,0.0,0.4514020819840266,0.0
2009-07-23,0.5649717514124298,0.6208715293655497,0.5649717514124298
2009-07-24,7.303370786516848,0.6192163245545748,7.303370786516848
2009-07-27,-1.308900523560205,0.5469211789347335,1.308900523560205
2009-07-28,0.0,0.5297161804851931,0.0
2009-07-29,0.2652519893899148,0.5340197524363132,0.2652519893899148
2009-07-30,-3.174603174603166,0.5615240020752481,3.174603174603166
2009-07-31,2.459016393442619,0.5055487779729083,2.459016393442619
2009-08-03,0.0,0.4790029220096786,0.0
2009-08-04,0.5333333333333338,0.463445938058329,0.5333333333333338
2009-08-05,-0.5305039787798413,0.420542527566596,0.5305039787798413
2009-08-06,0.5333333333333338,0.3639741659804946,0.5333333333333338
2009-08-07,-1.591511936339524,0.3551681278352081,1.591511936339524
2009-08-10,-0.8086253369272185,0.2806127814330815,0.8086253369272185
2009-08-11,-2.1739130434782625,0.0409498002318973,2.1739130434782625
2009-08-12,0.2777777777777718,0.0380930439902758,0.2777777777777718
2009-08-13,1.3850415512465448,0.0531647262025139,1.3850415512465448
2009-08-14,-3.0054644808743256,0.0415611767907532,3.0054644808743256
2009-08-17,0.0,-0.0448814436536319,0.0
2009-08-18,-1.6901408450704116,-0.088496348136279,1.6901408450704116
2009-08-19,1.1461318051575813,-0.1104481193392199,1.1461318051575813
2009-08-20,0.0,-0.0481992347952395,0.0
2009-08-21,11.331444759206809,0.0251142841960585,11.331444759206809
2009-08-24,5.08905852417302,0.2679881984784065,5.08905852417302
2009-08-25,-2.4213075060532603,0.2185320470347556,2.4213075060532603
2009-08-26,0.2481389578163718,0.2033116229205823,0.2481389578163718
2009-08-27,10.148514851485151,0.1485204827226316,10.148514851485151
2009-08-28,-2.921348314606739,0.3560825910637096,2.921348314606739
2009-08-31,0.9259259259259268,0.2984494805683764,0.9259259259259268
2009-09-01,-3.8990825688073376,0.1286037028012606,3.8990825688073376
2009-09-02,4.773269689737453,0.1015286806165088,4.773269689737453
2009-09-03,3.6446469248291606,0.1897258828957815,3.6446469248291606
2009-09-04,1.098901098901095,0.2446480529557574,1.098901098901095
2009-09-08,11.956521739130451,0.2619404074160693,11.956521739130451
2009-09-09,2.718446601941741,0.4728326486951325,2.718446601941741
2009-09-10,3.780718336483935,0.5357164634948158,3.780718336483935
2009-09-11,2.367941712204005,0.5664030329236028,2.367941712204005
2009-09-14,2.6690391459074636,0.6553645447954859,2.6690391459074636
2009-09-15,1.3864818024263446,0.6310342362086386,1.3864818024263446
2009-09-16,-2.7350427350427227,0.579679919311813,2.7350427350427227
2009-09-17,0.8787346221441092,0.5693936223105978,0.8787346221441092
2009-09-18,-2.9616724738675946,0.570669345669937,2.9616724738675946
2009-09-21,6.104129263913821,0.5262308796492728,6.104129263913821
2009-09-22,4.568527918781719,0.5530526663994665,4.568527918781719
2009-09-23,-1.941747572815536,0.5869177207086272,1.941747572815536
2009-09-24,-8.910891089108912,0.5067843934534126,8.910891089108912
2009-09-25,6.340579710144938,0.3286179511200381,6.340579710144938
2009-09-28,-0.3407155025553741,0.3763963646381544,0.3407155025553741
2009-09-29,-0.8547008547008517,0.4161676806819538,0.8547008547008517
2009-09-30,-3.103448275862064,0.4255424032278027,3.103448275862064
2009-10-01,-7.117437722419935,0.4376296448770244,7.117437722419935
2009-10-02,-1.340996168582364,0.1724683992902148,1.340996168582364
2009-10-05,10.097087378640769,0.1878597552037037,10.097087378640769
2009-10-06,-0.1763668430335059,0.2694540821287955,0.1763668430335059
2009-10-07,-1.413427561837457,0.3042176433356754,1.413427561837457
2009-10-08,-1.2544802867383564,0.3232254665816584,1.2544802867383564
2009-10-09,11.252268602540838,0.3350484389236853,11.252268602540838
2009-10-12,1.305057096247962,0.2627574820396399,1.305057096247962
2009-10-13,1.6103059581320394,0.3173628727831544,1.6103059581320394
2009-10-14,-1.5847860538827203,0.4451093322136353,1.5847860538827203
2009-10-15,-5.1529790660225485,0.4673493773450933,5.1529790660225485
2009-10-16,-1.8675721561969345,0.2132164434229235,1.8675721561969345
2009-10-19,2.7681660899654004,0.1391893906984078,2.7681660899654004
2009-10-20,-0.8417508417508537,0.1901217493985011,0.8417508417508537
2009-10-21,-2.207130730050932,0.2093540914109543,2.207130730050932
2009-10-22,2.951388888888888,0.2143726198801961,2.951388888888888
2009-10-23,-5.227655986509268,0.2848414637941846,5.227655986509268
2009-10-26,-3.5587188612099676,0.2975609509252265,3.5587188612099676
2009-10-27,-8.1180811808118,0.1199016888237043,8.1180811808118
2009-10-28,-0.6024096385542218,0.0983390399633064,0.6024096385542218
2009-10-29,0.6060606060606111,0.0620188290458874,0.6060606060606111
2009-10-30,-6.024096385542182,0.0443506079708408,6.024096385542182
2009-11-02,-4.05982905982905,0.0594615852273286,4.05982905982905
2009-11-03,4.899777282850773,0.0372239130022895,4.899777282850773
2009-11-04,2.123142250530778,0.0893590673321717,2.123142250530778
2009-11-05,0.623700623700629,0.1421592821536949,0.623700623700629
2009-11-06,5.785123966942154,0.1983077416236895,5.785123966942154
2009-11-09,1.562500000000001,0.2861982635106988,1.562500000000001
2009-11-10,0.5769230769230816,0.3403843749915662,0.5769230769230816
2009-11-11,26.959847036328853,0.3766711874234815,26.959847036328853
2009-11-12,-5.722891566265059,0.6143611856578639,5.722891566265059
2009-11-13,4.792332268370604,0.6046719936749284,4.792332268370604
2009-11-16,-2.8963414634146267,0.6518998262340505,2.8963414634146267
2009-11-17,5.337519623233907,0.6122101837328948,5.337519623233907
2009-11-18,7.302533532041732,0.6486704464804326,7.302533532041732
2009-11-19,-4.166666666666664,0.6935615192417373,4.166666666666664
2009-11-20,1.8840579710144911,0.6088185755995177,1.8840579710144911
2009-11-23,-0.2844950213371331,0.664781279197715,0.2844950213371331
2009-11-24,0.0,0.7070964301614501,0.0
2009-11-25,-4.564907275320961,0.752240945561912,4.564907275320961
2009-11-27,3.1390134529147975,0.7916085043603387,3.1390134529147975
2009-11-30,3.0434782608695645,0.8208741366185992,3.0434782608695645
2009-12-01,1.4064697609001355,0.850109855363138,1.4064697609001355
2009-12-02,2.2191400832177552,0.8461006470885635,2.2191400832177552
2009-12-03,9.769335142469467,0.8496006583442411,9.769335142469467
2009-12-04,1.9777503090234876,0.8873824763256933,1.9777503090234876
2009-12-07,2.1818181818181785,0.8800640039749342,2.1818181818181785
2009-12-08,4.507710557532631,0.8897573740784498,4.507710557532631
2009-12-09,0.1135073779795662,0.9239231011987517,0.1135073779795662
2009-12-10,-2.3809523809523907,0.8809527588071608,2.3809523809523907
2009-12-11,2.322880371660872,0.929315374708256,2.322880371660872
2009-12-14,-1.8161180476731005,0.9587343281001228,1.8161180476731005
2009-12-15,5.664739884393065,0.9537225182981252,5.664739884393065
2009-12-16,-1.2035010940919169,0.8488318781261515,1.2035010940919169
2009-12-17,-0.3322259136212554,0.8830768674080661,0.3322259136212554
2009-12-18,0.9999999999999984,0.90239527945207,0.9999999999999984
2009-12-21,5.06050605060507,0.9214243724049546,5.06050605060507
2009-12-22,-1.0471204188481824,1.0233398835786407,1.0471204188481824
2009-12-23,3.597883597883597,0.9854730771366664,3.597883597883597
2009-12-24,1.838610827374888,1.0279731486828116,1.838610827374888
2009-12-28,-1.6048144433299911,1.047870264871004,1.6048144433299911
2009-12-29,-1.834862385321098,1.0510490754126935,1.834862385321098
2009-12-30,1.246105919003107,1.0345474574316451,1.246105919003107
2009-12-31,0.4102564102564015,1.0733657657354227,0.4102564102564015
2010-01-04,-0.8171603677221482,1.0920667020351746,0.8171603677221482
2010-01-05,-0.3089598352214329,1.114343859493646,0.3089598352214329
2010-01-06,-1.7561983471074374,1.1087371973032027,1.7561983471074374
2010-01-07,-1.4721345951629925,1.0748006866402149,1.4721345951629925
2010-01-08,0.1067235859125033,1.0835463058210495,0.1067235859125033
2010-01-11,-5.223880597014928,1.08664819674126,5.223880597014928
2010-01-12,-2.024746906636667,1.0510334754560915,2.024746906636667
2010-01-13,5.3960964408725465,1.010976593404043,5.3960964408725465
2010-01-14,-0.5446623093681802,1.057533277641431,0.5446623093681802
2010-01-15,-3.1763417305586077,0.955628496239497,3.1763417305586077
2010-01-19,1.5837104072398254,0.8721503259236343,1.5837104072398254
2010-01-20,0.3340757238307278,0.9121108011408972,0.3340757238307278
2010-01-21,-5.105438401775794,0.9085408366834992,5.105438401775794
2010-01-22,-6.31578947368422,0.7649809037348813,6.31578947368422
2010-01-25,0.249687890137323,0.7343267876616186,0.249687890137323
2010-01-26,0.0,0.719990426929473,0.0
2010-01-27,2.615193026151941,0.7587298190182226,2.615193026151941
2010-01-28,-2.7912621359223353,0.7362946073684652,2.7912621359223353
2010-01-29,-4.9937578027465594,0.6665351115795434,4.9937578027465594
2010-02-01,1.708278580814716,0.5985245366584159,1.708278580814716
2010-02-02,1.162790697674417,0.5174586133356026,1.162790697674417
2010-02-03,-2.426564495530018,0.4975149177515441,2.426564495530018
2010-02-04,-6.675392670157065,0.4329458154205949,6.675392670157065
2010-02-05,3.506311360448808,0.3417316653923891,3.506311360448808
2010-02-08,2.845528455284553,0.3501698413567132,2.845528455284553
2010-02-09,-1.5810276679841913,0.3644759146670288,1.5810276679841913
2010-02-10,2.6773761713520776,0.3757231723816053,2.6773761713520776
2010-02-11,0.521512385919166,0.325941811444606,0.521512385919166
2010-02-12,2.594033722438394,0.3372197125348651,2.594033722438394
2010-02-16,2.5284450063211037,0.3335549497264299,2.5284450063211037
2010-02-17,-1.6029593094944392,0.3364799332812183,1.6029593094944392
2010-02-18,-2.0050125313283225,0.3092274242469283,2.0050125313283225
2010-02-19,1.7902813299232696,0.3454637420008947,1.7902813299232696
2010-02-22,-0.6281407035175857,0.3299510418432659,0.6281407035175857
2010-02-23,-1.6434892541087218,0.3034252757861407,1.6434892541087218
2010-02-24,1.2853470437017949,0.2609485390685985,1.2853470437017949
2010-02-25,-0.6345177664974597,0.28155007029573,0.6345177664974597
2010-02-26,1.4048531289910642,0.3084666063347476,1.4048531289910642
2010-03-01,4.911838790931986,0.3143440147767239,4.911838790931986
2010-03-02,1.320528211284507,0.3802258665074469,1.320528211284507
2010-03-03,-0.8293838862559276,0.3866149334260005,0.8293838862559276
2010-03-04,2.15053763440862,0.3610155342757452,2.15053763440862
2010-03-05,1.2865497076023324,0.3917544679251056,1.2865497076023324
2010-03-08,-1.8475750577367225,0.376492284492306,1.8475750577367225
2010-03-09,1.17647058823529,0.3253407587801211,1.17647058823529
2010-03-10,3.604651162790704,0.3289724392795713,3.604651162790704
2010-03-11,1.4590347923681146,0.3996190729145683,1.4590347923681146
2010-03-12,-1.7699115044247609,0.4416600368967475,1.7699115044247609
2010-03-15,0.7882882882882715,0.3990326045372508,0.7882882882882715
2010-03-16,5.810055865921803,0.3949277360567628,5.810055865921803
2010-03-17,1.583949313621949,0.5209017675212565,1.583949313621949
2010-03-18,-2.494802494802479,0.5500908381030142,2.494802494802479
2010-03-19,-5.010660980810241,0.4549825284369603,5.010660980810241
2010-03-22,4.82603815937149,0.3580058161567168,4.82603815937149
2010-03-23,0.4282655246252775,0.4394317802202508,0.4282655246252775
2010-03-24,-0.3198294243070483,0.4685468789268436,0.3198294243070483
2010-03-25,-2.5668449197860985,0.4420510798878556,2.5668449197860985
2010-03-26,-0.3293084522502674,0.3788460812673034,0.3293084522502674
2010-03-29,1.4317180616740175,0.3774518912973749,1.4317180616740175
2010-03-30,-0.6514657980456079,0.39156518625669,0.6514657980456079
2010-03-31,2.0765027322404315,0.349924462313367,2.0765027322404315
2010-04-01,1.3918629550321282,0.3553867840477076,1.3918629550321282
2010-04-05,-0.3167898627244048,0.3562767763075492,0.3167898627244048
2010-04-06,-0.6355932203389696,0.3321122954964901,0.6355932203389696
2010-04-07,2.6652452025586353,0.3173159372010847,2.6652452025586353
2010-04-08,-1.4537902388369737,0.3539336861900688,1.4537902388369737
2010-04-09,-1.264488935721823,0.3507994841939837,1.264488935721823
2010-04-12,0.5336179295624409,0.3634609786752011,0.5336179295624409
2010-04-13,4.246284501061575,0.3395536471603717,4.246284501061575
2010-04-14,1.527494908350309,0.4224526761131355,1.527494908350309
2010-04-15,-1.905717151454376,0.412089080986444,1.905717151454376
2010-04-16,-0.5112474437627703,0.3359088324219675,0.5112474437627703
2010-04-19,0.1027749229188056,0.3570330483132428,0.1027749229188056
2010-04-20,0.6160164271047279,0.3399577953776908,0.6160164271047279
2010-04-21,-2.346938775510208,0.3454682514803711,2.346938775510208
2010-04-22,2.5078369905956133,0.3036382245581239,2.5078369905956133
2010-04-23,-0.1019367991845034,0.3713620882522319,0.1019367991845034
2010-04-26,0.4081632653061137,0.3444000245268201,0.4081632653061137
2010-04-27,-1.5243902439024426,0.3275690332511587,1.5243902439024426
2010-04-28,0.1031991744066025,0.2890039365961031,0.1031991744066025
2010-04-29,0.2061855670103232,0.282785966455409,0.2061855670103232
2010-04-30,-5.555555555555565,0.2797157862664273,5.555555555555565
2010-05-03,-1.0893246187363796,0.1331227344183005,1.0893246187363796
2010-05-04,-7.048458149779742,0.1004085988291522,7.048458149779742
2010-05-05,1.6587677725118553,0.0052739824766721,1.6587677725118553
2010-05-06,-3.263403263403256,0.004077278577498,3.263403263403256
2010-05-07,7.469879518072279,-0.0063818515832622,7.469879518072279
2010-05-10,-0.7847533632287027,0.141728640917898,0.7847533632287027
2010-05-11,3.9548022598870016,0.1357768709665947,3.9548022598870016
2010-05-12,3.478260869565221,0.1223432376175344,3.478260869565221
2010-05-13,-2.941176470588229,0.1603290074487759,2.941176470588229
2010-05-14,-5.303030303030305,0.1380118962327038,5.303030303030305
2010-05-17,2.4000000000000097,0.0943248680254365,2.4000000000000097
2010-05-18,-8.147321428571432,0.0598137071942967,8.147321428571432
2010-05-19,0.4860267314702204,0.0410187474718131,0.4860267314702204
2010-05-20,-4.836759371221275,-0.0180082927370533,4.836759371221275
2010-05-21,5.717916137229989,-0.0674809759334991,5.717916137229989
2010-05-24,-6.850961538461542,7.853381759993533e-05,6.850961538461542
2010-05-25,8.25806451612904,0.0052197341134566,8.25806451612904
2010-05-26,0.7151370679380061,0.0409800749517168,0.7151370679380061
2010-05-27,4.615384615384622,0.0412522932919301,4.615384615384622
2010-05-28,-4.638009049773757,0.0753884222771475,4.638009049773757
2010-06-01,-2.016607354685646,0.068927456795331,2.016607354685646
2010-06-02,3.9951573849878943,0.0778660369762887,3.9951573849878943
2010-06-03,-1.9790454016298016,0.1141197264179717,1.9790454016298016
2010-06-04,-2.6128266033254235,0.113678696800378,2.6128266033254235
2010-06-07,-5.487804878048772,0.1357955124021427,5.487804878048772
2010-06-08,2.06451612903226,0.1191388092082386,2.06451612903226
2010-06-09,-1.6434892541087218,0.0561584355622554,1.6434892541087218
2010-06-10,0.8997429305912519,0.0574606292832615,0.8997429305912519
2010-06-11,5.859872611464979,0.0817078432716479,5.859872611464979
2010-06-14,0.481347773766536,0.1385008197438874,0.481347773766536
2010-06-15,4.550898203592824,0.158250890730283,4.550898203592824
2010-06-16,3.66552119129439,0.2025987855954635,3.66552119129439
2010-06-17,-1.4364640883977986,0.2784994517523052,1.4364640883977986
2010-06-18,1.2331838565022355,0.2764276951233387,1.2331838565022355
2010-06-21,-2.436323366555912,0.2975178081434986,2.436323366555912
2010-06-22,-2.0431328036322327,0.2606565946043272,2.0431328036322327
2010-06-23,-1.390498261877184,0.2584211218418112,1.390498261877184
2010-06-24,-3.4077555816686154,0.2793462755073427,3.4077555816686154
2010-06-25,-0.9732360097323608,0.2385836603576959,0.9732360097323608
2010-06-28,-2.57985257985259,0.2253334160619937,2.57985257985259
2010-06-29,-4.413619167717524,0.2097150992131595,4.413619167717524
2010-06-30,-3.034300791556734,0.3168278268461847,3.034300791556734
2010-07-01,1.360544217687082,0.2500096512383701,1.360544217687082
2010-07-02,-0.671140939597313,0.2054746697814319,0.671140939597313
2010-07-06,-4.8648648648648685,0.2177780666185107,4.8648648648648685
2010-07-07,6.818181818181812,0.1448783574497813,6.818181818181812
2010-07-08,-2.393617021276592,0.2241722783124037,2.393617021276592
2010-07-09,0.5449591280653956,0.1666002016988933,0.5449591280653956
2010-07-12,2.9810298102980997,0.1180069041858667,2.9810298102980997
2010-07-13,2.8947368421052717,0.1669923189851005,2.8947368421052717
2010-07-14,-4.60358056265985,0.2268059485789463,4.60358056265985
2010-07-15,-2.412868632707771,0.1554140099254221,2.412868632707771
2010-07-16,1.7857142857142845,0.1440740210722234,1.7857142857142845
2010-07-19,-2.6990553306342804,0.1782181001901599,2.6990553306342804
2010-07-20,5.547850208044387,0.1304475830265791,5.547850208044387
2010-07-21,-1.5768725361366636,0.1901410566544984,1.5768725361366636
2010-07-22,1.0680907877169568,0.1557400843942729,1.0680907877169568
2010-07-23,3.3025099075297226,0.1108758950073685,3.3025099075297226
2010-07-26,4.092071611253201,0.1152221863521845,4.092071611253201
2010-07-27,-0.6142506142506229,0.1559602988030783,0.6142506142506229
2010-07-28,-2.5957972805933247,0.1257448720997271,2.5957972805933247
2010-07-29,-3.426395939086289,0.0839952766698044,3.426395939086289
2010-07-30,0.2628120893561048,0.070179430305863,0.2628120893561048
2010-08-02,-0.7863695937090381,0.051941579854377,0.7863695937090381
2010-08-03,-0.2642007926023839,0.0072981574385161,0.2642007926023839
2010-08-04,-0.7947019867549617,-0.0117233690365125,0.7947019867549617
2010-08-05,0.0,-0.0121878029954839,0.0
2010-08-06,-0.1335113484646166,-0.0261683950348464,0.1335113484646166
2010-08-09,-5.6149732620320965,-0.0896520927652931,5.6149732620320965
2010-08-10,-6.090651558073651,-0.1896352135725195,6.090651558073651
2010-08-11,-4.223227752639521,-0.2082315130931477,4.223227752639521
2010-08-12,3.937007874015748,-0.1406150606623326,3.937007874015748
2010-08-13,-1.969696969696968,-0.1807735062105341,1.969696969696968
2010-08-16,3.863987635239567,-0.2135568832049706,3.863987635239567
2010-08-17,-1.4880952380952328,-0.1828309384862201,1.4880952380952328
2010-08-18,-2.1148036253776388,-0.1477062469922993,2.1148036253776388
2010-08-19,-1.8518518518518536,-0.1740172032707521,1.8518518518518536
2010-08-20,-1.0220125786163583,-0.2255789548789787,1.0220125786163583
2010-08-23,-4.686258935663224,-0.2426866107841518,4.686258935663224
2010-08-24,-1.3333333333333346,-0.3234129508077991,1.3333333333333346
2010-08-25,4.5608108108108185,-0.3708237345810274,4.5608108108108185
2010-08-26,-4.038772213247173,-0.3145028343673544,4.038772213247173
2010-08-27,1.346801346801333,-0.3513845581388022,1.346801346801333
2010-08-30,-5.481727574750817,-0.3788215363672007,5.481727574750817
2010-08-31,1.054481546572928,-0.4182461494151095,1.054481546572928
2010-09-01,1.217391304347831,-0.4086452605751973,1.217391304347831
2010-09-02,3.951890034364253,-0.4163742285577043,3.951890034364253
2010-09-03,-0.1652892561983436,-0.4273473147718657,0.1652892561983436
2010-09-07,-1.3245033112582794,-0.4460437089655357,1.3245033112582794
2010-09-08,-0.2516778523489879,-0.4333151187652476,0.2516778523489879
2010-09-09,-1.093355761143825,-0.4314830535673605,1.093355761143825
2010-09-10,0.1700680272108807,-0.4470068985106138,0.1700680272108807
2010-09-13,4.584040747028871,-0.4525467095527991,4.584040747028871
2010-09-14,1.4610389610389587,-0.3728356398254305,1.4610389610389587
2010-09-15,-0.6400000000000006,-0.3748486684568817,0.6400000000000006
2010-09-16,0.0,-0.3817474760704721,0.0
2010-09-17,-0.8051529790660197,-0.3783253418489605,0.8051529790660197
2010-09-20,-0.974025974025982,-0.3741712080084182,0.974025974025982
2010-09-21,0.327868852459024,-0.3835534951914519,0.327868852459024
2010-09-22,1.3071895424836613,-0.3713571396261361,1.3071895424836613
2010-09-23,6.451612903225797,-0.3162921401360388,6.451612903225797
2010-09-24,4.848484848484853,-0.2297207435791584,4.848484848484853
2010-09-27,2.0231213872832323,-0.1305867427625256,2.0231213872832323
2010-09-28,-2.691218130311608,-0.1149643767837768,2.691218130311608
2010-09-29,7.569141193595335,-0.1359323973004179,7.569141193595335
2010-09-30,-2.5710419485791545,-0.1028687742952181,2.5710419485791545
2010-10-01,-2.3611111111111103,-0.1272828696512208,2.3611111111111103
2010-10-04,0.1422475106685602,-0.1777497644434066,0.1422475106685602
2010-10-05,-0.4261363636363671,-0.1930046536137403,0.4261363636363671
2010-10-06,-1.7118402282453653,-0.1773761117123193,1.7118402282453653
2010-10-07,-0.290275761973869,-0.1667204239275422,0.290275761973869
2010-10-08,3.347889374090241,-0.1818804264622759,3.347889374090241
2010-10-11,2.2535211267605657,-0.0960465240007367,2.2535211267605657
2010-10-12,2.617079889807168,-0.0779491091791609,2.617079889807168
2010-10-13,-2.9530201342281845,-0.0235975823907561,2.9530201342281845
2010-10-14,1.7980636237897634,-0.0907656230419028,1.7980636237897634
2010-10-15,-3.3967391304347823,-0.0208125925448349,3.3967391304347823
2010-10-18,-3.5161744022503516,-0.1022543543013769,3.5161744022503516
2010-10-19,1.7492711370262406,-0.1532163035219527,1.7492711370262406
2010-10-20,-1.575931232091695,-0.1691215387913131,1.575931232091695
2010-10-21,-0.1455604075691381,-0.1594409747233248,0.1455604075691381
2010-10-22,1.457725947521861,-0.1133798217463235,1.457725947521861
2010-10-25,3.4482758620689684,-0.1376026758048477,3.4482758620689684
2010-10-26,-0.4166666666666701,-0.0808441412677165,0.4166666666666701
2010-10-27,2.649930264993032,-0.0579968537614588,2.649930264993032
2010-10-28,3.3967391304347823,0.0324038110737463,3.3967391304347823
2010-10-29,-1.708278580814716,0.0443618502048704,1.708278580814716
2010-11-01,-0.9358288770053512,0.0444680004191677,0.9358288770053512
2010-11-02,1.4844804318488452,0.0304918663806975,1.4844804318488452
2010-11-03,2.5265957446808565,-0.0104741937703957,2.5265957446808565
2010-11-04,4.150453955901419,0.0089931513873118,4.150453955901419
2010-11-05,0.0,0.0101767641542953,0.0
2010-11-08,2.3661270236612864,-0.0258413296399847,2.3661270236612864
2010-11-09,-4.014598540145998,0.0144743170732838,4.014598540145998
2010-11-10,-4.182509505703423,-0.0394805551359368,4.182509505703423
2010-11-11,0.3968253968254001,-0.0448410801861936,0.3968253968254001
2010-11-12,2.108036890645588,-0.0265254540163327,2.108036890645588
2010-11-15,-3.354838709677417,0.017154776554884,3.354838709677417
2010-11-16,-2.26969292389853,0.0167157400518241,2.26969292389853
2010-11-17,1.5027322404371506,0.0070149517924729,1.5027322404371506
2010-11-18,-0.9421265141318896,0.0440990171268819,0.9421265141318896
2010-11-19,1.0869565217391313,0.0729401061950562,1.0869565217391313
2010-11-22,-1.612903225806453,0.1147732022219123,1.612903225806453
2010-11-23,0.8196721311475356,0.0849927281833309,0.8196721311475356
2010-11-24,2.9810298102980997,0.1079476775928524,2.9810298102980997
2010-11-26,-1.7105263157894723,0.1527280700161386,1.7105263157894723
2010-11-29,-2.4096385542168637,0.0837277324417714,2.4096385542168637
2010-11-30,1.6460905349794253,0.0833468805004264,1.6460905349794253
2010-12-01,2.0242914979757014,0.0891055135514215,2.0242914979757014
2010-12-02,-0.3968253968253883,0.0834448403200001,0.3968253968253883
2010-12-03,1.5936254980079696,0.0634849045305436,1.5936254980079696
2010-12-06,3.3986928104575136,0.1220262334852477,3.3986928104575136
2010-12-07,0.884955752212393,0.1803580617897645,0.884955752212393
2010-12-08,2.8822055137844664,0.1750467020407479,2.8822055137844664
2010-12-09,-2.5578562728380128,0.2207737329093133,2.5578562728380128
2010-12-10,1.6250000000000098,0.1401806241602326,1.6250000000000098
2010-12-13,1.2300123001229968,0.169362954294851,1.2300123001229968
2010-12-14,-2.794653705953833,0.1690581331330784,2.794653705953833
2010-12-15,0.1249999999999973,0.1084196056396251,0.1249999999999973
2010-12-16,0.4993757802746682,0.064918293907431,0.4993757802746682
2010-12-17,0.4968944099378776,0.0828061873304769,0.4968944099378776
2010-12-20,2.224969097651418,0.1142716065804275,2.224969097651418
2010-12-21,-1.2091898428053165,0.1765450586662971,1.2091898428053165
2010-12-22,-1.5911872705018455,0.1637965972625505,1.5911872705018455
2010-12-23,-0.4975124378109347,0.1541491540061633,0.4975124378109347
2010-12-27,0.8750000000000036,0.1693980669839402,0.8750000000000036
2010-12-28,0.3717472118959028,0.1944636124763961,0.3717472118959028
2010-12-29,0.0,0.2064137221169839,0.0
2010-12-30,0.4938271604938385,0.2110667677230914,0.4938271604938385
2010-12-31,3.685503685503672,0.2388489183966358,3.685503685503672
2011-01-03,1.4218009478673104,0.3180420500413899,1.4218009478673104
2011-01-04,2.102803738317754,0.3592310913544234,2.102803738317754
2011-01-05,2.0594965675057173,0.3609701384267702,2.0594965675057173
2011-01-06,-2.1300448430493217,0.4046318032376853,2.1300448430493217
2011-01-07,3.66552119129439,0.3407072778868583,3.66552119129439
2011-01-10,-3.093922651933714,0.4027117592503585,3.093922651933714
2011-01-11,-4.104903078677303,0.3655522553551987,4.104903078677303
2011-01-12,0.3567181926278164,0.3626274453907544,0.3567181926278164
2011-01-13,-1.4218009478672895,0.3698993294139203,1.4218009478672895
2011-01-14,-1.4423076923077045,0.3797169508865045,1.4423076923077045
2011-01-18,-0.8536585365853477,0.3710300416271764,0.8536585365853477
2011-01-19,-3.075030750307514,0.3246662087954338,3.075030750307514
2011-01-20,3.299492385786811,0.3163413394886817,3.299492385786811
2011-01-21,-7.493857493857496,0.3488060171945568,7.493857493857496
2011-01-24,1.726427622841964,0.2858072442281117,1.726427622841964
2011-01-25,-2.219321148825064,0.284676187868606,2.219321148825064
2011-01-26,1.6021361815754354,0.2390986544488623,1.6021361815754354
2011-01-27,1.9710906701708208,0.2076956877197536,1.9710906701708208
2011-01-28,-2.706185567010309,0.2365868377737168,2.706185567010309
2011-01-31,7.284768211920528,0.2258364484730029,7.284768211920528
2011-02-01,0.7407407407407469,0.3079159215614758,0.7407407407407469
2011-02-02,2.450980392156854,0.3429501427461736,2.450980392156854
2011-02-03,-0.4784688995215209,0.3251808148228048,0.4784688995215209
2011-02-04,1.8028846153846196,0.2934600048579826,1.8028846153846196
2011-02-07,-2.24321133412044,0.299990045991416,2.24321133412044
2011-02-08,-1.2077294685990296,0.2912600509183004,1.2077294685990296
2011-02-09,-0.9779951100244508,0.3155432045993915,0.9779951100244508
2011-02-10,0.7407407407407469,0.3047245593331166,0.7407407407407469
2011-02-11,1.225490196078427,0.3131253616340374,1.225490196078427
2011-02-14,4.1162227602905554,0.3224036363557575,4.1162227602905554
2011-02-15,0.5813953488372176,0.3512622470952894,0.5813953488372176
2011-02-16,3.5838150289017396,0.3204599982698347,3.5838150289017396
2011-02-17,6.249999999999985,0.3186071197648742,6.249999999999985
2011-02-18,-6.72268907563024,0.3188484493980167,6.72268907563024
2011-02-22,-1.126126126126142,0.2706213548625824,1.126126126126142
2011-02-23,-2.1640091116173066,0.2014817095701296,2.1640091116173066
2011-02-24,7.683352735739233,0.1998612092045361,7.683352735739233
2011-02-25,0.9729729729729716,0.3332739618195355,0.9729729729729716
2011-02-28,-0.7494646680942215,0.3338061582359168,0.7494646680942215
2011-03-01,-2.373247033441196,0.3425358410769258,2.373247033441196
2011-03-02,2.8729281767955777,0.3527649840350309,2.8729281767955777
2011-03-03,0.214822771213744,0.3452512518302765,0.214822771213744
2011-03-04,-1.5005359056806062,0.3310673026817647,1.5005359056806062
2011-03-07,-3.373231773667015,0.2960040275280587,3.373231773667015
2011-03-08,0.6756756756756612,0.2666763988376138,0.6756756756756612
2011-03-09,-4.586129753914991,0.2898555569029959,4.586129753914991
2011-03-10,-3.165298944900347,0.2335461863644845,3.165298944900347
2011-03-11,3.631961259079912,0.2415834937105273,3.631961259079912
2011-03-14,-6.6588785046729,0.3277200300272695,6.6588785046729
2011-03-15,3.629536921151428,0.2761920533365782,3.629536921151428
2011-03-16,0.1207729468599008,0.3107720416356968,0.1207729468599008
2011-03-17,1.9300361881785304,0.3000016029700654,1.9300361881785304
2011-03-18,3.313609467455635,0.2834296899812245,3.313609467455635
2011-03-21,-2.176403207331057,0.2793121832297509,2.176403207331057
2011-03-22,-2.107728337236531,0.2532892743902326,2.107728337236531
2011-03-23,3.588516746411492,0.2119461596542398,3.588516746411492
2011-03-24,1.385681293302531,0.202263753693765,1.385681293302531
2011-03-25,1.2528473804100366,0.2385659582898108,1.2528473804100366
2011-03-28,-2.249718785151868,0.2612766648341894,2.249718785151868
2011-03-29,0.5753739930955203,0.2180492954919161,0.5753739930955203
2011-03-30,0.2860411899313542,0.2040313031562498,0.2860411899313542
2011-03-31,-1.7683970336566015,0.164592814329226,1.7683970336566015
2011-04-01,-2.4390243902438917,0.1412863073259861,2.4390243902438917
2011-04-04,-2.023809523809523,0.1075439460248772,2.023809523809523
2011-04-05,-0.1215066828675551,0.093825854823706,0.1215066828675551
2011-04-06,3.1630170316301673,0.13054884657095,3.1630170316301673
2011-04-07,-0.1179245283018842,0.1713309594699674,0.1179245283018842
2011-04-08,-0.1180637544273882,0.1543733893094998,0.1180637544273882
2011-04-11,-1.3002364066193994,0.2027704601895476,1.3002364066193994
2011-04-12,0.0,0.2271994756377621,0.0
2011-04-13,-2.5149700598802287,0.1979389673020314,2.5149700598802287
2011-04-14,0.7371007371007213,0.1739166454300646,0.7371007371007213
2011-04-15,-1.0975609756097544,0.162713536161253,1.0975609756097544
2011-04-18,1.233045622688057,0.1675640869551003,1.233045622688057
2011-04-19,3.2886723507917117,0.1658879170142337,3.2886723507917117
2011-04-20,2.94811320754717,0.1682052322315025,2.94811320754717
2011-04-21,-0.6872852233677033,0.2160155321357786,0.6872852233677033
2011-04-25,0.3460207612456674,0.2703930271133307,0.3460207612456674
2011-04-26,1.8390804597701167,0.2540969266440295,1.8390804597701167
2011-04-27,0.2257336343115276,0.2511483177910924,0.2257336343115276
2011-04-28,1.8018018018017832,0.2603193094105788,1.8018018018017832
2011-04-29,1.3274336283185952,0.2664134897618648,1.3274336283185952
2011-05-02,-1.746724890829696,0.2593481916854343,1.746724890829696
2011-05-03,-2.55555555555556,0.211382678975204,2.55555555555556
2011-05-04,-1.0262257696693258,0.137492039415963,1.0262257696693258
2011-05-05,3.686635944700464,0.1648335201841044,3.686635944700464
2011-05-06,-0.7777777777777809,0.1917040630693321,0.7777777777777809
2011-05-09,-2.0156774916013407,0.1792181368168321,2.0156774916013407
2011-05-10,1.6000000000000063,0.2111052363006056,1.6000000000000063
2011-05-11,-1.2373453318335343,0.2149150674577666,1.2373453318335343
2011-05-12,1.5945330296127629,0.1879092917068154,1.5945330296127629
2011-05-13,-1.6816143497757887,0.1941625685020702,1.6816143497757887
2011-05-16,-1.7103762827822162,0.1475411208614879,1.7103762827822162
2011-05-17,-1.0440835266821331,0.1465846840898276,1.0440835266821331
2011-05-18,1.0550996483001156,0.1504446031428498,1.0550996483001156
2011-05-19,-0.4640371229698277,0.1558981192787254,0.4640371229698277
2011-05-20,-1.0489510489510472,0.106361944487029,1.0489510489510472
2011-05-23,0.7067137809187337,0.0579024199501052,0.7067137809187337
2011-05-24,-2.105263157894754,0.0553198641035944,2.105263157894754
2011-05-25,0.955794504181602,0.003412322165919,0.955794504181602
2011-05-26,0.9467455621301784,0.0024350506223666,0.9467455621301784
2011-05-27,0.3516998827667191,0.0145682160263954,0.3516998827667191
2011-05-31,1.051401869158877,0.0129243211117161,1.051401869158877
2011-06-01,-3.005780346820807,0.0303316824187061,3.005780346820807
2011-06-02,-3.5756853396901156,-0.0177625701256112,3.5756853396901156
2011-06-03,-1.4833127317676156,-0.0942075111961577,1.4833127317676156
2011-06-06,-1.2547051442910873,-0.1028555244652761,1.2547051442910873
2011-06-07,-1.9059720457433336,-0.0988533338812837,1.9059720457433336
2011-06-08,-0.906735751295329,-0.1407819461057139,0.906735751295329
2011-06-09,-0.261437908496738,-0.1594447572893904,0.261437908496738
2011-06-10,-0.3931847968545249,-0.1684222381730199,0.3931847968545249
2011-06-13,0.9210526315789512,-0.1843979236051776,0.9210526315789512
2011-06-14,-1.1734028683181208,-0.1560989956723447,1.1734028683181208
2011-06-15,0.9234828496042252,-0.1953268532472803,0.9234828496042252
2011-06-16,-4.70588235294118,-0.1023724714369696,4.70588235294118
2011-06-17,-4.526748971193417,-0.1810619160554256,4.526748971193417
2011-06-20,0.2873563218390871,-0.1226207416709802,0.2873563218390871
2011-06-21,2.435530085959884,-0.1509118058787514,2.435530085959884
2011-06-22,-2.3776223776223766,-0.1392013746436639,2.3776223776223766
2011-06-23,0.5730659025787843,-0.1600298924116157,0.5730659025787843
2011-06-24,-1.566951566951559,-0.1915699930558609,1.566951566951559
2011-06-27,0.5788712011577429,-0.2164696531899239,0.5788712011577429
2011-06-28,0.7194244604316521,-0.2325781258141401,0.7194244604316521
2011-06-29,-1.000000000000004,-0.2197685693072685,1.000000000000004
2011-06-30,0.865800865800873,-0.2418486850583875,0.865800865800873
2011-07-01,1.716738197424894,-0.2217248082075362,1.716738197424894
2011-07-05,-0.1406469760900235,-0.2052342335071386,0.1406469760900235
2011-07-06,-0.2816901408450644,-0.2283779674246534,0.2816901408450644
2011-07-07,-0.2824858757062212,-0.2390683159932966,0.2824858757062212
2011-07-08,-3.6827195467422063,-0.2496990787006564,3.6827195467422063
2011-07-11,-1.1764705882352953,-0.3027394663074726,1.1764705882352953
2011-07-12,-3.422619047619041,-0.3198568462038241,3.422619047619041
2011-07-13,-0.6163328197226507,-0.366621958348358,0.6163328197226507
2011-07-14,0.0,-0.3968585615277911,0.0
2011-07-15,-1.240310077519381,-0.3694933946428438,1.240310077519381
2011-07-18,-1.2558869701726856,-0.3806273839936033,1.2558869701726856
2011-07-19,4.29252782193958,-0.3872181689268367,4.29252782193958
2011-07-20,0.4573170731707355,-0.2939366943889024,0.4573170731707355
2011-07-21,7.587253414264037,-0.3008455261393934,7.587253414264037
2011-07-22,7.4753173483780015,-0.2807734949348732,7.4753173483780015
2011-07-25,0.6561679790026224,-0.2662785972633069,0.6561679790026224
2011-07-26,-0.9126466753585436,-0.282936340268108,0.9126466753585436
2011-07-27,-1.315789473684206,-0.2725024102806409,1.315789473684206
2011-07-28,-2.3999999999999964,-0.2609825087943406,2.3999999999999964
2011-07-29,3.0054644808743136,-0.2652262472555619,3.0054644808743136
2011-08-01,-4.774535809018571,-0.2222974165066548,4.774535809018571
2011-08-02,-1.6713091922005587,-0.2387310423294986,1.6713091922005587
2011-08-03,-0.1416430594900819,-0.2420422317329413,0.1416430594900819
2011-08-04,-6.5248226950354615,-0.2599968822305664,6.5248226950354615
2011-08-05,-8.497723823975715,-0.2196606210168804,8.497723823975715
2011-08-08,0.8291873963515725,-0.2530333721480989,0.8291873963515725
2011-08-09,-7.401315789473687,-0.2656237481573837,7.401315789473687
2011-08-10,5.328596802841915,-0.2867381082162756,5.328596802841915
2011-08-11,6.408094435075883,-0.3082803966255218,6.408094435075883
2011-08-12,-0.4754358161648076,-0.2794452617101552,0.4754358161648076
2011-08-15,1.2738853503184724,-0.2632302961923443,1.2738853503184724
2011-08-16,0.7861635220125758,-0.3011087287975198,0.7861635220125758
2011-08-17,-7.956318252730106,-0.3150335920800614,7.956318252730106
2011-08-18,-3.0508474576271287,-0.3351285948751054,3.0508474576271287
2011-08-19,7.167832167832171,-0.3014599217461983,7.167832167832171
2011-08-22,-0.8156606851549727,-0.303137352022577,0.8156606851549727
2011-08-23,6.907894736842104,-0.3105841734130293,6.907894736842104
2011-08-24,-2.7692307692307647,-0.2740617579653741,2.7692307692307647
2011-08-25,-0.3164556962025389,-0.2292946787573527,0.3164556962025389
2011-08-26,4.444444444444448,-0.1892101491396491,4.444444444444448
2011-08-29,2.735562310030391,-0.191126664507207,2.735562310030391
2011-08-30,1.183431952662723,-0.2505235661523949,1.183431952662723
2011-08-31,-0.1461988304093536,-0.2786678425206823,0.1461988304093536
2011-09-01,-7.0278184480234325,-0.2888670675607714,7.0278184480234325
2011-09-02,-4.094488188976375,-0.2569961981530762,4.094488188976375
2011-09-06,6.732348111658459,-0.2836533198233935,6.732348111658459
2011-09-07,3.3846153846153806,-0.1996430534658567,3.3846153846153806
2011-09-08,-0.4464285714285619,-0.2150926315941683,0.4464285714285619
2011-09-09,-4.334828101644246,-0.2104972849913544,4.334828101644246
2011-09-12,5.781249999999988,-0.2584532532333395,5.781249999999988
2011-09-13,3.6927621861152145,-0.2595507887074273,3.6927621861152145
2011-09-14,3.988603988603992,-0.2961017356079012,3.988603988603992
2011-09-15,1.0958904109589052,-0.2836294788955031,1.0958904109589052
2011-09-16,-5.691056910569105,-0.2980131373733087,5.691056910569105
2011-09-19,0.0,-0.3558397231387555,0.0
2011-09-20,-2.2988505747126458,-0.371868809993515,2.2988505747126458
2011-09-21,-8.235294117647053,-0.4161938798866862,8.235294117647053
2011-09-22,-3.685897435897443,-0.472402104376731,3.685897435897443
2011-09-23,5.9900166389351135,-0.4603849077407988,5.9900166389351135
2011-09-26,3.139717425431714,-0.389756555140438,3.139717425431714
2011-09-27,-0.9132420091324276,-0.3776601408342623,0.9132420091324276
2011-09-28,-15.668202764976952,-0.4766545075160809,15.668202764976952
2011-09-29,-4.73588342440801,-0.5217007646662436,4.73588342440801
2011-09-30,-3.82409177820268,-0.4844792061288603,3.82409177820268
2011-10-03,-12.127236580516904,-0.5512038464612223,12.127236580516904
2011-10-04,5.203619909502272,-0.5550351692249539,5.203619909502272
2011-10-05,5.591397849462361,-0.6124682558614597,5.591397849462361
2011-10-06,0.6109979633401272,-0.5648782066212774,0.6109979633401272
2011-10-07,-1.8218623481781528,-0.5227962046849022,1.8218623481781528
2011-10-10,0.2061855670103232,-0.507039381777184,0.2061855670103232
2011-10-11,1.6460905349794253,-0.5508722462978083,1.6460905349794253
2011-10-12,0.0,-0.5428113535686498,0.0
2011-10-13,2.024291497975701,-0.5218339006883698,2.024291497975701
2011-10-14,-2.7777777777777715,-0.543476048001604,2.7777777777777715
2011-10-17,-4.48979591836736,-0.5011398740354138,4.48979591836736
2011-10-18,4.700854700854715,-0.5508338086712243,4.700854700854715
2011-10-19,-3.673469387755114,-0.539747528942494,3.673469387755114
2011-10-20,-1.4830508474576145,-0.5770109873924011,1.4830508474576145
2011-10-21,1.9354838709677389,-0.6222135272669032,1.9354838709677389
2011-10-24,5.485232067510544,-0.5544011918658769,5.485232067510544
2011-10-25,-0.1999999999999957,-0.4567551477567507,0.1999999999999957
2011-10-26,5.6112224448897665,-0.4281830712968574,5.6112224448897665
2011-10-27,10.62618595825428,-0.3758534305373177,10.62618595825428
2011-10-28,0.1715265866209225,-0.28514800753557,0.1715265866209225
2011-10-31,-4.7945205479452095,-0.2658806729863772,4.7945205479452095
2011-11-01,-1.9784172661870405,-0.2883054295992181,1.9784172661870405
2011-11-02,1.467889908256882,-0.2929431287478686,1.467889908256882
2011-11-03,1.4466546112115743,-0.3049225668738198,1.4466546112115743
2011-11-04,1.069518716577533,-0.2737587447550554,1.069518716577533
2011-11-07,0.8818342151675453,-0.283994200378016,0.8818342151675453
2011-11-08,-2.9720279720279708,-0.1950882878534495,2.9720279720279708
2011-11-09,-1.081081081081074,-0.1235366151417943,1.081081081081074
2011-11-10,3.6429872495446296,-0.1380733760923143,3.6429872495446296
2011-11-11,4.217926186291728,-0.1638657177726904,4.217926186291728
2011-11-14,-3.2040472175379344,-0.0852603053379374,3.2040472175379344
2011-11-15,-0.5226480836236977,-0.1200570281026467,0.5226480836236977
2011-11-16,0.0,-0.0937954355874616,0.0
2011-11-17,-4.028021015761813,-0.1041489507563259,4.028021015761813
2011-11-18,-2.5547445255474552,-0.1514451855015385,2.5547445255474552
2011-11-21,0.5617977528089935,-0.1583463431824329,0.5617977528089935
2011-11-22,-2.7932960893854815,-0.1678833940344074,2.7932960893854815
2011-11-23,-3.63984674329501,-0.190020926046205,3.63984674329501
2011-11-25,4.174950298210734,-0.2354481155229893,4.174950298210734
2011-11-28,1.717557251908394,-0.1822330283393595,1.717557251908394
2011-11-29,3.0018761726078824,-0.158986693324255,3.0018761726078824
2011-11-30,2.185792349726778,-0.0778690691791211,2.185792349726778
2011-12-01,2.852049910873427,-0.0367093858341872,2.852049910873427
2011-12-02,-0.3466204506065784,0.0404139309524825,0.3466204506065784
2011-12-05,-0.1739130434782571,0.0467993023495874,0.1739130434782571
2011-12-06,-2.439024390243912,0.0471105884022527,2.439024390243912
2011-12-07,0.714285714285715,0.0278597797925388,0.714285714285715
2011-12-08,-2.659574468085097,0.0331339856009767,2.659574468085097
2011-12-09,-2.0036429872495503,-0.0559896334811823,2.0036429872495503
2011-12-12,-0.9293680297397736,-0.1050328692595802,0.9293680297397736
2011-12-13,-3.5647279549718647,-0.1764396811268811,3.5647279549718647
2011-12-14,0.0,-0.3155690866321684,0.0
2011-12-15,-1.1673151750972688,-0.3336301974291987,1.1673151750972688
2011-12-16,2.362204724409451,-0.3525186222871922,2.362204724409451
2011-12-19,-4.615384615384619,-0.2597096736064082,4.615384615384619
2011-12-20,3.225806451612906,-0.3459804425405815,3.225806451612906
2011-12-21,0.0,-0.2721354344147974,0.0
2011-12-22,7.226562500000003,-0.249616321408032,7.226562500000003
2011-12-23,-1.6393442622950791,-0.0845776325157682,1.6393442622950791
2011-12-27,-0.1851851851851976,-0.0916146698026625,0.1851851851851976
2011-12-28,-1.4842300556586283,-0.0702880586627696,1.4842300556586283
2011-12-29,0.564971751412434,-0.0263720155724762,0.564971751412434
2011-12-30,3.558052434456936,-0.0392698660192675,3.558052434456936
2012-01-03,-1.084990958408689,0.0787619127522145,1.084990958408689
2012-01-04,-0.3656307129798825,0.0342721262220146,0.3656307129798825
2012-01-05,-0.1834862385321062,-0.0052733219075618,0.1834862385321062
2012-01-06,-0.3676470588235379,-0.0323179002019878,0.3676470588235379
2012-01-09,4.428044280442808,-0.0496109519779232,4.428044280442808
2012-01-10,0.3533568904593564,0.0341756081719372,0.3533568904593564
2012-01-11,2.6408450704225417,0.0752576917760186,2.6408450704225417
2012-01-12,-1.2006861063464886,0.1380219971024621,1.2006861063464886
2012-01-13,0.1736111111111074,0.0728032780108302,0.1736111111111074
2012-01-17,-0.6932409012131568,0.0884703366467774,0.6932409012131568
2012-01-18,5.061082024432794,0.0339240094944987,5.061082024432794
2012-01-19,3.3222591362126277,0.1324747599810543,3.3222591362126277
2012-01-20,3.215434083601289,0.2008148361237193,3.215434083601289
2012-01-23,0.7788161993769442,0.2355223930973354,0.7788161993769442
2012-01-24,-2.936630602782063,0.2522465406475824,2.936630602782063
2012-01-25,7.1656050955414035,0.2010459746622012,7.1656050955414035
2012-01-26,-0.1485884101040219,0.2935277758544158,0.1485884101040219
2012-01-27,0.1488095238095338,0.3245951894069246,0.1488095238095338
2012-01-30,0.8915304606240655,0.3528472024425365,0.8915304606240655
2012-01-31,0.5891016200294557,0.3396758110373943,0.5891016200294557
2012-02-01,1.0248901903367538,0.3457275842989915,1.0248901903367538
2012-02-02,1.739130434782597,0.3790451929112857,1.739130434782597
2012-02-03,0.0,0.4354936928407925,0.0
2012-02-06,-0.8547008547008492,0.4199284412612751,0.8547008547008492
2012-02-07,2.58620689655172,0.3909291071255831,2.58620689655172
2012-02-08,2.2408963585434196,0.4241089100243117,2.2408963585434196
2012-02-09,-3.013698630136983,0.4658941622549882,3.013698630136983
2012-02-10,2.2598870056497193,0.395878857855644,2.2598870056497193
2012-02-13,0.0,0.4362435909794025,0.0
2012-02-14,1.933701657458559,0.4457417960229906,1.933701657458559
2012-02-15,-1.084010840108402,0.5003037288055524,1.084010840108402
2012-02-16,4.931506849315072,0.4850676883683311,4.931506849315072
2012-02-17,-2.872062663185375,0.5141627614711872,2.872062663185375
2012-02-21,-2.6881720430107547,0.4492902880579369,2.6881720430107547
2012-02-22,-1.795580110497236,0.4345741609771218,1.795580110497236
2012-02-23,4.36005625879043,0.4736122378542048,4.36005625879043
2012-02-24,-0.2695417789757355,0.5073060500284262,0.2695417789757355
2012-02-27,0.6756756756756732,0.4549426573060887,0.6756756756756732
2012-02-28,0.9395973154362336,0.5484976774114614,0.9395973154362336
2012-02-29,-0.6648936170212743,0.5314208264853183,0.6648936170212743
2012-03-01,0.4016064257028146,0.4724752200531705,0.4016064257028146
2012-03-02,-2.000000000000005,0.4763752417022513,2.000000000000005
2012-03-05,-5.986394557823123,0.4674645090623019,5.986394557823123
2012-03-06,1.3024602026049183,0.4178046321050236,1.3024602026049183
2012-03-07,3.4285714285714315,0.391578814107265,3.4285714285714315
2012-03-08,4.419889502762422,0.4310182126787362,4.419889502762422
2012-03-09,-0.1322751322751294,0.4671586009200168,0.1322751322751294
2012-03-12,0.132450331125825,0.4785909644644611,0.132450331125825
2012-03-13,2.5132275132275184,0.5037880994435303,2.5132275132275184
2012-03-14,2.709677419354838,0.5033581417092773,2.709677419354838
2012-03-15,4.396984924623123,0.5533627410282929,4.396984924623123
2012-03-16,-1.4440433212996509,0.6018647833899506,1.4440433212996509
2012-03-19,-1.709401709401695,0.5629106327478529,1.709401709401695
2012-03-20,0.4968944099378776,0.5076600149442534,0.4968944099378776
2012-03-21,-1.4833127317676156,0.5021194693704858,1.4833127317676156
2012-03-22,1.0037641154328854,0.4428518533595831,1.0037641154328854
2012-03-23,1.3664596273291854,0.3572935391164207,1.3664596273291854
2012-03-26,1.1029411764705863,0.3722693833002348,1.1029411764705863
2012-03-27,-0.9696969696969706,0.4259387880241606,0.9696969696969706
2012-03-28,-2.325581395348831,0.4367162892117394,2.325581395348831
2012-03-29,2.506265664160392,0.398565765423855,2.506265664160392
2012-03-30,-1.833740831295848,0.4091935313283815,1.833740831295848
2012-04-02,0.7471980074719863,0.3966398923141801,0.7471980074719863
2012-04-03,-2.4721878862793596,0.4032320376158169,2.4721878862793596
2012-04-04,-3.5487959442331984,0.3936476562642302,3.5487959442331984
2012-04-05,1.3140604467805472,0.360217695830102,1.3140604467805472
2012-04-09,0.2594033722438452,0.3430878393681556,0.2594033722438452
2012-04-10,-1.1642949547218724,0.307536984908127,1.1642949547218724
2012-04-11,2.6178010471204214,0.3167314369661694,2.6178010471204214
2012-04-12,0.1275510204081605,0.355474216938516,0.1275510204081605
2012-04-13,-0.6369426751592334,0.3571776235939055,0.6369426751592334
2012-04-16,0.3846153846153878,0.3808013380259201,0.3846153846153878
2012-04-17,-0.2554278416347441,0.4050370115137093,0.2554278416347441
2012-04-18,2.5608194622279155,0.3919612083346904,2.5608194622279155
2012-04-19,1.8726591760299671,0.457025971143628,1.8726591760299671
2012-04-20,-6.985294117647062,0.5106928325719939,6.985294117647062
2012-04-23,-1.9762845849802304,0.4028476002758068,1.9762845849802304
2012-04-24,-0.2688172043010814,0.3649415157869242,0.2688172043010814
2012-04-25,-0.943396226415098,0.3317975372972834,0.943396226415098
2012-04-26,1.2244897959183776,0.3007001152373393,1.2244897959183776
2012-04-27,-1.8817204301075343,0.2843398771602365,1.8817204301075343
2012-04-30,0.5479452054794526,0.2690284587802177,0.5479452054794526
2012-05-01,2.316076294277928,0.2766197669245873,2.316076294277928
2012-05-02,0.7989347536617909,0.323712757025525,0.7989347536617909
2012-05-03,-2.9062087186261643,0.3023621862575624,2.9062087186261643
2012-05-04,-2.9931972789115613,0.322240297679996,2.9931972789115613
2012-05-07,-0.4207573632538604,0.2821626987891837,0.4207573632538604
2012-05-08,-2.8169014084506943,0.2737912238029935,2.8169014084506943
2012-05-09,-4.637681159420294,0.2816656214694596,4.637681159420294
2012-05-10,2.279635258358668,0.2521538379737035,2.279635258358668
2012-05-11,-0.594353640416048,0.2867736633154282,0.594353640416048
2012-05-14,1.046337817638257,0.2592032996118787,1.046337817638257
2012-05-15,-1.4792899408283973,0.3066258843314807,1.4792899408283973
2012-05-16,-4.204204204204208,0.2534992049847678,4.204204204204208
2012-05-17,-2.9780564263322806,0.2415620618847543,2.9780564263322806
2012-05-18,-1.4539579967689942,0.152674165405939,1.4539579967689942
2012-05-21,1.1475409836065622,0.1553821492085295,1.1475409836065622
2012-05-22,-3.07941653160453,0.1663363924371659,3.07941653160453
2012-05-23,1.839464882943134,0.1504220848853837,1.839464882943134
2012-05-24,-1.1494252873563264,0.1605924311180494,1.1494252873563264
2012-05-25,3.48837209302327,0.1141579419851119,3.48837209302327
2012-05-29,1.92616372391652,0.1596462076933117,1.92616372391652
2012-05-30,-3.6220472440944818,0.1821736325507144,3.6220472440944818
2012-05-31,-3.594771241830061,0.1470629459471372,3.594771241830061
2012-06-01,-2.372881355932213,0.0801791442199114,2.372881355932213
2012-06-04,-1.736111111111105,0.0765910193247599,1.736111111111105
2012-06-05,4.41696113074205,0.0264710991447407,4.41696113074205
2012-06-06,3.2148900169204655,0.0445251680413271,3.2148900169204655
2012-06-07,-6.065573770491791,0.0656753351317767,6.065573770491791
2012-06-08,4.886561954624771,0.0028120324226869,4.886561954624771
2012-06-11,-4.159733777038269,0.1176258984005474,4.159733777038269
2012-06-12,2.256944444444443,0.0811397259347548,2.256944444444443
2012-06-13,-2.3769100169779236,0.0629922771908399,2.3769100169779236
2012-06-14,0.3478260869565143,0.0180009328760535,0.3478260869565143
2012-06-15,1.3864818024263446,0.0324501370992141,1.3864818024263446
2012-06-18,1.3675213675213689,0.0289891399812539,1.3675213675213689
2012-06-19,-1.0118043844856597,-0.0192155245098402,1.0118043844856597
2012-06-20,2.896081771720612,-0.0316631104735626,2.896081771720612
2012-06-21,-4.470198675496697,-0.0132318660824115,4.470198675496697
2012-06-22,-2.253032928942806,-0.0690421007900403,2.253032928942806
2012-06-25,-3.5460992907801296,-0.1081349199661184,3.5460992907801296
2012-06-26,0.5514705882352823,-0.1545548634475564,0.5514705882352823
2012-06-27,-0.3656307129798825,-0.1842643070249545,0.3656307129798825
2012-06-28,2.568807339449535,-0.1856345741344445,2.568807339449535
2012-06-29,2.8622540250447255,-0.1530619709364298,2.8622540250447255
2012-07-02,0.5217391304347869,-0.1524445339184209,0.5217391304347869
2012-07-03,0.3460207612456673,-0.1649797144898516,0.3460207612456673
2012-07-05,0.0,-0.1227924760382659,0.0
2012-07-06,-1.8965517241379213,-0.1415367252968679,1.8965517241379213
2012-07-09,-10.720562390158175,-0.1673692035685548,10.720562390158175
2012-07-10,-1.181102362204734,-0.3047159920329905,1.181102362204734
2012-07-11,-3.386454183266931,-0.3364757630462303,3.386454183266931
2012-07-12,0.824742268041238,-0.3801381994425171,0.824742268041238
2012-07-13,-0.8179959100204507,-0.3402479332908223,0.8179959100204507
2012-07-16,0.0,-0.3627979315126813,0.0
2012-07-17,-0.4123711340206098,-0.3433027413953963,0.4123711340206098
2012-07-18,2.0703933747411933,-0.3418323633472736,2.0703933747411933
2012-07-19,-6.288032454361047,-0.3312250610420387,6.288032454361047
2012-07-20,-10.173160173160166,-0.4381416435260086,10.173160173160166
2012-07-23,0.7228915662650448,-0.3606638426809671,0.7228915662650448
2012-07-24,-1.6746411483253445,-0.4108697596909686,1.6746411483253445
2012-07-25,-1.459854014598552,-0.4275032953348926,1.459854014598552
2012-07-26,0.9876543209876552,-0.3996241057073854,0.9876543209876552
2012-07-27,-0.2444987775061072,-0.3118433052487144,0.2444987775061072
2012-07-30,0.245098039215681,-0.2940320340213543,0.245098039215681
2012-07-31,0.0,-0.2870194093553973,0.0
2012-08-01,-1.4669926650366654,-0.3019066991395587,1.4669926650366654
2012-08-02,-0.4962779156327658,-0.3350786486359859,0.4962779156327658
2012-08-03,2.244389027431418,-0.3280859773545516,2.244389027431418
2012-08-06,-1.463414634146332,-0.3176003312275914,1.463414634146332
2012-08-07,0.2475247524752422,-0.3487584465389837,0.2475247524752422
2012-08-08,8.888888888888896,-0.388437239153741,8.888888888888896
2012-08-09,-4.0816326530612175,-0.5406836518453871,4.0816326530612175
2012-08-10,1.8912529550827228,-0.5415868803709919,1.8912529550827228
2012-08-13,0.0,-0.5474134954146198,0.0
2012-08-14,-4.64037122969836,-0.5311567533693209,4.64037122969836
2012-08-15,1.9464720194647216,-0.5845366705513123,1.9464720194647216
2012-08-16,-0.477326968973758,-0.6011280578092618,0.477326968973758
2012-08-17,-1.6786570743405345,-0.6293817273145283,1.6786570743405345
2012-08-20,0.0,-0.6322342001530701,0.0
2012-08-21,-1.219512195121947,-0.6024685618071105,1.219512195121947
2012-08-22,-1.7283950617283912,-0.653514978173868,1.7283950617283912
2012-08-23,-2.512562814070354,-0.6432512001490699,2.512562814070354
2012-08-24,1.8041237113402135,-0.6794900119408067,1.8041237113402135
2012-08-27,-2.7848101265822867,-0.634259841252048,2.7848101265822867
2012-08-28,-1.0416666666666676,-0.6054539645813427,1.0416666666666676
2012-08-29,-1.315789473684206,-0.6387332542374432,1.315789473684206
2012-08-30,0.5333333333333338,-0.5743587470513223,0.5333333333333338
2012-08-31,-2.1220159151193654,-0.5602062782627977,2.1220159151193654
2012-09-04,-3.2520325203252063,-0.6065174894905564,3.2520325203252063
2012-09-05,-0.5602240896358549,-0.6456296267704796,0.5602240896358549
2012-09-06,1.971830985915501,-0.6548227661999191,1.971830985915501
2012-09-07,-3.591160220994472,-0.6402232003792174,3.591160220994472
2012-09-10,0.8595988538681892,-0.6752620163410858,0.8595988538681892
2012-09-11,8.806818181818183,-0.6948798139290621,8.806818181818183
2012-09-12,-0.2610966057441313,-0.6461896147368015,0.2610966057441313
2012-09-13,3.6649214659685896,-0.6582538416894975,3.6649214659685896
2012-09-14,-1.5151515151515165,-0.6017980626672318,1.5151515151515165
2012-09-17,-5.128205128205121,-0.6112576398999531,5.128205128205121
2012-09-18,-1.081081081081082,-0.64567896261931,1.081081081081082
2012-09-19,-0.5464480874316945,-0.6744194202619589,0.5464480874316945
2012-09-20,-0.2747252747252811,-0.6544868561753077,0.2747252747252811
2012-09-21,-2.479338842975203,-0.6650478293156719,2.479338842975203
2012-09-24,-1.6949152542372896,-0.7219097732450968,1.6949152542372896
2012-09-25,-6.034482758620689,-0.7484037767774446,6.034482758620689
2012-09-26,2.752293577981647,-0.7728962317412583,2.752293577981647
2012-09-27,2.083333333333342,-0.7112816100788915,2.083333333333342
2012-09-28,-1.1661807580174937,-0.6860925415887001,1.1661807580174937
2012-10-01,-2.654867256637177,-0.6649258271645718,2.654867256637177
2012-10-02,-0.6060606060606066,-0.6376269879071501,0.6060606060606066
2012-10-03,-3.353658536585362,-0.6729550711548178,3.353658536585362
2012-10-04,2.2082018927444884,-0.6997890627817964,2.2082018927444884
2012-10-05,-0.9259259259259336,-0.6904970099390323,0.9259259259259336
2012-10-08,-0.9345794392523304,-0.6824453909670463,0.9345794392523304
2012-10-09,1.2578616352201268,-0.6483895124431903,1.2578616352201268
2012-10-10,-0.931677018633548,-0.6050036792079971,0.931677018633548
2012-10-11,-10.3448275862069,-0.5672454865697717,10.3448275862069
2012-10-12,-2.447552447552442,-0.7149465826117871,2.447552447552442
2012-10-15,-0.8960573476702477,-0.709022664582162,0.8960573476702477
2012-10-16,-3.797468354430379,-0.7366077315103317,3.797468354430379
2012-10-17,3.759398496240588,-0.7650484715134066,3.759398496240588
2012-10-18,-7.971014492753615,-0.760164138867143,7.971014492753615
2012-10-19,-12.204724409448822,-0.8587658090076826,12.204724409448822
2012-10-22,-7.623318385650221,-0.7982780390808822,7.623318385650221
2012-10-23,5.3398058252427125,-0.7835921421990842,5.3398058252427125
2012-10-24,-3.225806451612896,-0.7269103659566466,3.225806451612896
2012-10-25,1.4285714285714193,-0.7438333065829801,1.4285714285714193
2012-10-26,0.0,-0.7611887714975639,0.0
2012-10-31,-2.8169014084507067,-0.7772504233271208,2.8169014084507067
2012-11-01,3.864734299516912,-0.7489472239442536,3.864734299516912
2012-11-02,-2.325581395348829,-0.7601447856121928,2.325581395348829
2012-11-05,0.9523809523809532,-0.7317761909086272,0.9523809523809532
2012-11-06,-2.3584905660377484,-0.7486739870425243,2.3584905660377484
2012-11-07,-1.932367149758456,-0.7455594605987663,1.932367149758456
2012-11-08,-1.4778325123152614,-0.7763201945758369,1.4778325123152614
2012-11-09,2.0000000000000018,-0.8101594203428677,2.0000000000000018
2012-11-12,-2.9411764705882377,-0.8041489433989425,2.9411764705882377
2012-11-13,3.030303030303033,-0.8263711813299038,3.030303030303033
2012-11-14,-5.392156862745103,-0.8204258812803212,5.392156862745103
2012-11-15,-3.108808290155432,-0.8233576838985073,3.108808290155432
2012-11-16,1.6042780748662997,-0.8272047683335294,1.6042780748662997
2012-11-19,1.0526315789473697,-0.7788507894996004,1.0526315789473697
2012-11-20,-1.5625000000000016,-0.7741328950740725,1.5625000000000016
2012-11-21,1.5873015873015888,-0.7882633613619355,1.5873015873015888
2012-11-23,2.0833333333333353,-0.7900920597802845,2.0833333333333353
2012-11-26,-4.59183673469387,-0.7975483662589025,4.59183673469387
2012-11-27,0.5347593582887586,-0.8495845430026799,0.5347593582887586
2012-11-28,6.914893617021272,-0.8609510036523601,6.914893617021272
2012-11-29,7.462686567164198,-0.8180335856050029,7.462686567164198
2012-11-30,5.555555555555539,-0.790861445622746,5.555555555555539
2012-12-03,8.771929824561411,-0.6965785965676267,8.771929824561411
2012-12-04,-7.258064516129038,-0.6938876069514278,7.258064516129038
2012-12-05,1.3043478260869674,-0.6797325570416607,1.3043478260869674
2012-12-06,2.145922746781108,-0.68847995247441,2.145922746781108
2012-12-07,-1.260504201680664,-0.6541693565806479,1.260504201680664
2012-12-10,-0.4255319148936268,-0.6583676782197201,0.4255319148936268
2012-12-11,1.2820512820512928,-0.6758985471551044,1.2820512820512928
2012-12-12,1.2658227848101182,-0.6542974787729907,1.2658227848101182
2012-12-13,1.2500000000000104,-0.6442160763937369,1.2500000000000104
2012-12-14,-0.8230452674897126,-0.5389264620462727,0.8230452674897126
2012-12-17,3.73443983402489,-0.5498731725082406,3.73443983402489
2012-12-18,1.999999999999993,-0.4798043194135699,1.999999999999993
2012-12-19,-0.7843137254901968,-0.44473089157129,0.7843137254901968
2012-12-20,-7.905138339920938,-0.4574154340194717,7.905138339920938
2012-12-21,9.012875536480683,-0.5391660274597645,9.012875536480683
2012-12-24,-1.968503937007867,-0.4852686369442419,1.968503937007867
2012-12-26,-2.8112449799196897,-0.4748477352710769,2.8112449799196897
2012-12-27,-4.958677685950418,-0.4796789095984456,4.958677685950418
2012-12-28,-0.4347826086956429,-0.5260026502929622,0.4347826086956429
2012-12-31,11.353711790393003,-0.5635145429198879,11.353711790393003
2013-01-02,-1.1764705882352866,-0.4076591855175575,1.1764705882352866
2013-01-03,-0.3968253968254059,-0.4199757766963774,0.3968253968254059
2013-01-04,3.984063745019924,-0.5284215208061087,3.984063745019924
2013-01-07,4.2145593869731925,-0.440854224483228,4.2145593869731925
2013-01-08,-0.7352941176470594,-0.4388571219348802,0.7352941176470594
2013-01-09,-0.3703703703703789,-0.4240889845392101,0.3703703703703789
2013-01-10,-2.2304832713754665,-0.3657845199217023,2.2304832713754665
2013-01-11,1.9011406844106569,-0.4223642426921152,1.9011406844106569
2013-01-14,-2.238805970149256,-0.3937700356929233,2.238805970149256
2013-01-15,1.908396946564879,-0.3903005668854379,1.908396946564879
2013-01-16,3.3707865168539275,-0.3695881678749373,3.3707865168539275
2013-01-17,-3.985507246376807,-0.3163119109193303,3.985507246376807
2013-01-18,-4.905660377358487,-0.3288117825972406,4.905660377358487
2013-01-22,3.968253968253972,-0.3412548234674927,3.968253968253972
2013-01-23,3.053435114503819,-0.3291895577482928,3.053435114503819
2013-01-24,5.185185185185173,-0.2680643868843714,5.185185185185173
2013-01-25,1.7605633802816996,-0.2131910756827554,1.7605633802816996
2013-01-28,-1.0380622837370328,-0.1748896212386312,1.0380622837370328
2013-01-29,-3.846153846153842,-0.1824174220805732,3.846153846153842
2013-01-30,-1.8181818181818117,-0.1999867242371207,1.8181818181818117
2013-01-31,-2.5925925925926028,-0.1851071951802414,2.5925925925926028
2013-02-01,0.0,-0.2151976842963687,0.0
2013-02-04,-3.041825095057037,-0.2353749703578891,3.041825095057037
2013-02-05,1.5686274509803937,-0.2355412735456921,1.5686274509803937
2013-02-06,0.7722007722007729,-0.2482977746956206,0.7722007722007729
2013-02-07,-1.1494252873563144,-0.3196913850635306,1.1494252873563144
2013-02-08,0.3875968992247979,-0.3397246126991605,0.3875968992247979
2013-02-11,4.440154440154449,-0.3810082151777998,4.440154440154449
2013-02-12,3.88170055452865,-0.3088132645680922,3.88170055452865
2013-02-13,-2.4911032028469693,-0.2266288123502943,2.4911032028469693
2013-02-14,1.094890510948898,-0.2254805959895907,1.094890510948898
2013-02-15,-0.7220216606498201,-0.2122519792095611,0.7220216606498201
2013-02-19,3.2727272727272676,-0.2062803071198579,3.2727272727272676
2013-02-20,-5.281690140845067,-0.1368083813279123,5.281690140845067
2013-02-21,-1.8587360594795472,-0.1722059231492665,1.8587360594795472
2013-02-22,0.0,-0.1319066778203275,0.0
2013-02-25,-3.787878787878791,-0.1677150928686267,3.787878787878791
2013-02-26,-2.362204724409451,-0.2318238553154216,2.362204724409451
2013-02-27,3.225806451612906,-0.2387368971717225,3.225806451612906
2013-02-28,-2.343750000000002,-0.1752581194667524,2.343750000000002
2013-03-01,-2.400000000000002,-0.1734292850206645,2.400000000000002
2013-03-04,0.4098360655737799,-0.1745553922820168,0.4098360655737799
2013-03-05,0.0,-0.1974735749228101,0.0
2013-03-06,-0.4081632653061318,-0.1824286566519017,0.4081632653061318
2013-03-07,5.327868852459012,-0.1601071365827554,5.327868852459012
2013-03-08,0.0,-0.0590374866711714,0.0
2013-03-11,0.7782101167315183,-0.0229590727378676,0.7782101167315183
2013-03-12,1.158301158301168,0.0221450643659334,1.158301158301168
2013-03-13,0.0,0.0689058944283622,0.0
2013-03-14,-0.7633587786259548,0.0949267117094273,0.7633587786259548
2013-03-15,-0.3846153846153934,0.0990153289522298,0.3846153846153934
2013-03-18,2.7027027027027137,0.1083336127324447,2.7027027027027137
2013-03-19,1.503759398496242,0.1252182390610672,1.503759398496242
2013-03-20,1.1111111111111038,0.173113377949523,1.1111111111111038
2013-03-21,-2.564102564102558,0.2542243900794863,2.564102564102558
2013-03-22,-3.3834586466165524,0.1675464146050899,3.3834586466165524
2013-03-25,-1.945525291828787,0.1685857062074595,1.945525291828787
2013-03-26,-0.7936507936507944,0.135521937924672,0.7936507936507944
2013-03-27,1.999999999999993,0.1232240135536905,1.999999999999993
2013-03-28,-0.3921568627450897,0.1615066983890327,0.3921568627450897
2013-04-01,-3.740157480314968,0.1203297114650126,3.740157480314968
2013-04-02,-1.8404907975460096,0.1023305515678047,1.8404907975460096
2013-04-03,-2.500000000000002,0.0833730782408615,2.500000000000002
2013-04-04,-1.709401709401711,0.0819098526910549,1.709401709401711
2013-04-05,0.4347826086956622,0.0770877708084605,0.4347826086956622
2013-04-08,11.688311688311687,0.08266498067622,11.688311688311687
2013-04-09,2.713178294573637,0.2673172383518871,2.713178294573637
2013-04-10,-3.773584905660381,0.3074729664810303,3.773584905660381
2013-04-11,-1.9607843137254837,0.2743634849995157,1.9607843137254837
2013-04-12,-1.999999999999993,0.3043988021057879,1.999999999999993
2013-04-15,-0.8163265306122456,0.3129236548979198,0.8163265306122456
2013-04-16,-0.8230452674897126,0.282246409776425,0.8230452674897126
2013-04-17,-0.4149377593361091,0.2640633367682229,0.4149377593361091
2013-04-18,1.6666666666666683,0.2721753856800546,1.6666666666666683
2013-04-19,1.2295081967213215,0.2849081161007303,1.2295081967213215
2013-04-22,1.214574898785417,0.2924862051801506,1.214574898785417
2013-04-23,1.6000000000000014,0.3245834703241662,1.6000000000000014
2013-04-24,3.5433070866141674,0.3294454522097831,3.5433070866141674
2013-04-25,1.1406844106463974,0.3393872045673706,1.1406844106463974
2013-04-26,0.0,0.3176109474153629,0.0
2013-04-29,0.7518796992481209,0.2868129667802249,0.7518796992481209
2013-04-30,4.850746268656712,0.2184520581047909,4.850746268656712
2013-05-01,12.455516014234878,0.3579006087622286,12.455516014234878
2013-05-02,9.810126582278484,0.3865296159237368,9.810126582278484
2013-05-03,7.204610951008645,0.3847143174056612,7.204610951008645
2013-05-06,-1.8817204301075343,0.4196318793503085,1.8817204301075343
2013-05-07,-3.013698630136983,0.3681885139179491,3.013698630136983
2013-05-08,10.451977401129948,0.2976920844299296,10.451977401129948
2013-05-09,-3.0690537084399003,0.4554045445936636,3.0690537084399003
2013-05-10,4.221635883905017,0.4368508476388347,4.221635883905017
2013-05-13,9.113924050632896,0.4611325118315381,9.113924050632896
2013-05-14,-0.4640371229698277,0.4774184027500133,0.4640371229698277
2013-05-15,-9.090909090909092,0.4869441759020239,9.090909090909092
2013-05-16,0.7692307692307756,0.434047010708206,0.7692307692307756
2013-05-17,6.361323155216274,0.4827948203668281,6.361323155216274
2013-05-20,-0.7177033492822814,0.4643456074867256,0.7177033492822814
2013-05-21,-1.686746987951814,0.4707010883609199,1.686746987951814
2013-05-22,-6.617647058823529,0.4662526678390685,6.617647058823529
2013-05-23,5.774278215223102,0.4463154701105062,5.774278215223102
2013-05-24,2.4813895781637627,0.457003248248514,2.4813895781637627
2013-05-28,-2.9055690072639253,0.3819664643930914,2.9055690072639253
2013-05-29,-0.2493765586034859,0.3807233478559696,0.2493765586034859
2013-05-30,1.750000000000007,0.3748081902256211,1.750000000000007
2013-05-31,-1.2285012285012458,0.3418793493485804,1.2285012285012458
2013-06-03,-1.7412935323382936,0.2599834122228944,1.7412935323382936
2013-06-04,1.518987341772142,0.25220985157458,1.518987341772142
2013-06-05,-3.49127182044887,0.2740269666060543,3.49127182044887
2013-06-06,2.842377260981909,0.2597147048520083,2.842377260981909
2013-06-07,-0.7537688442211006,0.2641993941896733,0.7537688442211006
2013-06-10,1.265822784810122,0.2834184009443378,1.265822784810122
2013-06-11,0.0,0.2797896934666214,0.0
2013-06-12,-2.500000000000002,0.2538227168091367,2.500000000000002
2013-06-13,2.0512820512820533,0.2467833096744796,2.0512820512820533
2013-06-14,3.5175879396984957,0.3429596544066138,3.5175879396984957
2013-06-17,-0.4854368932038947,0.3471351902907534,0.4854368932038947
2013-06-18,1.2195121951219687,0.3216407742761355,1.2195121951219687
2013-06-19,-3.1325301204819462,0.2618116558354737,3.1325301204819462
2013-06-20,-1.2437810945273478,0.1971286979519315,1.2437810945273478
2013-06-21,2.5188916876574328,0.1998333666211725,2.5188916876574328
2013-06-24,0.9828009828009836,0.268233371437264,0.9828009828009836
2013-06-25,2.1897810218978067,0.3067657465173377,2.1897810218978067
2013-06-26,-0.238095238095233,0.3709180055674677,0.238095238095233
2013-06-27,-2.625298329355616,0.3803329651380725,2.625298329355616
2013-06-28,0.7352941176470649,0.3945723062672007,0.7352941176470649
2013-07-01,-0.4866180048661912,0.3741328005619449,0.4866180048661912
2013-07-02,-2.200488997555009,0.3562849991835801,2.200488997555009
2013-07-03,2.0000000000000018,0.3352054430311836,2.0000000000000018
2013-07-05,0.0,0.3421722508890052,0.0
2013-07-08,-1.4705882352941295,0.3013293678827396,1.4705882352941295
2013-07-09,0.9950248756218916,0.2345248493136187,0.9950248756218916
2013-07-10,3.8177339901477896,0.2734181713355882,3.8177339901477896
2013-07-11,6.287069988137618,0.3155670972092964,6.287069988137618
2013-07-12,-3.1250000000000124,0.3609985114349088,3.1250000000000124
2013-07-15,1.6129032258064582,0.3256294712078516,1.6129032258064582
2013-07-16,0.680272108843543,0.3747179551310766,0.680272108843543
2013-07-17,-1.3513513513513624,0.4060384315873941,1.3513513513513624
2013-07-18,-8.90410958904109,0.4047753104412258,8.90410958904109
2013-07-19,0.3759398496240521,0.3529132839706011,0.3759398496240521
2013-07-22,-3.1210986267166043,0.3788095239951297,3.1210986267166043
2013-07-23,-4.896907216494844,0.3144267471807421,4.896907216494844
2013-07-24,-1.3550135501354963,0.3249697262788913,1.3550135501354963
2013-07-25,1.6483516483516498,0.347379992171649,1.6483516483516498
2013-07-26,4.594594594594592,0.3395616894234685,4.594594594594592
2013-07-29,-2.0671834625323013,0.3775302551204921,2.0671834625323013
2013-07-30,1.5831134564643814,0.3572670132289353,1.5831134564643814
2013-07-31,-1.0389610389610398,0.2959801858835302,1.0389610389610398
2013-08-01,-0.2624671916010559,0.2847207393933594,0.2624671916010559
2013-08-02,0.7894736842105329,0.2665612312936031,0.7894736842105329
2013-08-05,-0.5221932114882512,0.2575403224247728,0.5221932114882512
2013-08-06,-3.4120734908136456,0.2507355719774011,3.4120734908136456
2013-08-07,0.8152173913043425,0.2120773203235829,0.8152173913043425
2013-08-08,-0.539083557951483,0.2145693544390382,0.539083557951483
2013-08-09,-2.0325203252032447,0.1735685357369417,2.0325203252032447
2013-08-12,1.521438450899024,0.1350240904277698,1.521438450899024
2013-08-13,0.2724795640327038,0.1499870664853509,0.2724795640327038
2013-08-14,2.1739130434782505,0.1811823064834661,2.1739130434782505
2013-08-15,-1.8617021276595704,0.2433608141377781,1.8617021276595704
2013-08-16,-0.542005420054201,0.2415473734449861,0.542005420054201
2013-08-19,-1.362397820163483,0.2392210963998829,1.362397820163483
2013-08-20,0.0,0.2038269073192923,0.0
2013-08-21,0.276243093922646,0.1792421453600893,0.276243093922646
2013-08-22,1.1019283746556483,0.1711693108671855,1.1019283746556483
2013-08-23,-0.5449591280653956,0.1391698127243758,0.5449591280653956
2013-08-26,-2.739726027397263,0.0749504177299809,2.739726027397263
2013-08-27,-5.633802816901401,-0.0130336849568121,5.633802816901401
2013-08-28,2.3880597014925393,-0.0343144659067618,2.3880597014925393
2013-08-29,-1.4577259475218736,-0.1377854842691737,1.4577259475218736
2013-08-30,-1.7751479289940846,-0.16029249494827,1.7751479289940846
2013-09-03,-1.204819277108435,-0.1439653567188459,1.204819277108435
2013-09-04,1.2195121951219523,-0.1376574588457118,1.2195121951219523
2013-09-05,6.626506024096392,-0.1130016391399306,6.626506024096392
2013-09-06,2.542372881355928,0.0138953338781725,2.542372881355928
2013-09-09,4.1322314049586755,0.0265577929301746,4.1322314049586755
2013-09-10,2.380952380952389,0.0341241966773791,2.380952380952389
2013-09-11,-2.8423772609819205,0.0326745103515696,2.8423772609819205
2013-09-12,-0.2659574468085049,0.0194887500917002,0.2659574468085049
2013-09-13,3.999999999999998,0.0421383440022613,3.999999999999998
2013-09-16,-1.7948717948717907,0.0776441377076078,1.7948717948717907
2013-09-17,0.5221932114882512,0.0609253927632881,0.5221932114882512
2013-09-18,2.8571428571428537,0.0599244935058797,2.8571428571428537
2013-09-19,-1.262626262626258,0.0802183259836668,1.262626262626258
2013-09-20,-2.5575447570332503,0.0594638685144827,2.5575447570332503
2013-09-23,-0.5249343832021002,0.0230536726288824,0.5249343832021002
2013-09-24,0.7915567282321848,0.0081498549068458,0.7915567282321848
2013-09-25,3.1413612565445055,0.0073336677845219,3.1413612565445055
2013-09-26,-1.7766497461928894,0.0385384693816302,1.7766497461928894
2013-09-27,-2.0671834625323013,0.0139708525395863,2.0671834625323013
2013-09-30,0.7915567282321848,-0.0123212504908204,0.7915567282321848
2013-10-01,0.2617801047120479,-0.0283797931881096,0.2617801047120479
2013-10-02,2.6109660574412556,-0.0223147145311723,2.6109660574412556
2013-10-03,-0.5089058524173032,0.0027993493708821,0.5089058524173032
2013-10-04,-1.0230179028133002,-0.0366364553406689,1.0230179028133002
2013-10-07,0.0,-0.0444977591416423,0.0
2013-10-08,-3.1007751937984525,0.0082674194129852,3.1007751937984525
2013-10-09,-0.7999999999999948,-0.035952507769454,0.7999999999999948
2013-10-10,1.612903225806441,-0.0872340592265852,1.612903225806441
2013-10-11,2.380952380952389,-0.0648141961146091,2.380952380952389
2013-10-14,4.134366925064603,-0.0292556378122294,4.134366925064603
2013-10-15,1.736972704714625,0.0779557593886281,1.736972704714625
2013-10-16,0.4878048780487918,0.0393452558754479,0.4878048780487918
2013-10-17,-13.59223300970874,0.0168065699327926,13.59223300970874
2013-10-18,0.0,-0.0648120111792814,0.0
2013-10-21,-6.741573033707871,-0.0632761491848866,6.741573033707871
2013-10-22,-3.614457831325291,-0.1364521009362961,3.614457831325291
2013-10-23,0.1562499999999966,-0.1466091105160912,0.1562499999999966
2013-10-24,2.652106084243369,-0.1240503959231858,2.652106084243369
2013-10-25,2.735562310030391,-0.12820393140833,2.735562310030391
2013-10-28,-1.183431952662723,-0.0544494521236662,1.183431952662723
2013-10-29,0.2994011976047973,-0.103138079663691,0.2994011976047973
2013-10-30,-1.1940298507462697,-0.0943864438777456,1.1940298507462697
2013-10-31,1.8126888217522672,-0.1500214841708518,1.8126888217522672
2013-11-01,-0.8902077151335385,-0.1337251524430313,0.8902077151335385
2013-11-04,-0.5988023952095815,-0.1104062153230947,0.5988023952095815
2013-11-05,0.3012048192771154,-0.1417217422121601,0.3012048192771154
2013-11-06,0.0,-0.1873175746670138,0.0
2013-11-07,-2.1021021021021107,-0.183040693021017,2.1021021021021107
2013-11-08,0.9202453987730138,-0.2226197712837183,0.9202453987730138
2013-11-11,1.5197568389057696,-0.1771833948839739,1.5197568389057696
2013-11-12,4.790419161676652,-0.1466347960655807,4.790419161676652
2013-11-13,1.4285714285714235,-0.1179104907997154,1.4285714285714235
2013-11-14,-0.5633802816901414,-0.1126993150126194,0.5633802816901414
2013-11-15,0.0,-0.1425978022309848,0.0
2013-11-18,-1.9830028328611853,-0.1375267630381096,1.9830028328611853
2013-11-19,-0.5780346820809253,-0.1295668458752939,0.5780346820809253
2013-11-20,-0.2906976744185984,-0.143569151910691,0.2906976744185984
2013-11-21,-1.4577259475218736,-0.1429771133951508,1.4577259475218736
2013-11-22,-0.5917159763313615,-0.1410786966630148,0.5917159763313615
2013-11-25,1.7857142857142874,-0.1713864784884933,1.7857142857142874
2013-11-26,1.6081871345029286,-0.1567878402515723,1.6081871345029286
2013-11-27,3.597122302158273,-0.1340774334398116,3.597122302158273
2013-11-29,1.388888888888884,-0.1030792168615634,1.388888888888884
2013-12-02,-0.2739726027397202,-0.1108684123736893,0.2739726027397202
2013-12-03,-1.923076923076931,-0.1677208475059142,1.923076923076931
2013-12-04,-0.2801120448179212,-0.1599738659253982,0.2801120448179212
2013-12-05,3.089887640449435,-0.1719881438744983,3.089887640449435
2013-12-06,-0.2724795640326917,-0.1364613345627196,0.2724795640326917
2013-12-09,-0.8196721311475478,-0.1263581909005868,0.8196721311475478
2013-12-10,3.030303030303039,-0.0861752475245676,3.030303030303039
2013-12-11,-1.6042780748663117,-0.0549081376144313,1.6042780748663117
2013-12-12,0.5434782608695656,-0.0419308373912565,0.5434782608695656
2013-12-13,-1.621621621621623,0.0188367782420538,1.621621621621623
2013-12-16,-1.0989010989011,0.0164131412260314,1.0989010989011
2013-12-17,1.111111111111112,-0.016752036027852,1.111111111111112
2013-12-18,0.0,-0.0812276906152479,0.0
2013-12-19,0.0,-0.0530845069601229,0.0
2013-12-20,2.7472527472527495,-0.0820544436041527,2.7472527472527495
2013-12-23,0.8021390374331498,-0.026546113981581,0.8021390374331498
2013-12-24,0.7957559681697561,-0.0110977923591213,0.7957559681697561
2013-12-26,0.5263157894736847,-0.0108732716638517,0.5263157894736847
2013-12-27,-0.7853403141361206,0.0017924424732757,0.7853403141361206
2013-12-30,2.1108179419525084,0.028336387847053,2.1108179419525084
2013-12-31,-0.5167958656330753,0.0453767906283948,0.5167958656330753
2014-01-02,3.3766233766233738,0.0480899417282633,3.3766233766233738
2014-01-03,0.7537688442211006,0.1134618526229407,0.7537688442211006
2014-01-06,4.488778054862858,0.106580449869533,4.488778054862858
2014-01-07,0.9546539379474948,0.1519659332983179,0.9546539379474948
2014-01-08,-0.7092198581560342,0.1426181014379104,0.7092198581560342
2014-01-09,-2.6190476190476266,0.1597421268131773,2.6190476190476266
2014-01-10,2.4449877750611377,0.1412384228385014,2.4449877750611377
2014-01-13,-1.1933174224343843,0.1810476162000722,1.1933174224343843
2014-01-14,4.83091787439614,0.1715753955667743,4.83091787439614
2014-01-15,3.686635944700464,0.2228091769488442,3.686635944700464
2014-01-16,-7.77777777777777,0.2513807057929712,7.77777777777777
2014-01-17,3.8554216867469697,0.1415047812370211,3.8554216867469697
2014-01-21,-12.064965197215768,0.1822995503848473,12.064965197215768
2014-01-22,-3.166226912928763,0.0956945755915541,3.166226912928763
2014-01-23,-1.9073569482288784,0.076662057090801,1.9073569482288784
2014-01-24,-3.333333333333336,0.0811114656876832,3.333333333333336
2014-01-27,-1.436781609195397,0.0737786979512994,1.436781609195397
2014-01-28,2.6239067055393543,0.052773408530915,2.6239067055393543
2014-01-29,-0.2840909090909156,0.0410259522282351,0.2840909090909156
2014-01-30,-1.7094017094016984,0.0120420977342735,1.7094017094016984
2014-01-31,-0.5797101449275367,-0.0186296019721175,0.5797101449275367
2014-02-03,-2.3323615160349873,-0.0607245845501535,2.3323615160349873
2014-02-04,0.2985074626865608,-0.104401829754574,0.2985074626865608
2014-02-05,-1.1904761904761916,-0.0853147610937322,1.1904761904761916
2014-02-06,4.216867469879522,-0.118934798459558,4.216867469879522
2014-02-07,1.156069364161851,-0.0839954214939215,1.156069364161851
2014-02-10,4.571428571428576,-0.0546617395490252,4.571428571428576
2014-02-11,1.36612021857923,-0.0384296669610515,1.36612021857923
2014-02-12,-1.8867924528301845,-0.0527502250063408,1.8867924528301845
2014-02-13,1.6483516483516498,-0.0437247319165021,1.6483516483516498
2014-02-14,-0.2702702702702765,-0.0026661107630521,0.2702702702702765
2014-02-18,0.2710027100271065,-0.0013865194684976,0.2710027100271065
2014-02-19,0.540540540540541,-0.0113259992010571,0.540540540540541
2014-02-20,-0.2688172043010814,-0.0401439313406599,0.2688172043010814
2014-02-21,0.0,-0.0268118216154598,0.0
2014-02-24,0.539083557951483,-0.0146431655445403,0.539083557951483
2014-02-25,-0.8042895442359197,-0.0243165061404871,0.8042895442359197
2014-02-26,-0.2702702702702765,-0.0446171009694383,0.2702702702702765
2014-02-27,1.084010840108402,-0.0755359937172022,1.084010840108402
2014-02-28,-1.876675603217154,-0.0458116854123536,1.876675603217154
2014-03-03,1.092896174863389,-0.0515490770874624,1.092896174863389
2014-03-04,0.0,-0.0080150927338341,0.0
2014-03-05,0.540540540540541,0.02470459941122,0.540540540540541
2014-03-06,0.8064516129032205,0.1226666485988565,0.8064516129032205
2014-03-07,7.733333333333334,0.1786790599431764,7.733333333333334
2014-03-10,-4.4554455445544585,0.241461496849023,4.4554455445544585
2014-03-11,0.0,0.2283383900026138,0.0
2014-03-12,2.072538860103629,0.2533950845116792,2.072538860103629
2014-03-13,-2.53807106598985,0.2552600582247793,2.53807106598985
2014-03-14,1.0416666666666676,0.2351762197606365,1.0416666666666676
2014-03-17,-1.546391752577321,0.2418899573110034,1.546391752577321
2014-03-18,2.356020942408385,0.2648922097245219,2.356020942408385
2014-03-19,1.2787723785166194,0.3475735606663819,1.2787723785166194
2014-03-20,2.7777777777777857,0.3527682139529459,2.7777777777777857
2014-03-21,-0.4914004914005027,0.3549593350665724,0.4914004914005027
2014-03-24,0.9876543209876552,0.3153806330700768,0.9876543209876552
2014-03-25,-0.2444987775061072,0.3478923103218269,0.2444987775061072
2014-03-26,-2.205882352941173,0.3436031648350098,2.205882352941173
2014-03-27,-1.503759398496242,0.3325643709195868,1.503759398496242
2014-03-28,0.0,0.2899181131406488,0.0
2014-03-31,2.798982188295162,0.299980285492618,2.798982188295162
2014-04-01,1.980198019801982,0.3457992880574016,1.980198019801982
2014-04-02,-1.2135922330097044,0.3666179384699008,1.2135922330097044
2014-04-03,-0.9828009828009836,0.3605117564824535,0.9828009828009836
2014-04-04,-1.2406947890818925,0.3744076483035728,1.2406947890818925
2014-04-07,-2.261306532663313,0.3473311026067736,2.261306532663313
2014-04-08,3.08483290488431,0.3120001155538431,3.08483290488431
2014-04-09,-0.9975062344139548,0.2909932349495011,0.9975062344139548
2014-04-10,-3.7783375314861543,0.2674932196113001,3.7783375314861543
2014-04-11,-2.61780104712041,0.2471762187243158,2.61780104712041
2014-04-14,0.537634408602151,0.238287324589179,0.537634408602151
2014-04-15,1.871657754010691,0.2614838447364024,1.871657754010691
2014-04-16,-0.7874015748031561,0.2852223461999451,0.7874015748031561
2014-04-17,6.084656084656085,0.2845094209286174,6.084656084656085
2014-04-21,2.992518703241898,0.3806021005926051,2.992518703241898
2014-04-22,3.631961259079912,0.4003787095563123,3.631961259079912
2014-04-23,-0.2336448598130998,0.3999653818389889,0.2336448598130998
2014-04-24,-1.170960187353626,0.3869067377810464,1.170960187353626
2014-04-25,-3.0805687203791448,0.3395320447600917,3.0805687203791448
2014-04-28,-1.7114914425427945,0.2975961200072984,1.7114914425427945
2014-04-29,-0.4975124378109347,0.287907466871719,0.4975124378109347
2014-04-30,3.2499999999999973,0.2987707960234306,3.2499999999999973
2014-05-01,0.9685230024213084,0.3314567233736958,0.9685230024213084
2014-05-02,-1.6786570743405345,0.3083788990506259,1.6786570743405345
2014-05-05,-0.975609756097562,0.2931592174842168,0.975609756097562
2014-05-06,-0.4926108374384132,0.2841992629605058,0.4926108374384132
2014-05-07,-2.2277227722772244,0.241620602102379,2.2277227722772244
2014-05-08,-1.0126582278481022,0.2345012302809062,1.0126582278481022
2014-05-09,-1.0230179028133002,0.2176592851972343,1.0230179028133002
2014-05-12,3.1007751937984525,0.2206119552893369,3.1007751937984525
2014-05-13,1.0025062656641612,0.2689398478782369,1.0025062656641612
2014-05-14,-1.736972704714647,0.2652448947910389,1.736972704714647
2014-05-15,-0.2525252525252471,0.2389417822710594,0.2525252525252471
2014-05-16,1.265822784810122,0.2213404330350115,1.265822784810122
2014-05-19,2.2499999999999964,0.2051585534371418,2.2499999999999964
2014-05-20,-0.7334963325183436,0.2196702747830286,0.7334963325183436
2014-05-21,0.7389162561576417,0.2071154095614858,0.7389162561576417
2014-05-22,-1.4669926650366654,0.2095046072841046,1.4669926650366654
2014-05-23,0.4962779156327437,0.1883306819947322,0.4962779156327437
2014-05-27,-0.2469135802469083,0.1734623476258668,0.2469135802469083
2014-05-28,-0.4950495049505065,0.1598503791251932,0.4950495049505065
2014-05-29,0.0,0.133062788461785,0.0
2014-05-30,0.2487562189054894,0.1155027908347345,0.2487562189054894
2014-06-02,-1.736972704714647,0.0920963013627875,1.736972704714647
2014-06-03,-0.7575757575757527,0.0704694444137664,0.7575757575757527
2014-06-04,2.798982188295162,0.066912551399226,2.798982188295162
2014-06-05,1.2376237623762332,0.1135130485553718,1.2376237623762332
2014-06-06,-0.9779951100244508,0.1392940932122186,0.9779951100244508
2014-06-09,1.2345679012345636,0.0965083354365458,1.2345679012345636
2014-06-10,1.951219512195124,0.1014305781811933,1.951219512195124
2014-06-11,3.588516746411492,0.1536397317545993,3.588516746411492
2014-06-12,0.692840646651276,0.1747010214952673,0.692840646651276
2014-06-13,-2.293577981651388,0.1735578264985333,2.293577981651388
2014-06-16,3.521126760563389,0.151268500967388,3.521126760563389
2014-06-17,2.0408163265306087,0.2100839669867916,2.0408163265306087
2014-06-18,-1.7777777777777797,0.2470519439746883,1.7777777777777797
2014-06-19,-1.8099547511312233,0.2618300550217951,1.8099547511312233
2014-06-20,-6.451612903225812,0.2586251938359581,6.451612903225812
2014-06-23,-1.3546798029556582,0.1788043795101453,1.3546798029556582
2014-06-24,-1.3732833957552988,0.1680860947572163,1.3732833957552988
2014-06-25,0.0,0.1708197027902593,0.0
2014-06-26,2.784810126582264,0.17783988575502,2.784810126582264
2014-06-27,1.4778325123152831,0.2321581561230098,1.4778325123152831
2014-06-30,2.184466019417472,0.2444816545158801,2.184466019417472
2014-07-01,0.4750593824228138,0.2718483953091711,0.4750593824228138
2014-07-02,3.0732860520094536,0.2430672770185998,3.0732860520094536
2014-07-03,-2.9816513761467864,0.2662000440658505,2.9816513761467864
2014-07-07,0.4728132387706754,0.1803465043548282,0.4728132387706754
2014-07-08,-0.9411764705882362,0.1667679361830855,0.9411764705882362
2014-07-09,-0.7125890736342102,0.1823878068526561,0.7125890736342102
2014-07-10,2.870813397129189,0.1542029771520096,2.870813397129189
2014-07-11,3.2558139534883854,0.1862843393342014,3.2558139534883854
2014-07-14,4.279279279279268,0.2251107357765744,4.279279279279268
2014-07-15,-0.6479481641468736,0.2589696878071821,0.6479481641468736
2014-07-16,1.3043478260869674,0.2554535773117609,1.3043478260869674
2014-07-17,-19.95708154506438,0.268722339932665,19.95708154506438
2014-07-18,3.485254691689005,-0.1484200567486338,3.485254691689005
2014-07-21,-1.0362694300518145,-0.1025287519753898,1.0362694300518145
2014-07-22,0.0,0.1266727123099324,0.0
2014-07-23,-1.832460732984289,0.1085565222747357,1.832460732984289
2014-07-24,-0.5333333333333338,0.0767161691475394,0.5333333333333338
2014-07-25,1.0723860589812342,0.056869494712062,1.0723860589812342
2014-07-28,-0.7957559681697561,0.0670014825104054,0.7957559681697561
2014-07-29,2.13903743315507,0.0530800269380222,2.13903743315507
2014-07-30,-0.5235602094240842,0.0603153830861676,0.5235602094240842
2014-07-31,2.8947368421052717,-0.0083833928904953,2.8947368421052717
2014-08-01,1.5345268542199502,0.0918341664741335,1.5345268542199502
2014-08-04,0.5037783375314866,0.1007289814623314,0.5037783375314866
2014-08-05,1.7543859649122655,0.066805446108311,1.7543859649122655
2014-08-06,1.9704433497536968,0.1272234638130158,1.9704433497536968
2014-08-07,-0.966183574879228,0.1201908482481543,0.966183574879228
2014-08-08,-1.707317073170717,0.1440333038354355,1.707317073170717
2014-08-11,2.2332506203473907,0.0929508610159885,2.2332506203473907
2014-08-12,-0.9708737864077678,0.0840270487473051,0.9708737864077678
2014-08-13,0.4901960784313621,0.0274442428302985,0.4901960784313621
2014-08-14,0.4878048780487918,0.0410902940684387,0.4878048780487918
2014-08-15,0.4854368932038731,0.0285022360441621,0.4854368932038731
2014-08-18,1.4492753623188528,0.0381235165441542,1.4492753623188528
2014-08-19,1.1904761904761862,0.0841159477039683,1.1904761904761862
2014-08-20,0.9411764705882362,0.1174845643055156,0.9411764705882362
2014-08-21,-1.6317016317016384,0.1249907574817542,1.6317016317016384
2014-08-22,1.1848341232227446,0.0722587234620111,1.1848341232227446
2014-08-25,-2.341920374707252,0.0524337101154798,2.341920374707252
2014-08-26,0.7194244604316606,0.0550996284364718,0.7194244604316606
2014-08-27,-1.4285714285714404,0.0760127702464188,1.4285714285714404
2014-08-28,0.241545893719823,0.0829877674506554,0.241545893719823
2014-08-29,0.2409638554216815,0.1152620954502442,0.2409638554216815
2014-09-02,0.2403846153846102,0.0721053640835371,0.2403846153846102
2014-09-03,0.3597122302158196,0.0868901899457909,0.3597122302158196
2014-09-04,-0.3584229390680927,0.1320610201994468,0.3584229390680927
2014-09-05,-0.9592326139088738,0.1609080450894479,0.9592326139088738
2014-09-08,0.4842615012106649,0.1426956221410159,0.4842615012106649
2014-09-09,-1.686746987951814,0.12336244361523,1.686746987951814
2014-09-10,-1.225490196078427,0.1096631431353209,1.225490196078427
2014-09-11,0.7444168734491156,0.0344424703121177,0.7444168734491156
2014-09-12,-1.9704433497536855,-0.2650499147762148,1.9704433497536855
2014-09-15,-2.261306532663313,-0.3210175792900558,2.261306532663313
2014-09-16,-1.7994858611825266,-0.3373235448599465,1.7994858611825266
2014-09-17,1.5706806282722527,-0.3476174156967159,1.5706806282722527
2014-09-18,1.28865979381444,-0.3035657044908291,1.28865979381444
2014-09-19,-3.053435114503819,-0.2869900427341789,3.053435114503819
2014-09-22,-1.3123359580052565,-0.3146087708192955,1.3123359580052565
2014-09-23,-1.3297872340425485,-0.3584435022306718,1.3297872340425485
2014-09-24,-0.2695417789757355,-0.3826019622315661,0.2695417789757355
2014-09-25,-1.8918918918918992,-0.3738562434056554,1.8918918918918992
2014-09-26,-1.9283746556473784,-0.3865140615368496,1.9283746556473784
2014-09-29,0.0,-0.4070991147453714,0.0
2014-09-30,-4.775280898876402,-0.4000183392448472,4.775280898876402
2014-10-01,-0.5899705014749268,-0.4105176517791826,0.5899705014749268
2014-10-02,1.7804154302670638,-0.4262702697505399,1.7804154302670638
2014-10-03,-0.4373177842565633,-0.4442436521181641,0.4373177842565633
2014-10-06,-1.9033674963396765,-0.4643566243050927,1.9033674963396765
2014-10-07,-1.4925373134328437,-0.4652924013703696,1.4925373134328437
2014-10-08,-8.181818181818182,-0.4883608113684678,8.181818181818182
2014-10-09,-2.6402640264026283,-0.2078656534920489,2.6402640264026283
2014-10-10,-5.762711864406791,-0.2667840836840923,5.762711864406791
2014-10-13,-6.115107913669062,-0.3122441421430186,6.115107913669062
2014-10-14,0.3831417624521161,-0.588511446889431,0.3831417624521161
2014-10-15,-2.2900763358778646,-0.3627719411116892,2.2900763358778646
2014-10-16,4.296874999999995,-0.3959059831118834,4.296874999999995
2014-10-17,4.531835205992509,-0.3527904075344771,4.531835205992509
2014-10-20,-3.4396273737011853,-0.3038768448478143,3.4396273737011853
2014-10-21,3.5250463821892466,-0.3408885435646142,3.5250463821892466
2014-10-22,-3.9426523297490994,-0.3112646639268562,3.9426523297490994
2014-10-23,0.373134328358201,-0.333732877451996,0.373134328358201
2014-10-24,-0.3717472118959029,-0.3427783424194415,0.3717472118959029
2014-10-27,0.373134328358201,-0.3768040144371319,0.373134328358201
2014-10-28,2.2304832713754665,-0.3858347539765921,2.2304832713754665
2014-10-29,1.454545454545456,-0.3521158374647906,1.454545454545456
2014-10-30,0.0,-0.3499768088978939,0.0
2014-10-31,0.7168458781362014,-0.3709427782772408,0.7168458781362014
2014-11-03,3.202846975088963,-0.4019355084300648,3.202846975088963
2014-11-04,-1.7241379310344769,-0.3745820788419907,1.7241379310344769
2014-11-05,-2.456140350877203,-0.3695518865235703,2.456140350877203
2014-11-06,-0.3597122302158197,-0.4314092069963535,0.3597122302158197
2014-11-07,0.361010830324902,-0.4565324889230887,0.361010830324902
2014-11-10,0.0,-0.4218191013632814,0.0
2014-11-11,-1.7985611510791304,-0.6418038151003191,1.7985611510791304
2014-11-12,-0.7326007326007332,-0.6049194651800972,0.7326007326007332
2014-11-13,-1.2915129151291564,-0.614375844415346,1.2915129151291564
2014-11-14,-2.0560747663551298,-0.6342289338834095,2.0560747663551298
2014-11-17,2.6717557251908333,-0.6730172669963529,2.6717557251908333
2014-11-18,-0.3717472118959029,-0.453686446521927,0.3717472118959029
2014-11-19,-2.985074626865674,-0.4672799337362472,2.985074626865674
2014-11-20,4.615384615384619,-0.5122828089962891,4.615384615384619
2014-11-21,2.9411764705882213,-0.44948255000936,2.9411764705882213
2014-11-24,1.42857142857143,-0.4219387785038836,1.42857142857143
2014-11-25,-1.0563380281690071,-0.39072332667242,1.0563380281690071
2014-11-26,1.423487544483987,-0.4023922183945116,1.423487544483987
2014-11-28,-2.8070175438596516,-0.3784295551628808,2.8070175438596516
2014-12-01,-2.8880866425992804,-0.4031450205368647,2.8880866425992804
2014-12-02,0.7434944237918223,-0.4235561844761242,0.7434944237918223
2014-12-03,1.4760147601476028,-0.3952502131019133,1.4760147601476028
2014-12-04,-2.181818181818184,-0.360524320802679,2.181818181818184
2014-12-05,-1.4869888475836446,-0.3329456331394934,1.4869888475836446
2014-12-08,-3.773584905660381,-0.1452986968490285,3.773584905660381
2014-12-09,1.176470588235304,-0.1464991582747353,1.176470588235304
2014-12-10,-2.7131782945736544,-0.1980254159864445,2.7131782945736544
2014-12-11,-1.9920318725099533,-0.2057092920452365,1.9920318725099533
2014-12-12,2.4390243902439046,-0.2327987415960212,2.4390243902439046
2014-12-15,-3.1746031746031775,-0.172621490299475,3.1746031746031775
2014-12-16,2.4590163934426252,-0.1976480228095266,2.4590163934426252
2014-12-17,3.200000000000003,-0.1958114016058144,3.200000000000003
2014-12-18,-1.9379844961240411,-0.1644853496202382,1.9379844961240411
2014-12-19,0.7905138339920956,-0.2007912499421019,0.7905138339920956
2014-12-22,5.490196078431378,-0.2015632063845674,5.490196078431378
2014-12-23,-2.2304832713754665,-0.1679228149372411,2.2304832713754665
2014-12-24,0.7604562737642593,-0.2062041957223228,0.7604562737642593
2014-12-26,-0.3773584905660297,-0.2233935954107394,0.3773584905660297
2014-12-29,0.0,-0.2543808296586671,0.0
2014-12-30,0.0,-0.2908692379973599,0.0
2014-12-31,2.2727272727272747,-0.2792898273869132,2.2727272727272747
2015-01-02,-1.1111111111111205,-0.2283648016535299,1.1111111111111205
2015-01-05,-0.7490636704119857,-0.271565080937725,0.7490636704119857
2015-01-06,-0.7547169811320762,-0.2658906553286109,0.7547169811320762
2015-01-07,-1.5209125475285186,-0.290695840271686,1.5209125475285186
2015-01-08,1.5444015444015458,-0.325506068213811,1.5444015444015458
2015-01-09,-0.3802281368821212,-0.3186590742042081,0.3802281368821212
2015-01-12,0.7633587786259548,-0.3431804830386658,0.7633587786259548
2015-01-13,-1.5151515151515165,-0.3518546640881451,1.5151515151515165
2015-01-14,0.7692307692307699,-0.3866696514450519,0.7692307692307699
2015-01-15,-3.8167938931297742,-0.3491111639889495,3.8167938931297742
2015-01-16,-5.158730158730155,-0.4369728357499138,5.158730158730155
2015-01-20,-8.786610878661087,-0.4278563764820108,8.786610878661087
2015-01-21,11.009174311926596,-0.411301399419615,11.009174311926596
2015-01-22,2.479338842975209,-0.3357886812334096,2.479338842975209
2015-01-23,-1.612903225806453,-0.3474808228695376,1.612903225806453
2015-01-26,5.737704918032792,-0.375545896473489,5.737704918032792
2015-01-27,5.038759689922476,-0.3676195969052171,5.038759689922476
2015-01-28,-2.9520295202952056,-0.3685398426223872,2.9520295202952056
2015-01-29,-2.661596958174899,-0.366042507116226,2.661596958174899
2015-01-30,5.078124999999996,-0.3630927731951853,5.078124999999996
2015-02-02,0.3717472118959193,-0.3411050601498222,0.3717472118959193
2015-02-03,2.962962962962949,-0.3100707410056832,2.962962962962949
2015-02-04,3.5971223021582768,-0.2741273927565385,3.5971223021582768
2015-02-05,11.11111111111112,-0.2590593139798366,11.11111111111112
2015-02-06,-5.312500000000011,-0.2773494173290551,5.312500000000011
2015-02-09,1.3201320132013217,-0.2600836693385105,1.3201320132013217
2015-02-10,-1.3029315960912065,-0.2359087597513806,1.3029315960912065
2015-02-11,1.650165016501659,-0.2373406315760381,1.650165016501659
2015-02-12,1.6233766233766176,-0.210736970918297,1.6233766233766176
2015-02-13,0.9584664536741294,-0.1540178625820407,0.9584664536741294
2015-02-17,-1.5822784810126669,-0.1091304117761518,1.5822784810126669
2015-02-18,-1.6077170418006377,-0.1015584987830522,1.6077170418006377
2015-02-19,-0.9803921568627532,-0.1094565264997376,0.9803921568627532
2015-02-20,0.6600660066006607,-0.1088583762553037,0.6600660066006607
2015-02-23,0.327868852459024,-0.0908775242605804,0.327868852459024
2015-02-24,0.6535947712418306,-0.0310964325608646,0.6535947712418306
2015-02-25,0.6493506493506499,0.0177309108341244,0.6493506493506499
2015-02-26,-0.967741935483879,0.0281683526856953,0.967741935483879
2015-02-27,1.9543973941368096,0.0030728535229052,1.9543973941368096
2015-03-02,2.2364217252396257,-0.0316078013740157,2.2364217252396257
2015-03-03,-1.8750000000000016,-0.037644975685287,1.8750000000000016
2015-03-04,-1.2738853503184724,-0.0391063223464214,1.2738853503184724
2015-03-05,-4.5161290322580685,-0.0248498009830068,4.5161290322580685
2015-03-06,-1.3513513513513526,-0.0322317940858518,1.3513513513513526
2015-03-09,1.7123287671232967,-0.042534233286994,1.7123287671232967
2015-03-10,-1.6835016835016925,0.0014861187768341,1.6835016835016925
2015-03-11,-5.479452054794526,-0.0083957135698039,5.479452054794526
2015-03-12,-0.7246376811594049,-0.0190445422830032,0.7246376811594049
2015-03-13,0.3649635036496272,-0.041921919604676,0.3649635036496272
2015-03-16,0.0,-0.082910367620005,0.0
2015-03-17,0.727272727272728,-0.0418929289041258,0.727272727272728
2015-03-18,-0.3610108303249181,-0.0742128232066301,0.3610108303249181
2015-03-19,0.0,-0.0357863647781813,0.0
2015-03-20,1.8115942028985603,-0.0483587381940812,1.8115942028985603
2015-03-23,1.423487544483987,-0.0166623039020631,1.423487544483987
2015-03-24,-2.456140350877203,-0.0123005079514669,2.456140350877203
2015-03-25,-6.834532374100718,-0.0648185005226789,6.834532374100718
2015-03-26,4.24710424710426,-0.064470207670034,4.24710424710426
2015-03-27,1.1111111111111038,-0.0773671679202748,1.1111111111111038
2015-03-30,-2.564102564102558,-0.0722868009108952,2.564102564102558
2015-03-31,0.0,-0.1158008495543618,0.0
2015-04-01,0.0,-0.1033536268928494,0.0
2015-04-02,0.7518796992481209,-0.0738316535904621,0.7518796992481209
2015-04-06,0.7462686567164185,-0.017511661791692,0.7462686567164185
2015-04-07,-0.7407407407407414,-0.0394372606712592,0.7407407407407414
2015-04-08,0.373134328358201,-0.0240630659234442,0.373134328358201
2015-04-09,1.858736059479564,-0.0045302624517539,1.858736059479564
2015-04-10,0.7299270072992544,0.0339177110421806,0.7299270072992544
2015-04-13,0.3623188405797185,0.057598863558394,0.3623188405797185
2015-04-14,-2.5270758122743624,0.0770397348120357,2.5270758122743624
2015-04-15,0.7407407407407414,0.0158518921108451,0.7407407407407414
2015-04-16,-6.801470588235296,0.022463022405434,6.801470588235296
2015-04-17,0.986193293885598,-0.0672611037222855,0.986193293885598
2015-04-20,-1.1718750000000098,-0.0936015360353305,1.1718750000000098
2015-04-21,-7.114624505928843,-0.1242496470930051,7.114624505928843
2015-04-22,-2.978723404255331,-0.1783325166054994,2.978723404255331
2015-04-23,3.5087719298245648,-0.18346240950114,3.5087719298245648
2015-04-24,-2.5423728813559348,-0.1781924266887225,2.5423728813559348
2015-04-27,2.6086956521739157,-0.1626796511671861,2.6086956521739157
2015-04-28,-2.5423728813559348,-0.1177187555013128,2.5423728813559348
2015-04-29,-0.8695652173913052,-0.140321690670366,0.8695652173913052
2015-04-30,-0.8771929824561412,-0.1601889630354566,0.8771929824561412
2015-05-01,2.2123893805309853,-0.153077221009579,2.2123893805309853
2015-05-04,1.2987012987012905,-0.096921482597332,1.2987012987012905
2015-05-05,-2.136752136752129,-0.0551944150465661,2.136752136752129
2015-05-06,1.3100436681222625,-0.069187318628293,1.3100436681222625
2015-05-07,0.4310344827586306,-0.0449598856831012,0.4310344827586306
2015-05-08,-0.858369098712447,-0.0253039046161085,0.858369098712447
2015-05-11,0.4329004329004237,-0.0383296116203005,0.4329004329004237
2015-05-12,1.7241379310344844,-0.0197065996903711,1.7241379310344844
2015-05-13,0.8474576271186449,-0.0025105399000758,0.8474576271186449
2015-05-14,-2.1008403361344463,0.0074084299333992,2.1008403361344463
2015-05-15,0.858369098712447,-0.0279619448263111,0.858369098712447
2015-05-18,0.4255319148936079,-0.0257213061355057,0.4255319148936079
2015-05-19,-2.5423728813559348,-0.0536546921448883,2.5423728813559348
2015-05-20,0.4347826086956622,-0.0793408677859774,0.4347826086956622
2015-05-21,-0.4329004329004429,-0.0996693383036437,0.4329004329004429
2015-05-22,-1.304347826086948,-0.112954794801839,1.304347826086948
2015-05-26,-1.3215859030836918,-0.1420957388990471,1.3215859030836918
2015-05-27,1.7857142857142674,-0.1680718898916881,1.7857142857142674
2015-05-28,-0.4385964912280609,-0.1553836986103366,0.4385964912280609
2015-05-29,0.8810572687224677,-0.1360714226319486,0.8810572687224677
2015-06-01,-1.3100436681222816,-0.1133963632616797,1.3100436681222816
2015-06-02,1.7699115044247804,-0.1199743053242466,1.7699115044247804
2015-06-03,-0.8695652173913052,-0.0954250677911643,0.8695652173913052
2015-06-04,1.3157894736842215,-0.1037164441196225,1.3157894736842215
2015-06-05,0.0,-0.0804592754230592,0.0
2015-06-08,1.7316017316017331,-0.0581515663647189,1.7316017316017331
2015-06-09,-1.7021276595744694,-0.0185560147867921,1.7021276595744694
2015-06-10,1.2987012987012905,-0.0249294480954757,1.2987012987012905
2015-06-11,-1.2820512820512735,-0.0159611163095921,1.2820512820512735
2015-06-12,0.4329004329004237,-0.02619822191819,0.4329004329004237
2015-06-15,0.0,-0.0080567271501624,0.0
2015-06-16,2.155172413793115,-0.0035248799468734,2.155172413793115
2015-06-17,5.485232067510544,0.0214664645673022,5.485232067510544
2015-06-18,1.1999999999999922,0.0064434809315209,1.1999999999999922
2015-06-19,3.1620553359683825,0.0044534541891592,3.1620553359683825
2015-06-22,0.3831417624521161,0.0011854436552619,0.3831417624521161
2015-06-23,-0.7633587786259548,0.014781408286643,0.7633587786259548
2015-06-24,0.7692307692307699,0.0145725837439979,0.7692307692307699
2015-06-25,-3.053435114503819,0.0131035924962172,3.053435114503819
2015-06-26,-5.118110236220468,-0.0457185121158583,5.118110236220468
2015-06-29,0.8298755186721999,-0.0380654584002048,0.8298755186721999
2015-06-30,1.6460905349794253,-0.0219120955536778,1.6460905349794253
2015-07-01,-1.619433198380568,-0.1916514882950406,1.619433198380568
2015-07-02,1.2345679012345598,-0.1096202718986601,1.2345679012345598
2015-07-06,-17.073170731707314,-0.1206503922467473,17.073170731707314
2015-07-07,1.470588235294108,-0.3258511631029699,1.470588235294108
2015-07-08,-1.4492753623188313,-0.3499387359101895,1.4492753623188313
2015-07-09,-1.960784313725492,-0.3921845272005868,1.960784313725492
2015-07-10,-1.500000000000001,-0.4257408091137161,1.500000000000001
2015-07-13,3.0456852791878086,-0.4121332304395341,3.0456852791878086
2015-07-14,1.9704433497536968,-0.3694880232608117,1.9704433497536968
2015-07-15,-4.830917874396129,-0.3439940537797014,4.830917874396129
2015-07-16,-5.076142131979688,-0.3902536082354894,5.076142131979688
2015-07-17,-2.6737967914438525,-0.4335930908732781,2.6737967914438525
2015-07-20,0.0,-0.4661798078043639,0.0
2015-07-21,-1.0989010989011,-0.4795722905161364,1.0989010989011
2015-07-22,0.0,-0.4772901251188107,0.0
2015-07-23,-2.222222222222224,-0.5075916690521048,2.222222222222224
2015-07-24,-5.113636363636368,-0.5592358416582653,5.113636363636368
2015-07-27,-2.9940119760478936,-0.574512344776079,2.9940119760478936
2015-07-28,9.259259259259252,-0.5836519307725035,9.259259259259252
2015-07-29,9.604519774011296,-0.4543857892110383,9.604519774011296
2015-07-30,0.0,-0.3727471184135862,0.0
2015-07-31,-0.5154639175257737,-0.4025485788695697,0.5154639175257737
2015-08-03,12.95336787564768,-0.3815341629869045,12.95336787564768
2015-08-04,-3.2110091743119393,-0.3139118077883204,3.2110091743119393
2015-08-05,1.8957345971564,-0.228122380660815,1.8957345971564
2015-08-06,-2.325581395348829,-0.2258079386806922,2.325581395348829
2015-08-07,-8.571428571428578,-0.2419226205499912,8.571428571428578
2015-08-10,-0.5208333333333338,-0.3114796028520364,0.5208333333333338
2015-08-11,-1.5706806282722527,-0.3112730093834229,1.5706806282722527
2015-08-12,1.0638297872340436,-0.3244033598256006,1.0638297872340436
2015-08-13,-5.2631578947368345,-0.3484804720852768,5.2631578947368345
2015-08-14,1.111111111111112,-0.4094026277617344,1.111111111111112
2015-08-17,-1.6483516483516498,-0.3665789008033799,1.6483516483516498
2015-08-18,0.5586592178770955,-0.2613626795394266,0.5586592178770955
2015-08-19,-0.555555555555556,-0.3400707659146295,0.555555555555556
2015-08-20,-6.14525139664805,-0.3711843074326547,6.14525139664805
2015-08-21,0.5952380952380958,-0.3585962965062035,0.5952380952380958
2015-08-24,7.692307692307699,-0.3614073166969902,7.692307692307699
2015-08-25,-7.142857142857149,-0.3219374390746453,7.142857142857149
2015-08-26,2.9585798816568074,-0.3827100227763106,2.9585798816568074
2015-08-27,0.5747126436781614,-0.3843658324529073,0.5747126436781614
2015-08-28,4.0000000000000036,-0.3703778151906415,4.0000000000000036
2015-08-31,-2.7472527472527495,-0.355301369418087,2.7472527472527495
2015-09-01,-1.1299435028248597,-0.4088514211801125,1.1299435028248597
2015-09-02,0.571428571428572,-0.4288438562541795,0.571428571428572
2015-09-03,0.0,-0.4303924668695252,0.0
2015-09-04,5.113636363636368,-0.3920327944597025,5.113636363636368
2015-09-08,2.702702702702693,-0.3683873538535431,2.702702702702693
2015-09-09,-3.1578947368420964,-0.2624277314231079,3.1578947368420964
2015-09-10,2.1739130434782505,-0.3007630762216216,2.1739130434782505
2015-09-11,6.382978723404261,-0.2669829244147031,6.382978723404261
2015-09-14,-7.9999999999999964,-0.1096913957689564,7.9999999999999964
2015-09-15,1.6304347826086971,-0.0823862901044495,1.6304347826086971
2015-09-16,1.6042780748662997,-0.1571719683487862,1.6042780748662997
2015-09-17,-1.5789473684210424,-0.0855564092993126,1.5789473684210424
2015-09-18,0.0,-0.1631873740553959,0.0
2015-09-21,-3.743315508021394,-0.0959768960457316,3.743315508021394
2015-09-22,-2.222222222222224,-0.0924064444621217,2.222222222222224
2015-09-23,-4.545454545454549,-0.0832777129052691,4.545454545454549
2015-09-24,4.1666666666666705,-0.1607955335982446,4.1666666666666705
2015-09-25,-3.4285714285714315,-0.1775616673688383,3.4285714285714315
2015-09-28,-1.183431952662723,-0.1413259430436072,1.183431952662723
2015-09-29,1.7964071856287442,-0.1862742039567786,1.7964071856287442
2015-09-30,4.117647058823533,-0.1934143671823657,4.117647058823533
2015-10-01,-0.5649717514124298,-0.1515114584578963,0.5649717514124298
2015-10-02,3.4090909090909123,-0.1685100598047764,3.4090909090909123
2015-10-05,-1.0989010989011,-0.1873874963238745,1.0989010989011
2015-10-06,1.111111111111112,-0.2164513180338786,1.111111111111112
2015-10-07,2.7472527472527495,-0.1642538546499821,2.7472527472527495
2015-10-08,2.6737967914438405,-0.163109211529387,2.6737967914438405
2015-10-09,2.0833333333333353,-0.1516753064006988,2.0833333333333353
2015-10-12,-4.59183673469387,-0.0841288208846602,4.59183673469387
2015-10-13,2.6737967914438405,-0.1309923337866861,2.6737967914438405
2015-10-14,2.604166666666669,-0.1007457008466092,2.604166666666669
2015-10-15,1.52284263959391,-0.0539929111953973,1.52284263959391
2015-10-16,-4.5000000000000036,-0.0166553090320597,4.5000000000000036
2015-10-19,4.712041884816758,-0.0865718011046756,4.712041884816758
2015-10-20,1.0000000000000009,-0.0363381810500696,1.0000000000000009
2015-10-21,3.960396039603964,-0.040158519863714,3.960396039603964
2015-10-22,0.0,0.0168178151956293,0.0
2015-10-23,5.238095238095232,-0.0071500329965789,5.238095238095232
2015-10-26,-4.072398190045242,0.0556682634356534,4.072398190045242
2015-10-27,0.9433962264150952,-0.0004930523848379,0.9433962264150952
2015-10-28,0.4672897196261582,0.0087071494352202,0.4672897196261582
2015-10-29,-0.4651162790697575,-0.0072767686606836,0.4651162790697575
2015-10-30,-0.467289719626179,0.0070810980922116,0.467289719626179
2015-11-02,1.4084507042253638,-0.0125144895268854,1.4084507042253638
2015-11-03,5.092592592592586,0.0134763390270947,5.092592592592586
2015-11-04,-2.643171806167403,0.0599514171607511,2.643171806167403
2015-11-05,-0.9049773755656116,0.1130419590846626,0.9049773755656116
2015-11-06,-1.826484018264842,0.1014722142830284,1.826484018264842
2015-11-09,-2.7906976744186074,0.0323302888631474,2.7906976744186074
2015-11-10,-3.3492822966507103,0.0004393961750987,3.3492822966507103
2015-11-11,1.4851485148514754,-0.0634932522261984,1.4851485148514754
2015-11-12,-2.926829268292675,-0.0249596631376769,2.926829268292675
2015-11-13,0.0,-0.0542539936758141,0.0
2015-11-16,1.0050251256281304,-0.043764456847925,1.0050251256281304
2015-11-17,-0.9950248756218804,6.645892768029167e-05,0.9950248756218804
2015-11-18,5.52763819095478,0.0098025804345585,5.52763819095478
2015-11-19,1.9047619047619064,0.1089641505111734,1.9047619047619064
2015-11-20,3.738317757009349,0.1490897982379964,3.738317757009349
2015-11-23,-0.9009009009009016,0.2294300729964854,0.9009009009009016
2015-11-24,7.272727272727258,0.2177944695690822,7.272727272727258
2015-11-25,0.4237288135593318,0.2131689742219866,0.4237288135593318
2015-11-27,-1.265822784810137,0.2924008101909837,1.265822784810137
2015-11-30,0.8547008547008556,0.2971075667836357,0.8547008547008556
2015-12-01,-2.1186440677966027,0.3330233421094608,2.1186440677966027
2015-12-02,-2.5974025974025996,0.3161189756465422,2.5974025974025996
2015-12-03,-0.8888888888888897,0.258910099968213,0.8888888888888897
2015-12-04,1.345291479820619,0.2388440784029449,1.345291479820619
2015-12-07,3.539823008849561,0.2858701661481871,3.539823008849561
2015-12-08,1.2820512820512928,0.3672032161297017,1.2820512820512928
2015-12-09,-0.4219409282700519,0.4045573998471919,0.4219409282700519
2015-12-10,2.1186440677966214,0.3984308458715259,2.1186440677966214
2015-12-11,-2.0746887966805088,0.4399971123371276,2.0746887966805088
2015-12-14,-0.423728813559313,0.3955790131219923,0.423728813559313
2015-12-15,1.7021276595744694,0.3939263511394446,1.7021276595744694
2015-12-16,5.43933054393305,0.4390718153740224,5.43933054393305
2015-12-17,-0.3968253968254059,0.5161508222274741,0.3968253968254059
2015-12-18,-1.593625498007952,0.4748496662842929,1.593625498007952
2015-12-21,3.2388663967611184,0.4009719613275255,3.2388663967611184
2015-12-22,8.235294117647058,0.4490070209024748,8.235294117647058
2015-12-23,4.347826086956526,0.5219125780817742,4.347826086956526
2015-12-24,1.0416666666666754,0.4443118421011749,1.0416666666666754
2015-12-28,4.467353951890031,0.4885820251505429,4.467353951890031
2015-12-29,-1.6447368421052573,0.5327786133588708,1.6447368421052573
2015-12-30,-0.6688963210702347,0.5341495924182642,0.6688963210702347
2015-12-31,-6.73400673400674,0.5484033829580411,6.73400673400674
2016-01-04,0.0,0.4600997916427791,0.0
2016-01-05,-3.971119133574003,0.4789519948804634,3.971119133574003
2016-01-06,-8.646616541353383,0.4291819520091913,8.646616541353383
2016-01-07,-2.880658436214003,0.3636792439013692,2.880658436214003
2016-01-08,-8.474576271186429,0.3266904871402446,8.474576271186429
2016-01-11,11.1111111111111,0.3651824646552533,11.1111111111111
2016-01-12,0.0,0.4930624414786794,0.0
2016-01-13,-4.583333333333329,0.4958345115856182,4.583333333333329
2016-01-14,-8.296943231441045,0.518862041544296,8.296943231441045
2016-01-15,-0.9523809523809532,0.4991187922779242,0.9523809523809532
2016-01-19,-12.98076923076923,0.4107009457246333,12.98076923076923
2016-01-20,0.5524861878453043,0.5152689580650965,0.5524861878453043
2016-01-21,15.934065934065924,0.4719415631703178,15.934065934065924
2016-01-22,-4.739336492891,0.5404393418941148,4.739336492891
2016-01-25,6.467661691542306,0.4928318847366165,6.467661691542306
2016-01-26,-2.803738317757012,0.5345697824554516,2.803738317757012
2016-01-27,3.84615384615385,0.541513597212307,3.84615384615385
2016-01-28,-3.240740740740754,0.5460674501104499,3.240740740740754
2016-01-29,3.827751196172252,0.5419335206468945,3.827751196172252
2016-02-01,-2.7649769585253483,0.5097748535547837,2.7649769585253483
2016-02-02,-3.317535545023689,0.4909792289949315,3.317535545023689
2016-02-03,0.980392156862746,0.4984245429094247,0.980392156862746
2016-02-04,0.0,0.495523878722992,0.0
2016-02-05,-4.368932038834955,0.4121187037231382,4.368932038834955
2016-02-08,-4.06091370558376,0.4549878799007008,4.06091370558376
2016-02-09,1.5873015873015888,0.411518599365241,1.5873015873015888
2016-02-10,-5.208333333333326,0.3987400433675634,5.208333333333326
2016-02-11,3.846153846153838,0.3944390541319724,3.846153846153838
2016-02-12,-1.587301587301577,0.428365566635243,1.587301587301577
2016-02-16,-0.537634408602151,0.4525308934485276,0.537634408602151
2016-02-17,4.324324324324316,0.4651649415150088,4.324324324324316
2016-02-18,0.0,0.5777823462214885,0.0
2016-02-19,0.5181347150259072,0.5157740284406015,0.5181347150259072
2016-02-22,5.154639175257737,0.5864807142204296,5.154639175257737
2016-02-23,-2.9411764705882377,0.664606417876096,2.9411764705882377
2016-02-24,2.020202020202022,0.6071477507671532,2.020202020202022
2016-02-25,0.990099009900991,0.563477362936276,0.990099009900991
2016-02-26,0.980392156862746,0.5836551503950014,0.980392156862746
2016-02-29,4.854368932038839,0.5463413080529357,4.854368932038839
2016-03-01,1.8518518518518536,0.620900367403495,1.8518518518518536
2016-03-02,5.454545454545439,0.6366660926319928,5.454545454545439
2016-03-03,4.310344827586211,0.6537377993683362,4.310344827586211
2016-03-04,-2.479338842975209,0.6698609821891065,2.479338842975209
2016-03-07,3.3898305084745797,0.6390810297304444,3.3898305084745797
2016-03-08,-4.9180327868852505,0.7416648087117595,4.9180327868852505
2016-03-09,-1.2931034482758537,0.6427162072675467,1.2931034482758537
2016-03-10,0.0,0.6067772652129422,0.0
2016-03-11,10.480349344978157,0.5957211789546449,10.480349344978157
2016-03-14,5.533596837944669,0.8087202101321833,5.533596837944669
2016-03-15,-6.3670411985018704,0.7745469179858469,6.3670411985018704
2016-03-16,10.8,0.7262402827536962,10.8
2016-03-17,1.0830324909747222,0.7318675164503206,1.0830324909747222
2016-03-18,3.5714285714285747,0.7423984774136826,3.5714285714285747
2016-03-21,-5.862068965517239,0.6568650007288623,5.862068965517239
2016-03-22,2.564102564102558,0.7216908613093489,2.564102564102558
2016-03-23,-3.928571428571424,0.7198035888740517,3.928571428571424
2016-03-24,4.460966542750933,0.6973592978195744,4.460966542750933
2016-03-28,-2.4911032028469693,0.7379945334262051,2.4911032028469693
2016-03-29,5.1094890510948785,0.7344777650661113,5.1094890510948785
2016-03-30,-1.3888888888888902,0.7611052967228417,1.3888888888888902
2016-03-31,-1.760563380281684,0.6547462266555555,1.760563380281684
2016-04-01,1.4336917562724028,0.6855616607538942,1.4336917562724028
2016-04-04,-2.4734982332155577,0.7256579825027891,2.4734982332155577
2016-04-05,-0.3623188405797024,0.727410423730942,0.3623188405797024
2016-04-06,0.3636363636363559,0.7572775626832244,0.3636363636363559
2016-04-07,-2.173913043478247,0.8084135713061014,2.173913043478247
2016-04-08,2.2222222222222077,0.7586504001618399,2.2222222222222077
2016-04-11,1.0869565217391397,0.8294244275429428,1.0869565217391397
2016-04-12,-0.3584229390681086,0.8328950328643533,0.3584229390681086
2016-04-13,-0.3597122302158197,0.8002255588656769,0.3597122302158197
2016-04-14,-1.8050541516245424,0.7797331471754557,1.8050541516245424
2016-04-15,-1.8382352941176567,0.6857881874913916,1.8382352941176567
2016-04-18,4.1198501872659135,0.6172732003921508,4.1198501872659135
2016-04-19,-5.755395683453227,0.6519702544507974,5.755395683453227
2016-04-20,1.145038167938924,0.5626202086990956,1.145038167938924
2016-04-21,20.37735849056604,0.4471932493779233,20.37735849056604
2016-04-22,19.43573667711599,0.7770650353464421,19.43573667711599
2016-04-25,-9.448818897637793,0.8252659137720944,9.448818897637793
2016-04-26,2.8985507246376705,0.8362194980012904,2.8985507246376705
2016-04-27,3.9436619718309895,0.8832138576662346,3.9436619718309895
2016-04-28,0.0,0.9426818394861616,0.0
2016-04-29,-2.9810298102980997,0.9519401792665606,2.9810298102980997
2016-05-02,3.351955307262573,0.899033372627866,3.351955307262573
2016-05-03,-4.324324324324328,0.851601930663,4.324324324324328
2016-05-04,2.8248587570621493,0.7898937260330928,2.8248587570621493
2016-05-05,0.2747252747252688,0.803480839107191,0.2747252747252688
2016-05-06,0.2739726027397323,0.7781002144993859,0.2739726027397323
2016-05-09,0.0,0.8057786462477354,0.0
2016-05-10,-1.3661202185792425,0.7985792652010052,1.3661202185792425
2016-05-11,1.1080332409972309,0.7448677031160815,1.1080332409972309
2016-05-12,-2.4657534246575303,0.7046312933034249,2.4657534246575303
2016-05-13,3.089887640449435,0.6581956741937476,3.089887640449435
2016-05-16,3.542234332425066,0.6841546356600423,3.542234332425066
2016-05-17,-0.2631578947368365,0.6970539395071966,0.2631578947368365
2016-05-18,1.0554089709762542,0.6579919897635644,1.0554089709762542
2016-05-19,0.0,0.6486006706605779,0.0
2016-05-20,1.827676240208873,0.6626600606247729,1.827676240208873
2016-05-23,4.8717948717948705,0.6944734034166029,4.8717948717948705
2016-05-24,3.667481662591696,0.7697583096331657,3.667481662591696
2016-05-25,-1.1792452830188638,0.8358329164550239,1.1792452830188638
2016-05-26,4.773269689737453,0.8597263936758271,4.773269689737453
2016-05-27,6.378132118451031,0.9173126656899212,6.378132118451031
2016-05-31,-1.498929336188443,0.9570353545878392,1.498929336188443
2016-06-01,-4.99999999999999,0.9846881946709528,4.99999999999999
2016-06-02,-4.805491990846681,0.9331539117744322,4.805491990846681
2016-06-03,0.9615384615384625,0.9412415968457124,0.9615384615384625
2016-06-06,8.571428571428557,0.8773090816393911,8.571428571428557
2016-06-07,-0.4385964912280609,0.9672553962560476,0.4385964912280609
2016-06-08,-2.863436123348015,0.9692034927731836,2.863436123348015
2016-06-09,-0.2267573696145076,0.9346332725389004,0.2267573696145076
2016-06-10,-1.8181818181818197,0.9203981174313616,1.8181818181818197
2016-06-13,1.8518518518518536,0.9723614866755036,1.8518518518518536
2016-06-14,0.9090909090909098,0.944253720381428,0.9090909090909098
2016-06-15,1.3513513513513424,0.8494932845124663,1.3513513513513424
2016-06-16,5.555555555555555,0.917840664576058,5.555555555555555
2016-06-17,13.47368421052631,0.9064889335529132,13.47368421052631
2016-06-20,-5.380333951762524,0.8863810393023162,5.380333951762524
2016-06-21,7.058823529411771,0.8559496568736669,7.058823529411771
2016-06-22,-5.311355311355312,0.9141280840425656,5.311355311355312
2016-06-23,-6.769825918762082,0.869117455200024,6.769825918762082
2016-06-24,1.2448132780082906,0.8794317224635391,1.2448132780082906
2016-06-27,1.4344262295082026,0.9103116192446392,1.4344262295082026
2016-06-28,7.272727272727261,0.9137077821504838,7.272727272727261
2016-06-29,-3.3898305084745712,1.0012576096466863,3.3898305084745712
2016-06-30,-0.7797270955165699,1.0100997027951049,0.7797270955165699
2016-07-01,-1.1787819253438037,1.027992251289942,1.1787819253438037
2016-07-05,-2.385685884691851,1.0221089346184458,2.385685884691851
2016-07-06,3.2586558044806546,1.065160240570249,3.2586558044806546
2016-07-07,-4.536489151873775,1.0399457646086372,4.536489151873775
2016-07-08,5.991735537190084,1.010820399860015,5.991735537190084
2016-07-11,-2.3391812865497097,1.0472636610848394,2.3391812865497097
2016-07-12,2.594810379241515,0.9899651939229496,2.594810379241515
2016-07-13,0.1945525291828925,1.0009054076813002,0.1945525291828925
2016-07-14,0.9708737864077636,0.9879096042448609,0.9708737864077636
2016-07-15,-0.1923076923076882,0.9437632453691736,0.1923076923076882
2016-07-18,5.973025048169549,0.972392109824735,5.973025048169549
2016-07-19,-0.3636363636363559,1.0249687118612845,0.3636363636363559
2016-07-20,-0.9124087591241004,1.0149859624050583,0.9124087591241004
2016-07-21,5.524861878453052,0.9798304265441996,5.524861878453052
2016-07-22,3.490401396160546,0.9943030012847304,3.490401396160546
2016-07-25,13.996627318718382,1.002885519665583,13.996627318718382
2016-07-26,2.514792899408283,0.9639886471409964,2.514792899408283
2016-07-27,-2.020202020202016,0.9773663432170506,2.020202020202016
2016-07-28,1.325478645066272,1.0027021845725017,1.325478645066272
2016-07-29,0.1453488372092992,0.9999320405296812,0.1453488372092992
2016-08-01,-4.789550072568942,1.031307114118252,4.789550072568942
2016-08-02,-5.792682926829267,0.9591201739898936,5.792682926829267
2016-08-03,3.398058252427184,0.8265866574072346,3.398058252427184
2016-08-04,2.6604068857589973,0.7928706448950387,2.6604068857589973
2016-08-05,2.1341463414634236,0.8025315767389852,2.1341463414634236
2016-08-08,0.7462686567164153,0.8871836053605211,0.7462686567164153
2016-08-09,-5.925925925925931,0.7912638010085327,5.925925925925931
2016-08-10,2.3622047244094544,0.7210236701122261,2.3622047244094544
2016-08-11,1.538461538461533,0.7211831094409761,1.538461538461533
2016-08-12,2.8787878787878847,0.7865629724930319,2.8787878787878847
2016-08-15,2.2091310751104616,0.8014109164378977,2.2091310751104616
2016-08-16,-3.458213256484153,0.8613038901188218,3.458213256484153
2016-08-17,0.5970149253731348,0.777296848424048,0.5970149253731348
2016-08-18,7.41839762611276,0.7908470844635979,7.41839762611276
2016-08-19,8.149171270718229,0.8438127157947903,8.149171270718229
2016-08-22,-2.1711366538952737,0.9099038449544816,2.1711366538952737
2016-08-23,0.1305483028720598,0.9400521311823296,0.1305483028720598
2016-08-24,-2.3468057366362416,0.9417531545982468,2.3468057366362416
2016-08-25,0.0,0.9418076684416724,0.0
2016-08-26,3.070761014686242,0.9443681543820178,3.070761014686242
2016-08-29,-1.4248704663212362,0.9796038799610132,1.4248704663212362
2016-08-30,-1.1826544021025065,0.9816394634156492,1.1826544021025065
2016-08-31,-4.52127659574468,0.9451423044106232,4.52127659574468
2016-09-01,4.317548746518113,0.8954707525205859,4.317548746518113
2016-09-02,0.9345794392523284,0.9432298568245278,0.9345794392523284
2016-09-06,-6.746031746031743,0.9723137037527624,6.746031746031743
2016-09-07,-5.815602836879434,0.9177819145911956,5.815602836879434
2016-09-08,-6.174698795180713,0.9426227533274416,6.174698795180713
2016-09-09,-6.4205457463884485,0.8617112039941894,6.4205457463884485
2016-09-12,1.5437392795883338,0.7807007909971507,1.5437392795883338
2016-09-13,-2.8716216216216206,0.5743540606396056,2.8716216216216206
2016-09-14,5.913043478260867,0.5745177920696731,5.913043478260867
2016-09-15,2.1346469622331674,0.5150056631502082,2.1346469622331674
2016-09-16,-1.6077170418006377,0.6592114182141601,1.6077170418006377
2016-09-19,1.7973856209150378,0.6056916509522432,1.7973856209150378
2016-09-20,-0.4815409309791372,0.5687794751426086,0.4815409309791372
2016-09-21,2.4193548387096686,0.5651306127699037,2.4193548387096686
2016-09-22,-0.6299212598425202,0.624471315240697,0.6299212598425202
2016-09-23,3.645007923930277,0.5860643540971308,3.645007923930277
2016-09-26,-1.3761467889908234,0.6870931004378384,1.3761467889908234
2016-09-27,1.8604651162790713,0.6423115233088229,1.8604651162790713
2016-09-28,0.0,0.6606005753801413,0.0
2016-09-29,1.9786910197869083,0.6626525269533345,1.9786910197869083
2016-09-30,3.7313432835820897,0.6890422800856383,3.7313432835820897
2016-10-03,0.7194244604316521,0.7544377864002498,0.7194244604316521
2016-10-04,-0.4285714285714321,0.7640375448626444,0.4285714285714321
2016-10-05,-3.586800573888092,0.7846182962827039,3.586800573888092
2016-10-06,2.976190476190479,0.7034932031004109,2.976190476190479
2016-10-07,-1.445086705202307,0.686877674110467,1.445086705202307
2016-10-10,-0.2932551319648161,0.678911789984606,0.2932551319648161
2016-10-11,-2.3529411764705905,0.6616226289366204,2.3529411764705905
2016-10-12,-2.108433734939754,0.6289832647733675,2.108433734939754
2016-10-13,6.461538461538461,0.5700469497079709,6.461538461538461
2016-10-14,0.0,0.6018655878813092,0.0
2016-10-17,-2.312138728323702,0.5806045047928309,2.312138728323702
2016-10-18,-0.8875739644970356,0.547333527394358,0.8875739644970356
2016-10-19,1.6417910447761108,0.4939646306524761,1.6417910447761108
2016-10-20,-4.5521292217327405,0.4422089351793592,4.5521292217327405
2016-10-21,1.076923076923081,0.4034881442306199,1.076923076923081
2016-10-24,5.022831050228311,0.4456621584211552,5.022831050228311
2016-10-25,7.246376811594202,0.5498944697493305,7.246376811594202
2016-10-26,0.540540540540541,0.5074208714561761,0.540540540540541
2016-10-27,-4.569892473118289,0.4605689888492947,4.569892473118289
2016-10-28,1.971830985915501,0.4239852873364094,1.971830985915501
2016-10-31,1.104972375690609,0.4747426838170982,1.104972375690609
2016-11-01,-3.9617486338797816,0.5012840509310217,3.9617486338797816
2016-11-02,-3.5561877667140824,0.4531637917949682,3.5561877667140824
2016-11-03,-1.327433628318582,0.3811517960053401,1.327433628318582
2016-11-04,1.4947683109118033,0.3405616308991316,1.4947683109118033
2016-11-07,0.8836524300441768,0.3392852141167342,0.8836524300441768
2016-11-08,-2.1897810218978027,0.3149668938891442,2.1897810218978027
2016-11-09,1.7910447761194046,0.2829124396104044,1.7910447761194046
2016-11-10,-2.639296187683293,0.3437473250028565,2.639296187683293
2016-11-11,2.861445783132536,0.2461257678995527,2.861445783132536
2016-11-14,-0.1464128843338182,0.3231460739593518,0.1464128843338182
2016-11-15,3.95894428152492,0.3842046200198893,3.95894428152492
2016-11-16,9.87306064880113,0.4172031667432414,9.87306064880113
2016-11-17,11.424903722721432,0.439476819749434,11.424903722721432
2016-11-18,2.188940092165893,0.2947856477763054,2.188940092165893
2016-11-21,2.0293122886133204,0.3815048049252569,2.0293122886133204
2016-11-22,-3.646408839779006,0.4268399347981004,3.646408839779006
2016-11-23,0.9174311926605512,0.4026275298288883,0.9174311926605512
2016-11-25,-0.9090909090909098,0.430353041384129,0.9090909090909098
2016-11-28,3.211009174311919,0.3866895987644775,3.211009174311919
2016-11-29,0.2222222222222175,0.4713696086934119,0.2222222222222175
2016-11-30,-1.108647450110861,0.407674139356025,1.108647450110861
2016-12-01,-6.0538116591928155,0.4112415957255736,6.0538116591928155
2016-12-02,3.699284009546523,0.3330364232472836,3.699284009546523
2016-12-05,2.9919447640966608,0.3687946461167016,2.9919447640966608
2016-12-06,7.821229050279343,0.4054047436024327,7.821229050279343
2016-12-07,2.5906735751295336,0.4435129077001825,2.5906735751295336
2016-12-08,4.848484848484853,0.418567140086177,4.848484848484853
2016-12-09,0.1926782273603041,0.5035125436710222,0.1926782273603041
2016-12-12,3.365384615384612,0.4906950159257072,3.365384615384612
2016-12-13,-2.9767441860465143,0.5856612850693531,2.9767441860465143
2016-12-14,2.3969319271332696,0.3870004764751955,2.3969319271332696
2016-12-15,2.4344569288389493,0.3359758854599871,2.4344569288389493
2016-12-16,-1.1882998171846344,0.3419056383416701,1.1882998171846344
2016-12-19,3.5152636447733485,0.3560249671138006,3.5152636447733485
2016-12-20,3.753351206434316,0.3864634467839321,3.753351206434316
2016-12-21,0.3445305770887246,0.428749415153412,0.3445305770887246
2016-12-22,-3.004291845493559,0.4684893234530611,3.004291845493559
2016-12-23,3.0973451327433597,0.5007361216613219,3.0973451327433597
2016-12-27,5.407725321888403,0.4905239623570846,5.407725321888403
2016-12-28,-8.469055374592827,0.5147609640433234,8.469055374592827
2016-12-29,4.092526690391451,0.3628900884803231,4.092526690391451
2016-12-30,-2.393162393162388,0.3791084768060425,2.393162393162388
2017-01-03,0.2626970227670697,0.4275238644764594,0.2626970227670697
2017-01-04,-0.1746724890829657,0.3952714291141537,0.1746724890829657
2017-01-05,-1.2248468941382378,0.3635719417644577,1.2248468941382378
2017-01-06,0.7085916740478306,0.3084078669186161,0.7085916740478306
2017-01-09,1.5831134564643932,0.2960293804017836,1.5831134564643932
2017-01-10,-1.3852813852813863,0.3509756846719788,1.3852813852813863
2017-01-11,-3.5996488147497816,0.2530672055918704,3.5996488147497816
2017-01-12,-1.7304189435337092,0.2217376830243628,1.7304189435337092
2017-01-13,-5.746061167747908,0.1157215871391543,5.746061167747908
2017-01-17,-6.1946902654867335,0.1118246618405176,6.1946902654867335
2017-01-18,3.983228511530407,0.0909823558341234,3.983228511530407
2017-01-19,-0.4032258064516043,0.1367227117241005,0.4032258064516043
2017-01-20,-2.024291497975719,0.1359507761073899,2.024291497975719
2017-01-23,2.789256198347103,0.0764302155684722,2.789256198347103
2017-01-24,7.939698492462321,0.1270037411199852,7.939698492462321
2017-01-25,-3.6312849162011225,0.1860183964620148,3.6312849162011225
2017-01-26,2.4154589371980677,0.2278445903928276,2.4154589371980677
2017-01-27,0.1886792452830148,0.1964381775028021,0.1886792452830148
2017-01-30,-0.1883239171374724,0.2059144539890829,0.1883239171374724
2017-01-31,2.83018867924529,0.2243183380443105,2.83018867924529
2017-02-01,9.908256880733944,0.27996499220539,9.908256880733944
2017-02-02,3.2554257095158494,0.3766077227309873,3.2554257095158494
2017-02-03,0.7275666936135945,0.5041049985521632,0.7275666936135945
2017-02-06,12.76083467094703,0.5078388929390372,12.76083467094703
2017-02-07,-5.978647686832739,0.9272510046103644,5.978647686832739
2017-02-08,4.314912944738823,0.7886681443020412,4.314912944738823
2017-02-09,0.5805515239477509,0.7867895541081842,0.5805515239477509
2017-02-10,-1.1544011544011554,0.8295414799043909,1.1544011544011554
2017-02-13,-1.970802919708026,0.8026298244352081,1.970802919708026
2017-02-14,-1.712583767684292,0.8096324145743812,1.712583767684292
2017-02-15,0.3787878787878841,0.7676745142798436,0.3787878787878841
2017-02-16,-3.4716981132075535,0.7903792062302036,3.4716981132075535
2017-02-17,4.847537138389375,0.7138618345656184,4.847537138389375
2017-02-21,6.6368381804623455,0.7776910603380272,6.6368381804623455
2017-02-22,-0.6993006993007091,0.8038667726723763,0.6993006993007091
2017-02-23,-1.4084507042253471,0.8108021184834032,1.4084507042253471
2017-02-24,1.9285714285714255,0.6564150033015179,1.9285714285714255
2017-02-27,8.269096005606166,0.6267888131001492,8.269096005606166
2017-02-28,-2.394822006472487,0.7395909212388382,2.394822006472487
2017-03-01,-3.2493368700265264,0.7377325484397717,3.2493368700265264
2017-03-02,-7.128169979437965,0.7432019526442232,7.128169979437965
2017-03-03,-4.0590405904059095,0.6459105611077046,4.0590405904059095
2017-03-06,0.5384615384615407,0.6357203150948395,0.5384615384615407
2017-03-07,1.3771996939556213,0.647676326217793,1.3771996939556213
2017-03-08,1.5094339622641455,0.6870071604552036,1.5094339622641455
2017-03-09,0.3717472118959161,0.7145647551387165,0.3717472118959161
2017-03-10,7.2222222222222205,0.6317908129956944,7.2222222222222205
2017-03-13,-3.2815198618307404,0.7330062353282639,3.2815198618307404
2017-03-14,0.2142857142857097,0.7356515193379523,0.2142857142857097
2017-03-15,-1.710620099786174,0.7476312452230391,1.710620099786174
2017-03-16,-1.2327773749093542,0.7106673511100767,1.2327773749093542
2017-03-17,0.4405286343612372,0.7435148039330834,0.4405286343612372
2017-03-20,5.263157894736846,0.7248037458004601,5.263157894736846
2017-03-21,-4.861111111111119,0.7462459640207155,4.861111111111119
2017-03-22,1.8978102189781136,0.6069621482257398,1.8978102189781136
2017-03-23,1.4326647564469863,0.6203726483904244,1.4326647564469863
2017-03-24,-5.720338983050851,0.686766608560844,5.720338983050851
2017-03-27,2.996254681647943,0.6034630886535398,2.996254681647943
2017-03-28,-0.0727272727272711,0.6224633359641372,0.0727272727272711
2017-03-29,-0.072780203784569,0.6603931266491518,0.072780203784569
2017-03-30,2.6948288419519244,0.6931385893697951,2.6948288419519244
2017-03-31,3.546099290780142,0.7377865612945463,3.546099290780142
2017-04-03,-1.986301369863008,0.7632948639997833,1.986301369863008
2017-04-04,-0.2096436058700289,0.7391499368715939,0.2096436058700289
2017-04-05,-6.0224089635854305,0.7579322101665299,6.0224089635854305
2017-04-06,-0.6706408345752598,0.6845363353638848,0.6706408345752598
2017-04-07,1.4253563390847674,0.7076976484619389,1.4253563390847674
2017-04-10,-3.698224852071006,0.7260289162667196,3.698224852071006
2017-04-11,-0.6144393241167441,0.6777075211655793,0.6144393241167441
2017-04-12,-3.361669242658414,0.6312152499289102,3.361669242658414
2017-04-13,0.1999200319871937,0.535031266041546,0.1999200319871937
2017-04-17,0.79808459696729,0.4548543977656965,0.79808459696729
2017-04-18,3.642121931908147,0.4332728977750285,3.642121931908147
2017-04-19,-0.8403361344537772,0.444033484283479,0.8403361344537772
2017-04-20,0.77041602465331,0.4792075846342535,0.77041602465331
2017-04-21,1.1467889908256907,0.4631889116743568,1.1467889908256907
2017-04-24,0.0755857898715025,0.4885487493577308,0.0755857898715025
2017-04-25,1.3595166163141972,0.4564052202884999,1.3595166163141972
2017-04-26,0.0745156482861385,0.4686884939759445,0.0745156482861385
2017-04-27,2.233804914370817,0.4816279563690778,2.233804914370817
2017-04-28,-2.184996358339408,0.5681436293853948,2.184996358339408
2017-05-01,-12.658227848101262,0.5078558788516918,12.658227848101262
2017-05-02,-12.2762148337596,0.3651387167062329,12.2762148337596
2017-05-03,2.526724975704583,0.2978935762541123,2.526724975704583
2017-05-04,-3.981042654028435,0.2699382697948251,3.981042654028435
2017-05-05,0.8884501480750232,0.1724446588830602,0.8884501480750232
2017-05-08,-1.7612524461839676,0.1681552377160459,1.7612524461839676
2017-05-09,4.1334661354581765,0.1157496701810702,4.1334661354581765
2017-05-10,2.725968436154951,0.1920455799403376,2.725968436154951
2017-05-11,4.283054003724386,0.1933008036288647,4.283054003724386
2017-05-12,1.875000000000008,0.2116824700308252,1.875000000000008
2017-05-15,2.1910604732690624,0.2418906941538227,2.1910604732690624
2017-05-16,1.28644939965695,0.2314570944738171,1.28644939965695
2017-05-17,-6.943268416596107,0.206894777046071,6.943268416596107
2017-05-18,4.36760691537762,0.1242457469130313,4.36760691537762
2017-05-19,0.1743679163033964,0.185062170447243,0.1743679163033964
2017-05-22,-4.525674499564835,0.1621369614741331,4.525674499564835
2017-05-23,0.7292616226071109,0.0707759485116082,0.7292616226071109
2017-05-24,-0.3619909502262526,0.1688718290905664,0.3619909502262526
2017-05-25,-1.4532243415077215,0.1223530120645859,1.4532243415077215
2017-05-26,0.921658986175112,0.1327968621217882,0.921658986175112
2017-05-30,3.1050228310502272,0.1381792287016983,3.1050228310502272
2017-05-31,-0.3542958370239074,0.1765572973788961,0.3542958370239074
2017-06-01,-2.8444444444444468,0.1889881739126881,2.8444444444444468
2017-06-02,-0.8234217749313802,0.1463606856569753,0.8234217749313802
2017-06-05,3.966789667896677,0.1185760742333976,3.966789667896677
2017-06-06,10.204081632653065,0.1817362346692898,10.204081632653065
2017-06-07,3.1400966183574925,0.2986884244324742,3.1400966183574925
2017-06-08,2.263856362217011,0.3450237500005973,2.263856362217011
2017-06-09,-10.30534351145038,0.4104259003844605,10.30534351145038
2017-06-12,4.936170212765958,0.3511870301063865,4.936170212765958
2017-06-13,-3.4063260340632597,0.3400826462467236,3.4063260340632597
2017-06-14,-4.785894206549121,0.316141646922477,4.785894206549121
2017-06-15,2.8218694885361577,0.2888058414037472,2.8218694885361577
2017-06-16,-0.2572898799313838,0.2833947004497447,0.2572898799313838
2017-06-19,4.8151332760103065,0.1989831727676344,4.8151332760103065
2017-06-20,9.5980311730927,0.2894154424670158,9.5980311730927
2017-06-21,5.538922155688625,0.3373641472017295,5.538922155688625
2017-06-22,0.3546099290780192,0.3772908897134961,0.3546099290780192
2017-06-23,1.6961130742049484,0.3865453180703703,1.6961130742049484
2017-06-26,-4.378040305767899,0.3690267997757245,4.378040305767899
2017-06-27,-0.7994186046511587,0.232061862636194,0.7994186046511587
2017-06-28,-4.322344322344321,0.1856869617770474,4.322344322344321
2017-06-29,-3.7519142419601854,0.0538980079058202,3.7519142419601854
2017-06-30,0.0,-0.1151516560658357,0.0
2017-07-03,-1.6706443914081213,-0.0488504967167067,1.6706443914081213
2017-07-05,4.692556634304208,-0.128524788848952,4.692556634304208
2017-07-06,2.550231839258115,-0.0680270635299841,2.550231839258115
2017-07-07,2.562170308967595,-0.0181860899771244,2.562170308967595
2017-07-10,1.1756061719324038,0.039409234790421,1.1756061719324038
2017-07-11,2.904865649963692,0.0778054869417094,2.904865649963692
2017-07-12,1.1291460832745246,0.1136270683795439,1.1291460832745246
2017-07-13,-6.0711793440334905,0.1597875761779131,6.0711793440334905
2017-07-14,4.234769687964327,0.0582730102552644,4.234769687964327
2017-07-17,-5.274411974340701,0.0142671445481377,5.274411974340701
2017-07-18,2.483069977426638,-0.0295516166124625,2.483069977426638
2017-07-19,-0.073421439060204,0.0053612911736547,0.073421439060204
2017-07-20,0.6612784717119755,-0.0223760941456383,0.6612784717119755
2017-07-21,2.1897810218978155,-0.1179613750500468,2.1897810218978155
2017-07-24,2.0714285714285654,-0.0643541766954729,2.0714285714285654
2017-07-25,5.8782365290413,-0.0227095742514163,5.8782365290413
2017-07-26,-0.925313945803044,0.0984374510732006,0.925313945803044
2017-07-27,-7.638425617078049,0.1488731268360024,7.638425617078049
2017-07-28,1.769591910436975,0.0751417902910977,1.769591910436975
2017-07-31,-2.625975869410924,0.0735304872051498,2.625975869410924
2017-08-01,0.6559766763848386,0.029098912871732,0.6559766763848386
2017-08-02,-2.8240405503258548,0.0062819657802464,2.8240405503258548
2017-08-03,-1.639344262295087,-0.1219585446061026,1.639344262295087
2017-08-04,0.9848484848484907,-0.1048370062226088,0.9848484848484907
2017-08-07,1.125281320330085,-0.0954990222354409,1.125281320330085
2017-08-08,-5.341246290801191,-0.0589103927794678,5.341246290801191
2017-08-09,-0.470219435736681,-0.1001266378974798,0.470219435736681
2017-08-10,-5.196850393700789,-0.1255259796509638,5.196850393700789
2017-08-11,4.485049833887051,-0.240791578173012,4.485049833887051
2017-08-14,3.418124006359298,-0.1420137651966777,3.418124006359298
2017-08-15,1.2298232129131448,-0.1279880520208773,1.2298232129131448
2017-08-16,-5.391040242976455,-0.1210252083810929,5.391040242976455
2017-08-17,-0.2407704654895757,-0.115339466688466,0.2407704654895757
2017-08-18,-0.0804505229283973,-0.1563592533580611,0.0804505229283973
2017-08-21,-1.7713365539452548,-0.1565135487634016,1.7713365539452548
2017-08-22,-1.6393442622950762,-0.1847148407160998,1.6393442622950762
2017-08-23,5.749999999999996,-0.2430520614721378,5.749999999999996
2017-08-24,-1.4184397163120546,-0.2022595043708306,1.4184397163120546
2017-08-25,0.159872102318142,-0.1723454787711768,0.159872102318142
2017-08-28,-4.229848363926571,-0.1758364766969947,4.229848363926571
2017-08-29,1.5833333333333293,-0.162058227899148,1.5833333333333293
2017-08-30,5.168170631665306,-0.1394223994909984,5.168170631665306
2017-08-31,2.3400936037441413,-0.0875254809415174,2.3400936037441413
2017-09-01,-1.8292682926829151,-0.0138552474921529,1.8292682926829151
2017-09-05,1.086956521739121,-0.0216814437735122,1.086956521739121
2017-09-06,-1.3824884792626706,0.0255668816536612,1.3824884792626706
2017-09-07,-2.0950155763239886,0.0080548514415022,2.0950155763239886
2017-09-08,-0.882984647203873,-0.0370392569543661,0.882984647203873
2017-09-11,1.605136436597105,-0.0939662002739343,1.605136436597105
2017-09-12,-3.4755134281200593,-0.0661715241591084,3.4755134281200593
2017-09-13,-0.572831423895256,-0.114106444477393,0.572831423895256
2017-09-14,1.4814814814814792,-0.1339533609784526,1.4814814814814792
2017-09-15,3.5685320356853163,0.0002859158281941,3.5685320356853163
2017-09-18,3.7588097102584217,0.0539819866651888,3.7588097102584217
2017-09-19,-1.3584905660377338,0.1217147339529747,1.3584905660377338
2017-09-20,7.115531752104053,0.0879414146730572,7.115531752104053
2017-09-21,-5.71428571428572,0.177592523618051,5.71428571428572
2017-09-22,0.3787878787878841,0.2206164960771909,0.3787878787878841
2017-09-25,-3.0188679245283048,0.2905196127977426,3.0188679245283048
2017-09-26,-1.5564202334630295,0.2309704418929944,1.5564202334630295
2017-09-27,0.8695652173912999,0.2591373486533929,0.8695652173912999
2017-09-28,0.0391849529780625,0.2547774627319628,0.0391849529780625
2017-09-29,0.2741872307089709,0.2630761225421718,0.2741872307089709
2017-10-02,-0.5468750000000022,0.2277691331079094,0.5468750000000022
2017-10-03,4.556166535742341,0.1901701837484437,4.556166535742341
2017-10-04,0.5259203606311066,0.2167205615496288,0.5259203606311066
2017-10-05,-1.195814648729448,0.2045242027378755,1.195814648729448
2017-10-06,0.3025718608169375,0.1686402508868523,0.3025718608169375
2017-10-09,3.4690799396681813,0.1605149326427097,3.4690799396681813
2017-10-10,-0.7288629737609432,0.259669471647618,0.7288629737609432
2017-10-11,1.6886930983847317,0.2167553124193202,1.6886930983847317
2017-10-12,3.3935018050541563,0.2361348176560573,3.3935018050541563
2017-10-13,-0.48882681564246,0.3130132799217702,0.48882681564246
2017-10-16,-0.0701754385964897,0.2978936540835978,0.0701754385964897
2017-10-17,-0.2808988764045008,0.2955638826815435,0.2808988764045008
2017-10-18,-2.464788732394364,0.2943601184882903,2.464788732394364
2017-10-19,1.2996389891696731,0.2415980825285513,1.2996389891696731
2017-10-20,-0.6414825374198136,0.2455875343817378,0.6414825374198136
2017-10-23,1.8651362984218065,0.2304870506625978,1.8651362984218065
2017-10-24,-8.802816901408452,0.2746103498778732,8.802816901408452
2017-10-25,-3.8610038610038617,0.1287812979321392,3.8610038610038617
2017-10-26,-2.248995983935738,0.0583501567132523,2.248995983935738
2017-10-27,-7.518488085456032,-0.0102206173886456,7.518488085456032
2017-10-30,-4.398045313194144,-0.1052848769357067,4.398045313194144
2017-10-31,4.553903345724909,-0.1646689562926352,4.553903345724909
2017-11-01,-3.377777777777785,-0.03308458174227,3.377777777777785
2017-11-02,0.7359705611775536,-0.1032306813140098,0.7359705611775536
2017-11-03,9.95433789954338,-0.0748234793191446,9.95433789954338
2017-11-06,-0.8305647840531533,0.1063169726033849,0.8305647840531533
2017-11-07,0.0,0.048909344165149,0.0
2017-11-08,-5.778894472361804,0.0414474948704086,5.778894472361804
2017-11-09,-0.266666666666661,-0.0350872927609085,0.266666666666661
2017-11-10,-0.3565062388591882,-0.118376484866951,0.3565062388591882
2017-11-13,-1.341681574239717,-0.1707360065306342,1.341681574239717
2017-11-14,-0.1813236627379834,-0.1896159043337204,0.1813236627379834
2017-11-15,1.0899182561307992,-0.2135511849121826,1.0899182561307992
2017-11-16,1.5274034141958663,-0.159548575879085,1.5274034141958663
2017-11-17,1.5044247787610612,-0.1343325362380633,1.5044247787610612
2017-11-20,-0.4272013949433414,-0.0645757344748572,0.4272013949433414
2017-11-21,-0.0963138078977255,-0.0189462513956045,0.0963138078977255
2017-11-22,-0.2629272567922818,-0.0155443854261973,0.2629272567922818
2017-11-24,-0.351493848857653,8.576470784368489e-05,0.351493848857653
2017-11-27,0.9700176366842984,-0.0381176173097179,0.9700176366842984
2017-11-28,-3.231441048034928,-0.047917118021231,3.231441048034928
2017-11-29,-1.895306859205784,-0.1104820824250047,1.895306859205784
2017-11-30,-0.5519779208831529,-0.1388032024444135,0.5519779208831529
2017-12-01,0.3700277520813982,-0.1642252670302183,0.3700277520813982
2017-12-04,-8.847926267281098,-0.1588347436363434,8.847926267281098
2017-12-05,0.101112234580382,-0.2482246266926495,0.101112234580382
2017-12-06,1.7272727272727209,-0.2971095452098231,1.7272727272727209
2017-12-07,0.7844305431436861,-0.2258447288359445,0.7844305431436861
2017-12-08,-1.7733990147783223,-0.2436408559756362,1.7733990147783223
2017-12-11,1.6048144433299911,-0.2631442622794177,1.6048144433299911
2017-12-12,-1.5794669299111563,-0.2544528426045303,1.5794669299111563
2017-12-13,1.3039117352056069,-0.2894896233345891,1.3039117352056069
2017-12-14,0.2970297029703083,-0.2926819853188155,0.2970297029703083
2017-12-15,4.639684106614006,-0.3453475823485749,4.639684106614006
2017-12-18,3.773584905660381,-0.2857311249977266,3.773584905660381
2017-12-19,0.9090909090909058,-0.1582833269301679,0.9090909090909058
2017-12-20,-1.081081081081074,-0.1705891329956868,1.081081081081074
2017-12-21,-2.094717668488164,-0.1506607785514829,2.094717668488164
2017-12-22,-3.441860465116272,-0.1782499426467108,3.441860465116272
2017-12-26,0.6743737957610646,-0.1856888121691378,0.6743737957610646
2017-12-27,1.1483253588516842,-0.1592501969937248,1.1483253588516842
2017-12-28,0.0,-0.1498630524269986,0.0
2017-12-29,-1.4191106906338729,-0.146911848856042,1.4191106906338729
2018-01-02,11.420345489443372,-0.1151609181837087,11.420345489443372
2018-01-03,4.1774332472007,-0.0377016605270072,4.1774332472007
2018-01-04,0.7854485324514168,0.0636237823704788,0.7854485324514168
2018-01-05,-1.4766201804757977,0.011107584980788,1.4766201804757977
2018-01-08,-0.0832639467110723,-0.042286826172228,0.0832639467110723
2018-01-09,-3.083333333333327,-0.0462507689873361,3.083333333333327
2018-01-10,3.7833190025795314,-0.015384488978295,3.7833190025795314
2018-01-11,-2.071251035625518,0.0158610909245956,2.071251035625518
2018-01-12,1.9458544839255536,-0.0019188844036084,1.9458544839255536
2018-01-16,-1.2448132780083017,0.0372924419981327,1.2448132780083017
2018-01-17,2.352941176470583,0.0416345299653597,2.352941176470583
2018-01-18,3.119868637110023,0.0070327404559286,3.119868637110023
2018-01-19,0.3980891719745137,0.0532958563188405,0.3980891719745137
2018-01-22,1.6653449643140432,0.0551244584224142,1.6653449643140432
2018-01-23,1.5600624024960943,0.1238059905235487,1.5600624024960943
2018-01-24,-1.843317972350232,0.119011735135716,1.843317972350232
2018-01-25,-0.6259780907668238,0.0431851887343117,0.6259780907668238
2018-01-26,3.385826771653555,0.0083503509494133,3.385826771653555
2018-01-29,-0.076161462300088,0.0640264071615689,0.076161462300088
2018-01-30,0.914634146341471,0.0517426212177824,0.914634146341471
2018-01-31,2.87009063444108,0.0914864958658987,2.87009063444108
2018-02-01,-4.1850220264317075,0.1489885324422861,4.1850220264317075
2018-02-02,-7.662835249042145,0.1054149537398796,7.662835249042145
2018-02-05,-8.381742738589224,0.0012197316424684,8.381742738589224
2018-02-06,5.9782608695652195,0.0643063494871044,5.9782608695652195
2018-02-07,0.1709401709401825,0.1461985768749287,0.1709401709401825
2018-02-08,-1.5358361774744154,0.1106670748162693,1.5358361774744154
2018-02-09,-0.6065857885615122,0.0609114236012783,0.6065857885615122
2018-02-12,1.1333914559720923,0.0136633689948764,1.1333914559720923
2018-02-13,1.0344827586206982,0.0403637530449855,1.0344827586206982
2018-02-14,5.802047781569963,-0.0409282915229944,5.802047781569963
2018-02-15,-2.338709677419362,0.0842021567041588,2.338709677419362
2018-02-16,-3.220478943022286,0.0632456921574496,3.220478943022286
2018-02-20,3.4129692832764382,0.0634782904567307,3.4129692832764382
2018-02-21,-2.475247524752467,0.1140535085584801,2.475247524752467
2018-02-22,1.0998307952622588,0.0766208806274115,1.0998307952622588
2018-02-23,1.5899581589958267,0.082364042437725,1.5899581589958267
2018-02-26,2.38879736408566,0.0973437253471784,2.38879736408566
2018-02-27,1.8503620273531811,0.1298967906117684,1.8503620273531811
2018-02-28,-3.159557661927333,0.1045771887855123,3.159557661927333
2018-03-01,-4.812398042414355,0.0627258965750198,4.812398042414355
2018-03-02,0.1713796058269029,0.0290186788633641,0.1713796058269029
2018-03-05,2.7373823781009436,0.0158479972418283,2.7373823781009436
2018-03-06,-3.5803497085761844,0.0089796097531379,3.5803497085761844
2018-03-07,7.037996545768562,-0.0252428037401344,7.037996545768562
2018-03-08,-2.944735780556678,0.0438853480663559,2.944735780556678
2018-03-09,-2.244389027431418,-0.0193186498199497,2.244389027431418
2018-03-12,-2.210884353741495,-0.0439678907889384,2.210884353741495
2018-03-13,1.7391304347826024,-0.0717446315242093,1.7391304347826024
2018-03-14,-2.3076923076923044,-0.0950426095145097,2.3076923076923044
2018-03-15,0.5249343832021041,-0.0933602510245426,0.5249343832021041
2018-03-16,-0.6962576153176682,-0.087334134862322,0.6962576153176682
2018-03-19,0.0,-0.079357199021477,0.0
2018-03-20,-2.1910604732690624,-0.0802792644359876,2.1910604732690624
2018-03-21,-0.537634408602155,0.0239205795700425,0.537634408602155
2018-03-22,-1.711711711711707,-0.0368125932659141,1.711711711711707
2018-03-23,-1.8331805682859696,0.0732589888033426,1.8331805682859696
2018-03-26,-1.8674136321195245,0.0910767636386832,1.8674136321195245
2018-03-27,-4.947668886774497,0.1092935400506131,4.947668886774497
2018-03-28,-0.5005005005005077,0.0106872790017353,0.5005005005005077
2018-03-29,0.5030181086519186,0.0336523294705716,0.5030181086519186
2018-04-02,-3.603603603603598,0.0776490515524267,3.603603603603598
2018-04-03,-5.711318795430952,-0.0715363570061014,5.711318795430952
2018-04-04,10.682819383259918,-0.0960774480166355,10.682819383259918
2018-04-05,-2.1890547263681652,0.076120083491199,2.1890547263681652
2018-04-06,-0.8138351983723303,0.1324467580780257,0.8138351983723303
2018-04-09,0.0,0.1215154257242249,0.0
2018-04-10,1.2307692307692228,0.126105215352002,1.2307692307692228
2018-04-11,1.114488348530914,0.1578142660762405,1.114488348530914
2018-04-12,2.204408817635259,0.1727739922096211,2.204408817635259
2018-04-13,-1.9607843137254837,0.1816087084392872,1.9607843137254837
2018-04-16,2.7999999999999936,0.1458139446695098,2.7999999999999936
2018-04-17,2.2373540856031173,0.1523612785732035,2.2373540856031173
2018-04-18,-3.139866793529972,0.1794844998440952,3.139866793529972
2018-04-19,-1.277013752455786,0.1480815199684761,1.277013752455786
2018-04-20,0.3980099502487477,0.1332524125575235,0.3980099502487477
2018-04-23,0.9910802775024742,0.1331778951617497,0.9910802775024742
2018-04-24,-1.2757605495583808,0.1554684859253673,1.2757605495583808
2018-04-25,8.051689860834976,0.1745874168741498,8.051689860834976
2018-04-26,3.0358785648574065,0.2967733211124794,3.0358785648574065
2018-04-27,-1.2946428571428534,0.3093160444607787,1.2946428571428534
2018-04-30,-2.0352781546811367,0.4450495694572227,2.0352781546811367
2018-05-01,2.4930747922437635,0.4654877652901855,2.4930747922437635
2018-05-02,-1.783783783783787,0.4691265750735235,1.783783783783787
2018-05-03,-0.2017978352595713,0.4340866364750169,0.2017978352595713
2018-05-04,4.044117647058819,0.4285615857126681,4.044117647058819
2018-05-07,1.5017667844522962,0.4843567385161287,1.5017667844522962
2018-05-08,1.3925152306353363,0.4937113485782295,1.3925152306353363
2018-05-09,2.832618025751074,0.5305370896412922,2.832618025751074
2018-05-10,-0.751252086811351,0.5434970807939614,0.751252086811351
2018-05-11,2.1026072329688814,0.5324935575977363,2.1026072329688814
2018-05-14,0.329489291598016,0.524898544846878,0.329489291598016
2018-05-15,3.7766830870279215,0.5059007289998908,3.7766830870279215
2018-05-16,1.1867088607594825,0.5398099180652489,1.1867088607594825
2018-05-17,2.1110242376857027,0.5715001564653746,2.1110242376857027
2018-05-18,1.4548238897396593,0.6102595345846353,1.4548238897396593
2018-05-21,-1.8867924528301887,0.6581996937766231,1.8867924528301887
2018-05-22,-0.5384615384615407,0.6216765433594024,0.5384615384615407
2018-05-23,1.005413766434654,0.5985713543581911,1.005413766434654
2018-05-24,2.6033690658499222,0.6163063302720075,2.6033690658499222
2018-05-25,0.373134328358201,0.5018775506229113,0.373134328358201
2018-05-29,0.2230483271375549,0.481353568955139,0.2230483271375549
2018-05-30,1.928783382789316,0.4496046235643129,1.928783382789316
2018-05-31,1.746724890829696,0.4751155936834758,1.746724890829696
2018-06-01,5.579399141630897,0.5132425452132744,5.579399141630897
2018-06-04,0.6097560975609747,0.55512502885146,0.6097560975609747
2018-06-05,1.4814814814814858,0.5882392745061293,1.4814814814814858
2018-06-06,5.043132050431319,0.5781158502485386,5.043132050431319
2018-06-07,-8.275426405559068,0.6315960563577682,8.275426405559068
2018-06-08,4.752066115702489,0.5605183891619389,4.752066115702489
2018-06-11,4.14201183431952,0.5688368861216496,4.14201183431952
2018-06-12,-0.1893939393939353,0.5655853001066519,0.1893939393939353
2018-06-13,5.123339658444026,0.5464378683557186,5.123339658444026
2018-06-14,-3.369434416365838,0.5975189218403697,3.369434416365838
2018-06-15,0.7471980074719863,0.5638984313842635,0.7471980074719863
2018-06-18,4.140914709517934,0.561148532103636,4.140914709517934
2018-06-19,-0.1186943620178227,0.6210292568176661,0.1186943620178227
2018-06-20,-1.0695187165775386,0.6173409492915737,1.0695187165775386
2018-06-21,-5.225225225225221,0.5732642139388131,5.225225225225221
2018-06-22,-0.8871989860582941,0.5370281853713194,0.8871989860582941
2018-06-25,-2.0460358056266004,0.5002309392200017,2.0460358056266004
2018-06-26,2.154046997389034,0.4931321196257116,2.154046997389034
2018-06-27,-5.111821086261985,0.4838613092866534,5.111821086261985
2018-06-28,3.7710437710437743,0.3862769238027856,3.7710437710437743
2018-06-29,-3.958468526930561,0.4769331598315514,3.958468526930561
2018-07-02,2.770270270270271,0.3886231834563205,2.770270270270271
2018-07-03,-0.5259697567389879,0.4034318564633264,0.5259697567389879
2018-07-05,2.5776602775941755,0.4227644982041169,2.5776602775941755
2018-07-06,7.796391752577326,0.4525956666731279,7.796391752577326
2018-07-09,-0.8368200836820118,0.4700543566636087,0.8368200836820118
2018-07-10,-2.6522001205545584,0.4595160333194045,2.6522001205545584
2018-07-11,1.609907120743044,0.3745106073409524,1.609907120743044
2018-07-12,1.6453382084095038,0.3976326070588936,1.6453382084095038
2018-07-13,-1.5587529976019066,0.4474792485272484,1.5587529976019066
2018-07-16,0.4872107186357995,0.4047016336685834,0.4872107186357995
2018-07-17,2.6666666666666745,0.4295546663643024,2.6666666666666745
2018-07-18,-1.3577331759149964,0.4429815232240388,1.3577331759149964
2018-07-19,-0.2992220227408779,0.4139793439520302,0.2992220227408779
2018-07-20,-1.1404561824729968,0.3800677459447592,1.1404561824729968
2018-07-23,1.700060716454166,0.3665529605257635,1.700060716454166
2018-07-24,-2.6865671641791,0.3871799413695579,2.6865671641791
2018-07-25,5.276073619631898,0.3984467885082786,5.276073619631898
2018-07-26,11.13053613053613,0.436175065361647,11.13053613053613
2018-07-27,1.730466701625581,0.4230573365630873,1.730466701625581
2018-07-30,-0.2577319587628719,0.4424341619613213,0.2577319587628719
2018-07-31,-5.219638242894065,0.3805934134982047,5.219638242894065
2018-08-01,-0.9269356597600772,0.3539848829654834,0.9269356597600772
2018-08-02,4.237754540451291,0.3646924850458048,4.237754540451291
2018-08-03,-0.2639915522703311,0.4358578709382571,0.2639915522703311
2018-08-06,3.388035997882481,0.438561572443829,3.388035997882481
2018-08-07,-0.3584229390681018,0.5008502203373715,0.3584229390681018
2018-08-08,0.6166495375128337,0.5055877292385526,0.6166495375128337
2018-08-09,-2.502553626149124,0.5182493610535724,2.502553626149124
2018-08-10,0.3666841278156117,0.4984861744509916,0.3666841278156117
2018-08-13,4.227557411273479,0.5164576010208014,4.227557411273479
2018-08-14,-0.5508262393590357,0.5743667468239342,0.5508262393590357
2018-08-15,0.0,0.5971148145339051,0.0
2018-08-16,-3.726082578046317,0.6109639447740178,3.726082578046317
2018-08-17,3.5041841004184,0.5777913473131044,3.5041841004184
2018-08-20,0.9600808489135992,0.6329139896327206,0.9600808489135992
2018-08-21,1.501501501501505,0.6558146930781176,1.501501501501505
2018-08-22,4.487179487179487,0.6829153975157659,4.487179487179487
2018-08-23,8.117036337895227,0.7235665483475882,8.117036337895227
2018-08-24,8.86075949367089,0.9725958678701124,8.86075949367089
2018-08-27,2.2854851643945477,0.7074030436846749,2.2854851643945477
2018-08-28,-4.508036064288523,0.7534710031771782,4.508036064288523
2018-08-29,3.817733990147782,0.8187415862674491,3.817733990147782
2018-08-30,-1.581652827204423,0.841000578992191,1.581652827204423
2018-08-31,2.9329047810365627,0.7284415801950437,2.9329047810365627
2018-09-04,14.793130366900854,0.744582445151322,14.793130366900854
2018-09-05,-4.386263175790544,1.0386463021955252,4.386263175790544
2018-09-06,-4.125177809388336,1.0471186901136256,4.125177809388336
2018-09-07,4.413946587537083,0.9847210116152184,4.413946587537083
2018-09-10,6.6429840142095955,0.9909853223348308,6.6429840142095955
2018-09-11,-0.3664223850766137,1.0881829125404203,0.3664223850766137
2018-09-12,10.865931126713464,1.117952775352525,10.865931126713464
2018-09-13,-5.217129071170076,1.193206987559542,5.217129071170076
2018-09-14,1.0181355392936693,1.1551028756186654,1.0181355392936693
2018-09-17,3.905511811023629,1.1934938080809194,3.905511811023629
2018-09-18,-4.455895725977576,1.076820288179023,4.455895725977576
2018-09-19,1.8401015228426456,1.0040718729367593,1.8401015228426456
2018-09-20,-2.834890965732088,1.054845178552262,2.834890965732088
2018-09-21,-0.1923693491503759,1.0950236642464566,0.1923693491503759
2018-09-24,6.5852875040154215,1.0589804296244218,6.5852875040154215
2018-09-25,-2.35081374321881,1.1494857505628482,2.35081374321881
2018-09-26,-1.666666666666664,1.1574157126606528,1.666666666666664
2018-09-27,1.1927181418706922,1.082639246808798,1.1927181418706922
2018-09-28,-4.807692307692309,1.0741459422397617,4.807692307692309
2018-10-01,0.1303356142065791,1.03356646300511,0.1303356142065791
2018-10-02,-5.515782622844127,0.9932380096161912,5.515782622844127
2018-10-03,-3.5991045290167096,0.9876630727410936,3.5991045290167096
2018-10-04,0.2858163629867876,0.938138879006884,0.2858163629867876
2018-10-05,-4.773779836123976,0.9429466909361836,4.773779836123976
2018-10-08,-2.1698466142910657,0.8580350058709801,2.1698466142910657
2018-10-09,4.703632887189294,0.8316947352986821,4.703632887189294
2018-10-10,-9.642074506939377,0.8348088723753926,9.642074506939377
2018-10-11,8.205335489086504,0.7553658198002452,8.205335489086504
2018-10-12,-1.456854688083678,0.8484862303736239,1.456854688083678
2018-10-15,0.9476876421531464,0.8528953259996332,0.9476876421531464
2018-10-16,6.684190762298164,0.8467747485973489,6.684190762298164
2018-10-17,-4.681450193593811,0.860846102983711,4.681450193593811
2018-10-18,-0.1846381093057502,0.8254135938425801,0.1846381093057502
2018-10-19,-9.507954125046243,0.8220334799289863,9.507954125046243
2018-10-22,-1.1447260834014763,0.7283662549394201,1.1447260834014763
2018-10-23,3.5566583953680704,0.6933323550778561,3.5566583953680704
2018-10-24,-28.43450479233226,0.6552921034880639,28.43450479233226
2018-10-25,3.180803571428553,0.4781424584707409,3.180803571428553
2018-10-26,-1.5143320713899275,0.4745688333733096,1.5143320713899275
2018-10-29,-10.049423393739712,0.3898810530476865,10.049423393739712
2018-10-30,9.096459096459109,0.511190786045377,9.096459096459109
2018-10-31,3.0218242865137053,0.4857839335880935,3.0218242865137053
2018-11-01,11.841390548614882,0.4265943875489617,11.841390548614882
2018-11-02,-2.282661486158324,0.5040894395758829,2.282661486158324
2018-11-05,-3.081510934393643,0.3893945461901889,3.081510934393643
2018-11-06,9.846153846153856,0.4500632597385399,9.846153846153856
2018-11-07,1.6339869281045651,0.4957051436754935,1.6339869281045651
2018-11-08,-4.593477262287552,0.4227752646490894,4.593477262287552
2018-11-09,-0.4333172845450161,0.4087466283154919,0.4333172845450161
2018-11-12,-6.769825918762082,0.4359839056676514,6.769825918762082
2018-11-13,4.668049792531113,0.5106466030283939,4.668049792531113
2018-11-14,2.6759167492566855,0.5620498152985073,2.6759167492566855
2018-11-15,-4.102316602316592,0.6259291926928379,4.102316602316592
2018-11-16,2.667337695017602,0.5657472780235699,2.667337695017602
2018-11-19,-14.705882352941178,0.7045438254621368,14.705882352941178
2018-11-20,15.22988505747128,0.5629802552536723,15.22988505747128
2018-11-21,-7.182044887780554,0.7621237805280854,7.182044887780554
2018-11-23,7.254164427727036,0.6726847191581087,7.254164427727036
2018-11-26,-0.9519038076152369,0.732267612895467,0.9519038076152369
2018-11-27,10.36924633282752,0.6784279823722381,10.36924633282752
2018-11-28,-2.8872593950504077,0.5905402143087194,2.8872593950504077
2018-11-29,0.5191127890514367,0.6063134182984311,0.5191127890514367
2018-11-30,5.539906103286383,0.6809343541878349,5.539906103286383
2018-12-03,3.87010676156584,0.6830898203916869,3.87010676156584
2018-12-04,-13.404710920770889,0.6761778381941345,13.404710920770889
2018-12-06,5.341246290801196,0.6484682403031229,5.341246290801196
2018-12-07,-9.154929577464786,0.6716169924607002,9.154929577464786
2018-12-10,7.028423772609815,0.5726821495995181,7.028423772609815
2018-12-11,-1.8831482375663957,0.644336677781413,1.8831482375663957
2018-12-12,1.525590551181096,0.6376901802808509,1.525590551181096
2018-12-13,-5.089675230247217,0.6661088702142705,5.089675230247217
2018-12-14,2.1961184882533367,0.5980717501972784,2.1961184882533367
2018-12-17,-4.297851074462783,0.6583047512915011,4.297851074462783
2018-12-18,1.5143603133159411,0.5488989509780915,1.5143603133159411
2018-12-19,-6.841563786008239,0.4262834773841509,6.841563786008239
2018-12-20,0.0552181115405939,0.3538995086352888,0.0552181115405939
2018-12-21,-8.830022075055195,0.3546453799387263,8.830022075055195
2018-12-24,2.1791767554479384,0.4272568023771955,2.1791767554479384
2018-12-26,3.2582938388625635,0.439859207887372,3.2582938388625635
2018-12-27,0.5737234652897385,0.3700559639159927,0.5737234652897385
2018-12-28,3.5367940673131626,0.3598294911109482,3.5367940673131626
2018-12-31,-0.7713498622589368,0.3122639768517709,0.7713498622589368
2019-01-02,2.276513048306497,0.2970297609647072,2.276513048306497
2019-01-03,-4.723127035830624,0.2907622993614766,4.723127035830624
2019-01-04,10.769230769230772,0.2843623878416376,10.769230769230772
2019-01-07,9.002057613168724,0.373425245963862,9.002057613168724
2019-01-08,-1.4157621519584742,0.3889270312367172,1.4157621519584742
2019-01-09,-5.409286740067013,0.3746599966447038,5.409286740067013
2019-01-10,-1.467611336032402,0.3154031926650237,1.467611336032402
2019-01-11,2.516692347200832,0.3473255884642641,2.516692347200832
2019-01-14,2.404809619238479,0.3123176596603452,2.404809619238479
2019-01-15,-0.1956947162426746,0.3063377730361288,0.1956947162426746
2019-01-16,-4.460784313725491,0.2515785938653759,4.460784313725491
2019-01-17,4.515135967162661,0.143195843749142,4.515135967162661
2019-01-18,0.540009818360331,0.1274704408820387,0.540009818360331
2019-01-22,-2.1972656249999964,0.0413814091503498,2.1972656249999964
2019-01-23,0.1497753369944961,-0.0298600013322199,0.1497753369944961
2019-01-24,4.636091724825523,0.0183096275199768,4.636091724825523
2019-01-25,-3.215817055740815,0.0240497751795304,3.215817055740815
2019-01-28,-0.2707359094265307,-0.0069323059231469,0.2707359094265307
2019-01-29,6.071076011845986,-0.0615135070475006,6.071076011845986
2019-01-30,7.119590507212663,-0.118768642738188,7.119590507212663
2019-01-31,6.907037358818419,0.0121555687032108,6.907037358818419
2019-02-01,-0.73140999593661,0.1332832636311137,0.73140999593661
2019-02-04,-4.134261154318453,0.0708430332611426,4.134261154318453
2019-02-05,0.8966695132365383,-0.0479674019606117,0.8966695132365383
2019-02-06,-2.708421498095644,-0.0399522634286855,2.708421498095644
2019-02-07,-2.8708133971291874,-0.2142358654236878,2.8708133971291874
2019-02-08,3.2243618450515115,-0.1742139026990213,3.2243618450515115
2019-02-11,1.6485900216919696,-0.1524963787070398,1.6485900216919696
2019-02-12,-1.9206145966709316,-0.1843789439300392,1.9206145966709316
2019-02-13,-1.04438642297651,-0.1489781412343036,1.04438642297651
2019-02-14,3.6939313984168862,-0.1806086940494959,3.6939313984168862
2019-02-15,0.1908396946564958,-0.0966672482669381,0.1908396946564958
2019-02-19,2.179894179894182,-0.060892292649308,2.179894179894182
2019-02-20,-0.4142502071251094,-0.0952559883965217,0.4142502071251094
2019-02-21,0.0415973377703892,0.0502036204383473,0.0415973377703892
2019-02-22,3.991683991683995,0.0958958782311623,3.991683991683995
2019-02-25,-1.4394242303078888,0.1794582778614698,1.4394242303078888
2019-02-26,-2.1906693711967513,0.2044946425255206,2.1906693711967513
2019-02-27,-3.732890916632097,0.1908837146614094,3.732890916632097
2019-02-28,3.274450667815588,0.1568109937413921,3.274450667815588
2019-03-01,-0.3337505214851827,0.2460339019571026,0.3337505214851827
2019-03-04,-2.302218501465051,0.2531012604225343,2.302218501465051
2019-03-05,0.5569837189374421,0.227830651726287,0.5569837189374421
2019-03-06,-4.857264593097574,0.2539108637375671,4.857264593097574
2019-03-07,-4.388714733542306,0.1242718436790709,4.388714733542306
2019-03-08,3.7470725995316023,0.0533396632324359,3.7470725995316023
2019-03-11,4.288939051918749,0.1105539187375031,4.288939051918749
2019-03-12,2.4242424242424185,0.2136266360437994,2.4242424242424185
2019-03-13,-1.2256973795435298,0.2709121995612677,1.2256973795435298
2019-03-14,-1.1553273427471098,0.2210585037282575,1.1553273427471098
2019-03-15,0.8658008658008627,0.2017757993880559,0.8658008658008627
2019-03-18,1.2875536480686725,0.2237048203022145,1.2875536480686725
2019-03-19,12.245762711864394,0.2740259497923215,12.245762711864394
2019-03-20,-2.6802567006417415,0.5060221032924043,2.6802567006417415
2019-03-21,6.8269976726144215,0.4488565813973615,6.8269976726144215
2019-03-22,-4.538852578068265,0.6182133947596266,4.538852578068265
2019-03-25,1.5214910612400234,0.520723672037671,1.5214910612400234
2019-03-26,-3.7092544023979097,0.5475932074507074,3.7092544023979097
2019-03-27,-2.334630350194544,0.5277196795739921,2.334630350194544
2019-03-28,1.9123505976095492,0.4442391105168535,1.9123505976095492
2019-03-29,3.283815480844423,0.4550400223695956,3.283815480844423
2019-04-01,0.3406510219530653,0.4451125314092627,0.3406510219530653
2019-04-02,5.695963787250086,0.4612871246988956,5.695963787250086
2019-04-03,3.0692362598144163,0.5567046481745225,3.0692362598144163
2019-04-04,2.6315789473684266,0.5534083818972374,2.6315789473684266
2019-04-05,-3.205128205128202,0.5883837081371498,3.205128205128202
2019-04-08,-1.5684907633321814,0.5523541935129289,1.5684907633321814
2019-04-09,-2.762039660056649,0.5292155061275705,2.762039660056649
2019-04-10,1.2745812090313104,0.5076721927058407,1.2745812090313104
2019-04-11,1.438331535418922,0.5068420792501257,1.438331535418922
2019-04-12,-1.4533853243530668,0.5174908331779191,1.4533853243530668
2019-04-15,-0.2877697841726685,0.5059169406285323,0.2877697841726685
2019-04-16,1.7676767676767748,0.4921394551722044,1.7676767676767748
2019-04-17,-2.162353775256999,0.5554629492226619,2.162353775256999
2019-04-18,0.0724637681159404,0.4558861130685882,0.0724637681159404
2019-04-22,2.0275162925416317,0.4791198576035583,2.0275162925416317
2019-04-23,-0.2838892831795539,0.474343081674749,0.2838892831795539
2019-04-24,2.0284697508896805,0.4675386063327528,2.0284697508896805
2019-04-25,-3.522846180676671,0.4510750937516269,3.522846180676671
2019-04-26,0.8676789587852438,0.3922120146310243,0.8676789587852438
2019-04-29,-1.1111111111111065,0.4019673682052101,1.1111111111111065
2019-04-30,4.929322218194996,0.3522587461348685,4.929322218194996
2019-05-01,-6.943005181347144,0.4377533628259117,6.943005181347144
2019-05-02,5.048255382331104,0.2607944526495747,5.048255382331104
2019-05-03,-5.5830388692579564,0.2903371971402856,5.5830388692579564
2019-05-06,1.7964071856287442,0.317069626674681,1.7964071856287442
2019-05-07,-2.904411764705879,0.2553462024095241,2.904411764705879
2019-05-08,1.0980689132904171,0.248474104495128,1.0980689132904171
2019-05-09,1.2359550561797823,0.2527935369588787,1.2359550561797823
2019-05-10,-0.1849796522382564,0.3027940338525302,0.1849796522382564
2019-05-13,-1.667902149740546,0.2988087451870523,1.667902149740546
2019-05-14,1.2815680361854498,0.3099373931837558,1.2815680361854498
2019-05-15,1.8608113137327875,0.3309689632376777,1.8608113137327875
2019-05-16,1.1691633175009144,0.3771170866067608,1.1691633175009144
2019-05-17,-2.564102564102567,0.3870356289626124,2.564102564102567
2019-05-20,0.74128984432913,0.4340416559429183,0.74128984432913
2019-05-21,-0.220750551876375,0.4091326765193383,0.220750551876375
2019-05-22,-0.479351032448387,0.3717339756143964,0.479351032448387
2019-05-23,-1.4079288625416786,0.345643196333965,1.4079288625416786
2019-05-24,2.480270574971816,0.298023049092379,2.480270574971816
2019-05-28,6.343967730106346,0.3399989864096833,6.343967730106346
2019-05-29,-2.0689655172413843,0.4040787109750978,2.0689655172413843
2019-05-30,-2.9225352112675997,0.4119653527468904,2.9225352112675997
2019-05-31,4.280014508523757,0.3593048675115665,4.280014508523757
2019-06-03,-1.2521739130434764,0.2998026473434865,1.2521739130434764
2019-06-04,5.42444522719267,0.3034245632185001,5.42444522719267
2019-06-05,-0.2004677581022342,0.411515402573037,0.2004677581022342
2019-06-06,6.930030130565786,0.43130312550436,6.930030130565786
2019-06-07,4.978083907326236,0.4761289037124044,4.978083907326236
2019-06-10,-0.2982403817476928,0.4897501458594167,0.2982403817476928
2019-06-11,-4.277594974573735,0.4988571397668775,4.277594974573735
2019-06-12,1.2187500000000018,0.5012149198713957,1.2187500000000018
2019-06-13,-5.217659771534428,0.4628284888504843,5.217659771534428
2019-06-14,-1.4657980456026036,0.4146834509672177,1.4657980456026036
2019-06-17,-1.6198347107437965,0.4232411170345082,1.6198347107437965
2019-06-18,3.0409946236559056,0.3997524890808106,3.0409946236559056
2019-06-19,1.8751019077123736,0.389499766348814,1.8751019077123736
2019-06-20,-5.089628681177977,0.4338688826088084,5.089628681177977
2019-06-21,-1.112984822934227,0.3674386242353191,1.112984822934227
2019-06-24,-0.2046384720327378,0.3295991601263602,0.2046384720327378
2019-06-25,2.460697197539299,0.2808360019985569,2.460697197539299
2019-06-26,1.4342895263508997,0.2253849461257397,1.4342895263508997
2019-06-27,2.203222624136791,0.2489577261154623,2.203222624136791
2019-06-28,2.2844272844272875,0.3156919781412038,2.2844272844272875
2019-07-01,-2.610883925762814,0.3319678927115601,2.610883925762814
2019-07-02,0.5490956072351362,0.3332224372963767,0.5490956072351362
2019-07-03,-0.8030838419530999,0.3718814722910294,0.8030838419530999
2019-07-05,2.9792746113989694,0.3264837087698937,2.9792746113989694
2019-07-08,-0.1257861635220099,0.3403752731621802,0.1257861635220099
2019-07-09,5.66750629722922,0.3608019539139805,5.66750629722922
2019-07-10,1.0429082240762644,0.4297987736402947,1.0429082240762644
2019-07-11,-3.3913299911530483,0.4039956373465158,3.3913299911530483
2019-07-12,1.770451770451787,0.3665254470262919,1.770451770451787
2019-07-15,2.8794241151769455,0.3613341150454747,2.8794241151769455
2019-07-16,-0.8454810495626798,0.3942285661270336,0.8454810495626798
2019-07-17,-2.881505439576586,0.3842000487213304,2.881505439576586
2019-07-18,0.1513775355737122,0.3183756092109235,0.1513775355737122
2019-07-19,-0.8464328899637278,0.3357799626421088,0.8464328899637278
2019-07-22,1.1280487804878188,0.3457939882909869,1.1280487804878188
2019-07-23,1.416943020801926,0.3861420260715076,1.416943020801926
2019-07-24,1.2187871581450551,0.3906721517188734,1.2187871581450551
2019-07-25,0.5286343612334794,0.4044165874046841,0.5286343612334794
2019-07-26,-0.2629272567922767,0.4267943016021039,0.2629272567922767
2019-07-29,-2.724077328646748,0.414693070601237,2.724077328646748
2019-07-30,-3.4025895814513776,0.39576844450852,3.4025895814513776
2019-07-31,-4.925187032418948,0.3713456086130852,4.925187032418948
2019-08-01,-3.3442622950819656,0.2898727283560011,3.3442622950819656
2019-08-02,-4.138398914518314,0.2257420400297533,4.138398914518314
2019-08-05,2.123142250530778,0.1742738612123484,2.123142250530778
2019-08-06,-1.351351351351353,0.2039295661653945,1.351351351351353
2019-08-07,10.748155953635417,0.1997589235141089,10.748155953635417
2019-08-08,6.089438629876313,0.361574091787291,6.089438629876313
2019-08-09,2.1225710014947494,0.3622851176318384,2.1225710014947494
2019-08-12,-5.269320843091327,0.3283249422921124,5.269320843091327
2019-08-13,-4.202719406674905,0.3112876375389029,4.202719406674905
2019-08-14,-1.1935483870967774,0.2241467320570067,1.1935483870967774
2019-08-15,-1.0610512569376405,0.2496755249470714,1.0610512569376405
2019-08-16,5.593136446131003,0.2294683275955974,5.593136446131003
2019-08-19,-3.312499999999996,0.3208379678489925,3.312499999999996
2019-08-20,0.3555268261150595,0.3280339762951329,0.3555268261150595
2019-08-21,2.286634460547506,0.3068037548864402,2.286634460547506
2019-08-22,-1.4483627204030254,0.2983739783911552,1.4483627204030254
2019-08-23,-3.067092651757191,0.2783765857866711,3.067092651757191
2019-08-26,0.856954515491106,0.2030834051594059,0.856954515491106
2019-08-27,-2.222222222222221,0.1718370296410072,2.222222222222221
2019-08-28,5.18048128342245,0.1203319020711742,5.18048128342245
2019-08-29,0.4130918334922229,0.2154711118102286,0.4130918334922229
2019-08-30,-2.4367088607595035,0.2400214259314676,2.4367088607595035
2019-09-03,1.589361012001304,0.2618943106866349,1.589361012001304
2019-09-04,1.5006385696040832,0.2528482305295982,1.5006385696040832
2019-09-05,-0.912236552374958,0.2499284998279903,0.912236552374958
2019-09-06,-1.8095238095238104,0.2620745065519934,1.8095238095238104
2019-09-09,-2.295505981247982,0.2424348159541225,2.295505981247982
2019-09-10,0.5294506949040375,0.1958193154912459,0.5294506949040375
2019-09-11,-0.9874917709019116,0.2221840258853153,0.9874917709019116
2019-09-12,0.631648936170217,0.2066170891594082,0.631648936170217
2019-09-13,0.3303600925008306,0.1973781189771767,0.3303600925008306
2019-09-16,2.304906157392161,0.2121118761756494,2.304906157392161
2019-09-17,-1.0299324106855496,0.2391585318106104,1.0299324106855496
2019-09-18,-0.5853658536585357,0.2514859824674338,0.5853658536585357
2019-09-19,-0.6869479882237516,0.2454350142663803,0.6869479882237516
2019-09-20,-0.7905138339920897,0.2383064344244726,0.7905138339920897
2019-09-23,1.394422310756966,0.2000978249290228,1.394422310756966
2019-09-24,-3.470857891290107,0.2547458661753191,3.470857891290107
2019-09-25,0.6445047489823652,0.15213771409298,0.6445047489823652
2019-09-26,-1.6852039096730704,0.2035229642610694,1.6852039096730704
2019-09-27,-0.9598902982516322,0.1664887146435179,0.9598902982516322
2019-09-30,0.5538248528902739,0.1887516506348681,0.5538248528902739
2019-10-01,-1.8932874354561124,0.1729378701136641,1.8932874354561124
2019-10-02,-0.7719298245613995,0.1335958446705168,0.7719298245613995
2019-10-03,1.9448373408769344,0.1195316499460893,1.9448373408769344
2019-10-04,0.2428026361429077,0.159092770797996,0.2428026361429077
2019-10-07,-1.2110726643598542,0.1452957863711529,1.2110726643598542
2019-10-08,0.8756567425569176,0.1085277734804205,0.8756567425569176
2019-10-09,-0.972222222222226,0.1050023071642063,0.972222222222226
2019-10-10,1.086956521739126,0.0954493371651855,1.086956521739126
2019-10-11,3.0523759972251217,0.0918393092101907,3.0523759972251217
2019-10-14,3.3322113766408563,0.1502936784776009,3.3322113766408563
2019-10-15,-0.3257328990227943,0.1798507643934899,0.3257328990227943
2019-10-16,2.287581699346403,0.1821112137178527,2.287581699346403
2019-10-17,-0.7667731629393034,0.1981881474276772,0.7667731629393034
2019-10-18,1.4166130070830691,0.1718926666509231,1.4166130070830691
2019-10-21,1.777777777777785,0.1967062081317658,1.777777777777785
2019-10-22,-3.0255770430442994,0.2300539345542742,3.0255770430442994
2019-10-23,1.5760694757156593,0.1630588899877943,1.5760694757156593
2019-10-24,1.013299556681445,0.1736432976290791,1.013299556681445
2019-10-25,3.9498432601880817,0.1751708425191415,3.9498432601880817
2019-10-28,1.7189384800965029,0.2056398078577348,1.7189384800965029
2019-10-29,-2.3717758671805433,0.1849894799024753,2.3717758671805433
2019-10-30,0.1518372304889072,0.1216989598251655,0.1518372304889072
2019-10-31,4.21467556094603,0.1369851577522544,4.21467556094603
2019-11-01,2.385801571137621,0.1869262604577641,2.385801571137621
2019-11-04,3.8931514634839575,0.2111608394174706,3.8931514634839575
2019-11-05,-1.3676148796498906,0.2580598486119367,1.3676148796498906
2019-11-06,1.2756516916250715,0.2678890554817563,1.2756516916250715
2019-11-07,-1.259583789704274,0.2939032044485666,1.259583789704274
2019-11-08,-0.2773155851358885,0.2688188172925239,0.2773155851358885
2019-11-11,1.3070077864293628,0.2645902829501532,1.3070077864293628
2019-11-12,0.6038978863573946,0.3278874522557106,0.6038978863573946
2019-11-13,2.346521145975442,0.3428646061693708,2.346521145975442
2019-11-14,3.8123167155425217,0.3674923121157241,3.8123167155425217
2019-11-15,-0.7447354904982002,0.3808243765749932,0.7447354904982002
2019-11-18,3.855109961190174,0.3665339656738988,3.855109961190174
2019-11-19,2.0428500249128057,0.3808315436202205,2.0428500249128057
2019-11-20,-1.318359374999998,0.387218395255433,1.318359374999998
2019-11-21,-2.622464126669971,0.3970537136839992,2.622464126669971
2019-11-22,0.3556910569105705,0.3571150564016261,0.3556910569105705
2019-11-25,-0.5063291139240579,0.355042735996657,0.5063291139240579
2019-11-26,0.4071246819338516,0.3323191814790481,0.4071246819338516
2019-11-27,-0.9123162696401405,0.3238417570088671,0.9123162696401405
2019-11-29,0.5626598465473116,0.2603277336923729,0.5626598465473116
2019-12-02,-5.035605289928782,0.2591607473153918,5.035605289928782
2019-12-03,5.463310123192285,0.2394058919516781,5.463310123192285
2019-12-04,1.4474352463179283,0.2722050494228978,1.4474352463179283
2019-12-05,0.375469336670835,0.260787467389604,0.375469336670835
2019-12-06,-1.5960099750623455,0.2816885969774848,1.5960099750623455
2019-12-09,-0.6588950836289863,0.2961646759400968,0.6588950836289863
2019-12-10,0.6122448979591706,0.2922026586280191,0.6122448979591706
2019-12-11,-0.1014198782961438,0.3051960401227757,0.1014198782961438
2019-12-12,7.487309644670058,0.3033815439542427,7.487309644670058
2019-12-13,-1.4639905548996566,0.3875814249440248,1.4639905548996566
2019-12-16,1.869158878504676,0.3713023436382778,1.869158878504676
2019-12-17,0.6586685485768081,0.3833908836471161,0.6586685485768081
2019-12-18,-0.3739191399859701,0.3888558873159676,0.3739191399859701
2019-12-19,1.9000703729767656,0.3895919291698079,1.9000703729767656
2019-12-20,2.6243093922651948,0.4179413832199083,2.6243093922651948
2019-12-23,3.4096007178106844,0.4607846933815862,3.4096007178106844
2019-12-24,1.9305856832971813,0.5058677094246254,1.9305856832971813
2019-12-26,-0.2979357310065983,0.5369754690740718,0.2979357310065983
2019-12-27,-1.5154749199573123,0.5160386494028637,1.5154749199573123
2019-12-30,-2.3190290420459476,0.4923173372732775,2.3190290420459476
2019-12-31,3.9715997337475017,0.4136349937105134,3.9715997337475017
2020-01-02,2.496798975672218,0.4080208052397018,2.496798975672218
2020-01-03,-0.0208203206329336,0.4237585864237045,0.0208203206329336
2020-01-06,2.7696793002915414,0.4457881542047561,2.7696793002915414
2020-01-07,-3.03951367781155,0.4991985423249072,3.03951367781155
2020-01-08,2.277951933124339,0.4771487373376656,2.277951933124339
2020-01-09,0.6538618716796083,0.5079441104731267,0.6538618716796083
2020-01-10,-1.218026796589528,0.4473621878664423,1.218026796589528
2020-01-13,-0.0411015207562598,0.4761962948113437,0.0411015207562598
2020-01-14,-0.842927631578955,0.4724249816699971,0.842927631578955
2020-01-15,1.9489944018246008,0.4393208360266946,1.9489944018246008
2020-01-16,2.0947732357128355,0.476395414699748,2.0947732357128355
2020-01-17,1.5139442231075655,0.5266514749057273,1.5139442231075655
2020-01-21,1.3147566718995325,0.5302043521918227,1.3147566718995325
2020-01-22,-0.561688940538445,0.5667164456770418,0.561688940538445
2020-01-23,1.8309310479158505,0.4522672591274983,1.8309310479158505
2020-01-24,-7.325937260902828,0.4756283183908433,7.325937260902828
2020-01-27,3.2610939112487065,0.4141787998544606,3.2610939112487065
2020-01-28,-4.377373575854483,0.4177735842352972,4.377373575854483
2020-01-29,-2.821906354515053,0.3630393511443375,2.821906354515053
2020-01-30,4.108410410841033,0.3615280224893115,4.108410410841033
2020-01-31,-4.132231404958678,0.4161054146286322,4.132231404958678
2020-02-03,6.056034482758625,0.419915465854131,6.056034482758625
2020-02-04,2.1946758788864016,0.4536915973463882,2.1946758788864016
2020-02-05,-2.962815669119113,0.4912066265981723,2.962815669119113
2020-02-06,0.2254098360655726,0.4691771996376253,0.2254098360655726
2020-02-07,1.1449601308525912,0.4744078574946487,1.1449601308525912
2020-02-10,7.580351728320195,0.4483464869327887,7.580351728320195
2020-02-11,2.461480646373548,0.5145686148650752,2.461480646373548
2020-02-12,-2.0172382174949597,0.5498187136578853,2.0172382174949597
2020-02-13,3.2940295714018304,0.5545695238962313,3.2940295714018304
2020-02-14,-0.452980612429788,0.5966519798151122,0.452980612429788
2020-02-18,5.551510738987996,0.5809156263749667,5.551510738987996
2020-02-19,0.7759958613553988,0.6602894766845231,0.7759958613553988
2020-02-20,-2.9603011635865792,0.6655360394660383,2.9603011635865792
2020-02-21,-15.050255686827724,0.6793994577002169,15.050255686827724
2020-02-24,6.1546445251686634,0.6144397439119874,6.1546445251686634
2020-02-25,-6.726632772780598,0.6461540599695301,6.726632772780598
2020-02-26,-4.863731656184487,0.668754364802596,4.863731656184487
2020-02-27,-8.869546055531083,0.6853218387819806,8.869546055531083
2020-02-28,14.665699431749498,0.6356238315351439,14.665699431749498
2020-03-02,3.39519190215099,0.6840402106421177,3.39519190215099
2020-03-03,-1.5908627370997372,0.734347817742922,1.5908627370997372
2020-03-04,0.891191709844559,0.7252556265446787,0.891191709844559
2020-03-05,1.5612161051766598,0.763730567432566,1.5612161051766598
2020-03-06,-12.965210355987049,0.754060041680667,12.965210355987049
2020-03-09,5.531024866372288,0.6775688199479721,5.531024866372288
2020-03-10,-2.686632900242235,0.6307882785121051,2.686632900242235
2020-03-11,-4.95587236931432,0.6434722906596297,4.95587236931432
2020-03-12,0.4761904761904829,0.5969612212760138,0.4761904761904829
2020-03-13,-7.393364928909963,0.622034521277252,7.393364928909963
2020-03-16,2.840327533265096,0.5863486075820036,2.840327533265096
2020-03-17,-1.6173177407315218,0.5646666721689374,1.6173177407315218
2020-03-18,0.0505816894284348,0.6495320122506022,0.0505816894284348
2020-03-19,4.92922143579372,0.6202323412828518,4.92922143579372
2020-03-20,-2.144061671886294,0.6164909686180803,2.144061671886294
2020-03-23,8.419497784342694,0.5479743891951909,8.419497784342694
2020-03-24,6.244323342415986,0.5489840199675964,6.244323342415986
2020-03-25,-2.1585808933532764,0.6411046809559363,2.1585808933532764
2020-03-26,1.179554390563563,0.6343507785005986,1.179554390563563
2020-03-27,1.9861830742659792,0.5700872944911389,1.9861830742659792
2020-03-30,1.45004233700253,0.5305424501780929,1.45004233700253
2020-03-31,-7.814293166405839,0.4533570529017732,7.814293166405839
2020-04-01,-1.7655047532820307,0.4716088824448105,1.7655047532820307
2020-04-02,2.073732718894006,0.4407023172900545,2.073732718894006
2020-04-03,0.0,0.4847979518282725,0.0
2020-04-06,10.519187358916486,0.4845008157093444,10.519187358916486
2020-04-07,-1.817810457516341,0.5204295119199148,1.817810457516341
2020-04-08,3.286873309756601,0.5043124907207435,3.286873309756601
2020-04-09,-2.3766364551863037,0.4765387890638415,2.3766364551863037
2020-04-13,7.767691355477616,0.3975528468471673,7.767691355477616
2020-04-14,2.8620656647841436,0.4506825072419179,2.8620656647841436
2020-04-15,4.1503815373162185,0.3885137672873536,4.1503815373162185
2020-04-16,2.483917083631166,0.3778972985346989,2.483917083631166
2020-04-17,-2.38884045335659,0.4378237237268504,2.38884045335659
2020-04-20,1.643444087173994,0.4931808316403055,1.643444087173994
2020-04-21,-3.497363796133571,0.5149150980453971,3.497363796133571
2020-04-22,3.168821708249867,0.5099296008149274,3.168821708249867
2020-04-23,-2.736098852603702,0.5369565530406541,2.736098852603702
2020-04-24,4.2468239564428245,0.5379348217662665,4.2468239564428245
2020-04-27,-0.4874651810584978,0.5701578367145561,0.4874651810584978
2020-04-28,-4.601119664100762,0.6911685923032365,4.601119664100762
2020-04-29,-2.0172382174949597,0.5590728617332644,2.0172382174949597
2020-04-30,-4.416994198016095,0.5176054596509223,4.416994198016095
2020-05-01,-2.4574113961229735,0.4760573222186118,2.4574113961229735
2020-05-04,7.256850346281245,0.4875863030418449,7.256850346281245
2020-05-05,-1.8903237881340031,0.5742789939811312,1.8903237881340031
2020-05-06,0.9729111026325792,0.5445118655943489,0.9729111026325792
2020-05-07,-1.4736444360476122,0.5452536820337112,1.4736444360476122
2020-05-08,1.4381591562799616,0.4021450814156663,1.4381591562799616
2020-05-11,6.211720226843103,0.4544551029761572,6.211720226843103
2020-05-12,-3.8194568041860975,0.4805923024645968,3.8194568041860975
2020-05-13,-3.5899333826794924,0.4376093069347807,3.5899333826794924
2020-05-14,2.3416506717850267,0.4168217611599347,2.3416506717850267
2020-05-15,3.1132783195798885,0.4008257199059996,3.1132783195798885
2020-05-18,-1.0731174972717286,0.3839016489937979,1.0731174972717286
2020-05-19,3.971318257032536,0.3123230453581717,3.971318257032536
2020-05-20,0.2298850574712689,0.3235331229437856,0.2298850574712689
2020-05-21,-3.3697953422724005,0.3402597413258773,3.3697953422724005
2020-05-22,2.2640131458827732,0.3333518160005143,2.2640131458827732
2020-05-26,-4.891983574361712,0.398922645491196,4.891983574361712
2020-05-27,-1.9147737938802385,0.2809442215781247,1.9147737938802385
2020-05-28,-0.3444976076555018,0.2194947034988117,0.3444976076555018
2020-05-29,2.381409640868066,0.2154017546849333,2.381409640868066
2020-06-01,0.2626148940161331,0.1993808212233051,0.2626148940161331
2020-06-02,0.2750233863423731,0.248412292987681,0.2750233863423731
2020-06-03,-1.8788365020430209,0.215931013179652,1.8788365020430209
2020-06-04,0.7606008746910031,0.1826307760629294,0.7606008746910031
2020-06-05,0.5850160407623989,0.2010887864028296,0.5850160407623989
2020-06-08,-0.656660412757963,0.1955101971170671,0.656660412757963
2020-06-09,8.026440037771483,0.1659758404757369,8.026440037771483
2020-06-10,-2.202797202797212,0.3123065325107023,2.202797202797212
2020-06-11,-1.6624955309259917,0.2675922133002389,1.6624955309259917
2020-06-12,-4.417378658425741,0.231601004570624,4.417378658425741
2020-06-15,5.971852415367061,0.1598145415521931,5.971852415367061
2020-06-16,-1.6690595836324476,0.2213909457920932,1.6690595836324476
2020-06-17,-0.3102755977368164,0.1883890166134765,0.3102755977368164
2020-06-18,-0.3844745514463582,0.2286638426928249,0.3844745514463582
2020-06-19,0.4778533357838727,0.2009000993625773,0.4778533357838727
2020-06-22,0.6950795683189966,0.2328852885917703,0.6950795683189966
2020-06-23,-2.016348773841961,0.2564188323842821,2.016348773841961
2020-06-24,-2.558398220244708,0.1965694257261147,2.558398220244708
2020-06-25,-1.350837138508373,0.1696403220445111,1.350837138508373
2020-06-26,-3.27868852459017,0.112296607688855,3.27868852459017
2020-06-29,2.0139581256231267,0.0367527627723932,2.0139581256231267
2020-06-30,2.8733385457388705,0.0805233029011644,2.8733385457388705
2020-07-01,0.7666730001899942,0.1281087542094214,0.7666730001899942
2020-07-02,-0.251727681559765,0.1324247173501193,0.251727681559765
2020-07-06,0.7183364839319519,0.0970610338567409,0.7183364839319519
2020-07-07,-0.5067567567567626,0.1006074423340361,0.5067567567567626
2020-07-08,0.9620826259196474,0.091987350643499,0.9620826259196474
2020-07-09,7.511210762331831,0.1015921283851574,7.511210762331831
2020-07-10,-1.494612443517552,0.2553447698468769,1.494612443517552
2020-07-13,-5.963302752293582,0.2101877299862398,5.963302752293582
2020-07-14,3.1144465290806824,0.1150145595050565,3.1144465290806824
2020-07-15,-0.5094614264919962,0.1767875823851898,0.5094614264919962
2020-07-16,1.1521580102414093,0.2036614733009724,1.1521580102414093
2020-07-17,-0.1446393057313422,0.1976606413805656,0.1446393057313422
2020-07-20,4.662321202245162,0.2138756484687055,4.662321202245162
2020-07-21,-1.2715163048179214,0.3020290607987369,1.2715163048179214
2020-07-22,7.990187489048541,0.3106840184618051,7.990187489048541
2020-07-23,4.137595326951167,0.3648170074758574,4.137595326951167
2020-07-24,7.946400747896531,0.398105696857187,7.946400747896531
2020-07-27,-1.703233256351049,0.4969114390682261,1.703233256351049
2020-07-28,10.866372980910436,0.4721665541910491,10.866372980910436
2020-07-29,-0.1721854304635701,0.5830375155032113,0.1721854304635701
2020-07-30,4.378399893856968,0.6413389659183486,4.378399893856968
2020-07-31,-0.6101436379814466,0.643791218151847,0.6101436379814466
2020-08-03,-0.2046297480496183,0.6580952476297697,0.2046297480496183
2020-08-04,8.881199538638976,0.6910603587659891,8.881199538638976
2020-08-05,0.6238229755178921,0.777351921267409,0.6238229755178921
2020-08-06,1.380278395133942,0.8464688364298208,1.380278395133942
2020-08-07,-1.8691588785046784,0.8323561331316701,1.8691588785046784
2020-08-10,-5.102880658436218,0.8208467478260586,5.102880658436218
2020-08-11,-2.8249287572791317,0.7591482466083501,2.8249287572791317
2020-08-12,5.673849292362601,0.6878099572065319,5.673849292362601
2020-08-13,-1.291023166023158,0.7580987352819966,1.291023166023158
2020-08-14,0.3422564478670103,0.6825857386624549,0.3422564478670103
2020-08-17,0.8649043732488655,0.6315594065298589,0.8649043732488655
2020-08-18,-1.2367149758454117,0.658409769581339,1.2367149758454117
2020-08-19,-2.489728037566036,0.6338273395096493,2.489728037566036
2020-08-20,4.45196889892151,0.5901341015700026,4.45196889892151
2020-08-21,1.5127866490574988,0.6235215043504349,1.5127866490574988
2020-08-24,-1.4074512123004113,0.7032705991826075,1.4074512123004113
2020-08-25,4.329414587332048,0.697842154650436,4.329414587332048
2020-08-26,-0.7117478641814897,0.717712727069614,0.7117478641814897
2020-08-27,-2.374059061957148,0.6990304004569778,2.374059061957148
2020-08-28,0.8896797153024911,0.5850358960370483,0.8896797153024911
2020-08-31,8.07760141093475,0.6036262955681203,8.07760141093475
2020-09-01,2.2737162750217617,0.6765849623616633,2.2737162750217617
2020-09-02,-6.5631315817466245,0.7200038846051403,6.5631315817466245
2020-09-03,-7.274590163934426,0.5454386080109653,7.274590163934426
2020-09-04,-4.174340085942303,0.4714876313677603,4.174340085942303
2020-09-08,4.292120435618204,0.3937923448889037,4.292120435618204
2020-09-09,2.051597051597036,0.3995184395495247,2.051597051597036
2020-09-10,-3.9123630672926457,0.4463292024799283,3.9123630672926457
2020-09-11,-3.783512904034072,0.3955514467854593,3.783512904034072
2020-09-14,1.119791666666666,0.4016906220959862,1.119791666666666
2020-09-15,2.1761524594385757,0.3760739841289023,2.1761524594385757
2020-09-16,-5.633270321361057,0.4285116833678744,5.633270321361057
2020-09-17,2.8311965811965876,0.3184218058004457,2.8311965811965876
2020-09-18,-3.597402597402592,0.3542257682963329,3.597402597402592
2020-09-21,5.570524046881302,0.3630567304464634,5.570524046881302
2020-09-22,-1.2441778855356274,0.4396037139617625,1.2441778855356274
2020-09-23,-3.682646336736005,0.4754771796285391,3.682646336736005
2020-09-24,2.4282264555942956,0.4654239834001481,2.4282264555942956
2020-09-25,3.62409954158482,0.4092422338940518,3.62409954158482
2020-09-28,0.2313030069390809,0.4666518610327215,0.2313030069390809
2020-09-29,3.0895334174022735,0.4525201831240365,3.0895334174022735
2020-09-30,1.6024464831804308,0.5045038823380253,1.6024464831804308
2020-10-01,-0.5778954972309222,0.5092934295447025,0.5778954972309222
2020-10-02,-0.0363284088156952,0.414640943366529,0.0363284088156952
2020-10-05,4.433676559660808,0.4603870950486749,4.433676559660808
2020-10-06,-0.127595406565363,0.5641452056316884,0.127595406565363
2020-10-07,2.33449477351917,0.5367369768646659,2.33449477351917
2020-10-08,-3.824764498921807,0.524331855574394,3.824764498921807
2020-10-09,-1.286287467547781,0.4937226018638489,1.286287467547781
2020-10-12,1.446503287507464,0.4218665928346839,1.446503287507464
2020-10-13,1.1784115012962526,0.4410285231061374,1.1784115012962526
2020-10-14,-2.865129280223613,0.490988864578162,2.865129280223613
2020-10-15,0.1678657074340534,0.4341917378140268,0.1678657074340534
2020-10-16,0.0957625089777331,0.4931410598223825,0.0957625089777331
2020-10-19,-1.745993781392021,0.5239076211807518,1.745993781392021
2020-10-20,-0.5355404089581277,0.5073636211951899,0.5355404089581277
2020-10-21,-2.533039647577084,0.4663516304898613,2.533039647577084
2020-10-22,1.6070307595731337,0.4316098724245542,1.6070307595731337
2020-10-23,2.0017298900284075,0.4403892711986918,2.0017298900284075
2020-10-26,-0.666262870987277,0.4773394478191745,0.666262870987277
2020-10-27,-3.987804878048776,0.4513462748263103,3.987804878048776
2020-10-28,-2.5149244252508622,0.3927608596618632,2.5149244252508622
2020-10-29,0.4429967426710142,0.3600357489085228,0.4429967426710142
2020-10-30,-1.6085095343105578,0.2483623423359374,1.6085095343105578
2020-11-02,-1.2129202373104648,0.2464737116151314,1.2129202373104648
2020-11-03,7.09995996263178,0.2402619197845108,7.09995996263178
2020-11-04,3.763239875389403,0.4222437090160889,3.763239875389403
2020-11-05,0.300228173411793,0.3540308407172147,0.300228173411793
2020-11-06,0.8620689655172401,0.3913051390441984,0.8620689655172401
2020-11-09,-2.7421652421652283,0.4148660299510886,2.7421652421652283
2020-11-10,-3.100207494202375,0.3976665004682032,3.100207494202375
2020-11-11,2.4310366544904807,0.3665701207650664,2.4310366544904807
2020-11-12,1.7338908017707957,0.3895524979876311,1.7338908017707957
2020-11-13,-1.8373020669648377,0.4316685842566045,1.8373020669648377
2020-11-16,3.3493412141362064,0.4383220678503933,3.3493412141362064
2020-11-17,-1.091385678541655,0.4883230191832306,1.091385678541655
2020-11-18,-0.7516804394439435,0.5100214510962766,0.7516804394439435
2020-11-19,3.507707246025004,0.4640242385811032,3.507707246025004
2020-11-20,0.2814258911819827,0.4663248941337253,0.2814258911819827
2020-11-23,0.2385406922357434,0.4419166642137225,0.2385406922357434
2020-11-24,0.0419952405394071,0.4273517148493861,0.0419952405394071
2020-11-25,2.600279850746257,0.4034799064585785,2.600279850746257
2020-11-27,-0.7500852369587415,0.4345798874977924,0.7500852369587415
2020-11-30,5.633802816901411,0.3988385216361409,5.633802816901411
2020-12-01,0.6937669376693774,0.4671971520279872,0.6937669376693774
2020-12-02,1.259554311551299,0.477183122865858,1.259554311551299
2020-12-03,-1.573463746544763,0.5302214337419064,1.573463746544763
2020-12-04,2.559948152948806,0.4760723172080653,2.559948152948806
2020-12-07,-0.9478672985782052,0.5116816772622552,0.9478672985782052
2020-12-08,-1.3716108452950475,0.4770763648664449,1.3716108452950475
2020-12-09,-3.4605433376455452,0.4393076609285141,3.4605433376455452
2020-12-10,2.2222222222222325,0.3451034049564798,2.2222222222222325
2020-12-11,0.7264583788507669,0.377891484884589,0.7264583788507669
2020-12-14,4.039911067729525,0.3641440087502252,4.039911067729525
2020-12-15,1.1570937141665791,0.4037442069533056,1.1570937141665791
2020-12-16,0.5255564715581109,0.3970292810443212,0.5255564715581109
2020-12-17,-0.2870322911327536,0.4124071827230606,0.2870322911327536
2020-12-18,-3.104759946540553,0.3294298947391421,3.104759946540553
2020-12-21,-0.9442970822281174,0.280574613595262,0.9442970822281174
2020-12-22,-0.2999143101970877,0.2379987498992343,0.2999143101970877
2020-12-23,-1.3751611516974658,0.2366232376478021,1.3751611516974658
2020-12-24,1.230936819172124,0.2123118067506834,1.230936819172124
2020-12-28,-1.366620036586689,0.1705233700760806,1.366620036586689
2020-12-29,-0.9600698232598686,0.1491761897357379,0.9600698232598686
2020-12-30,1.4540647719761988,0.1280779883615964,1.4540647719761988
2020-12-31,0.0108577633007656,0.1637641132721107,0.0108577633007656
2021-01-04,-0.010856584518516,0.1872225925862826,0.010856584518516
2021-01-05,-0.521172638436471,0.1997885485530722,0.521172638436471
2021-01-06,-0.3165247762497339,0.1583006197769129,0.3165247762497339
2021-01-07,5.091426694404912,0.1590064770588506,5.091426694404912
2021-01-08,-2.036882683892476,0.2407770317274093,2.036882683892476
2021-01-11,4.0787024727466035,0.2014163044347506,4.0787024727466035
2021-01-12,-4.956059677089714,0.2696862018250464,4.956059677089714
2021-01-13,-1.3331899795720987,0.2020222611057639,1.3331899795720987
2021-01-14,-1.1114743380189562,0.1599962043396929,1.1114743380189562
2021-01-15,-1.311294765840218,0.1390571979804888,1.311294765840218
2021-01-19,1.105404198302808,0.1294394272017755,1.105404198302808
2021-01-20,-1.3362782992821576,0.1246749658624751,1.3362782992821576
2021-01-21,5.6861428251623,0.1131337961503346,5.6861428251623
2021-01-22,-0.2965473416649027,0.19371176977952,0.2965473416649027
2021-01-25,0.8179307414489017,0.1877812584421275,0.8179307414489017
2021-01-26,-4.01432936466126,0.1561815271920396,4.01432936466126
2021-01-27,-1.3940724478594908,0.1006132340803529,1.3940724478594908
2021-01-28,-2.5269954358232174,0.1098323607776085,2.5269954358232174
2021-01-29,-0.8337140246688031,0.1137126656094458,0.8337140246688031
2021-02-01,1.9117816422895273,0.1297962365891966,1.9117816422895273
2021-02-02,0.1243078313933771,0.1216654905746809,0.1243078313933771
2021-02-03,-0.4288939051918685,0.1107662354775361,0.4288939051918685
2021-02-04,-0.0793470868283758,0.1298871985164143,0.0793470868283758
2021-02-05,0.1815087918321004,0.1522564574473147,0.1815087918321004
2021-02-08,3.487713735703769,0.1448289410814152,3.487713735703769
2021-02-09,0.1203632782580144,0.1729567074018338,0.1203632782580144
2021-02-10,1.5300546448087493,0.2109302865197147,1.5300546448087493
2021-02-11,-0.1614639397201352,0.2051159649861823,0.1614639397201352
2021-02-12,1.2398921832884158,0.226470273322722,1.2398921832884158
2021-02-16,-3.5569755058572983,0.2033266315129647,3.5569755058572983
2021-02-17,-1.6232332155477018,0.18176634269626,1.6232332155477018
2021-02-18,0.7408238859580161,0.2040309611182275,0.7408238859580161
2021-02-19,-1.7827298050139213,0.1867275195926756,1.7827298050139213
2021-02-22,-5.388542257515598,0.134602487289091,5.388542257515598
2021-02-23,1.1151079136690558,0.0775865740664937,1.1151079136690558
2021-02-24,2.1819044230997315,0.058624424351944,2.1819044230997315
2021-02-25,-3.023093884182434,0.06342312266538,3.023093884182434
2021-02-26,2.1540118470651555,0.0383218657752652,2.1540118470651555
2021-03-01,1.8215896444678816,0.0583391432073736,1.8215896444678816
2021-03-02,-3.037275655775426,0.0333324007935529,3.037275655775426
2021-03-03,-4.805410536307543,0.005750989248222,4.805410536307543
2021-03-04,-1.5330923594665389,-0.0665677155367483,1.5330923594665389
2021-03-05,-1.2278481012658211,-0.0455648522838551,1.2278481012658211
2021-03-08,-1.666025887479171,-0.0429486583150651,1.666025887479171
2021-03-09,3.935879056431638,-0.0748774469160055,3.935879056431638
2021-03-10,-0.4388714733542248,-0.0475536365235513,0.4388714733542248
2021-03-11,0.4156171284634739,-0.0226845120471006,0.4156171284634739
2021-03-12,2.734228019566026,-0.0190968572772158,2.734228019566026
2021-03-15,2.136491270907093,0.0072184330552961,2.136491270907093
2021-03-16,-2.2830504422663123,0.0461119114993346,2.2830504422663123
2021-03-17,-0.8501529051987684,0.028897015092588,0.8501529051987684
2021-03-18,-3.1645179199309257,0.0454099314795712,3.1645179199309257
2021-03-19,1.9110714740731305,-0.0119627928219145,1.9110714740731305
2021-03-22,0.1750218777347175,-0.0086423428166256,0.1750218777347175
2021-03-23,-3.2197678771995486,-0.0019893073102717,3.2197678771995486
2021-03-24,-2.192134107027728,-0.0009466672540797,2.192134107027728
2021-03-25,1.0151615029663943,-0.0037124027833224,1.0151615029663943
2021-03-26,0.5351083268076176,-0.0010590283697022,0.5351083268076176
2021-03-29,-0.7269894846163861,0.0138346498664833,0.7269894846163861
2021-03-30,0.130770236694121,0.0123227293831622,0.130770236694121
2021-03-31,4.681990335640601,-0.0231482052677589,4.681990335640601
2021-04-01,1.977418751169601,0.0007618504968254,1.977418751169601
2021-04-05,-0.6483973574749219,0.0042494724454883,0.6483973574749219
2021-04-06,0.1354512991010952,-0.0103543029696206,0.1354512991010952
2021-04-07,2.459419576979833,0.0181428815682882,2.459419576979833
2021-04-08,-0.6240998559769516,0.0841938710688111,0.6240998559769516
2021-04-09,-0.8997584541062685,0.0507564573493305,0.8997584541062685
2021-04-12,-2.906587045274517,0.0168096541370324,2.906587045274517
2021-04-13,0.2635872976026029,0.0064319848885537,0.2635872976026029
2021-04-14,0.5508262393590357,-0.0180378159442951,0.5508262393590357
2021-04-15,3.710159362549806,-0.0072979050102182,3.710159362549806
2021-04-16,-1.404561824729894,0.0364867996436766,1.404561824729894
2021-04-19,-1.595032265919886,-0.0109820047751771,1.595032265919886
2021-04-20,-2.2642910170749797,-0.031345374153415,2.2642910170749797
2021-04-21,3.3168755538675843,-0.0624412134864457,3.3168755538675843
2021-04-22,-1.7154760446023842,-0.0294166885194693,1.7154760446023842
2021-04-23,3.9147238498940298,-0.0708632583626512,3.9147238498940298
2021-04-26,2.7834433113377415,-0.0265039573173778,2.7834433113377415
2021-04-27,3.711917824209166,-0.0456044849525098,3.711917824209166
2021-04-28,-4.670793472144053,-0.0224469384678458,4.670793472144053
2021-04-29,-2.0425029515938653,-0.0860692703292328,2.0425029515938653
2021-04-30,-1.205254911413764,-0.0850138773223823,1.205254911413764
2021-05-03,-4.904233256069289,-0.1257337385101313,4.904233256069289
2021-05-04,1.4111610006414297,-0.1571653345620599,1.4111610006414297
2021-05-05,-1.7963314358001288,-0.1301301705319913,1.7963314358001288
2021-05-06,1.4427412082957678,-0.1027826046617498,1.4427412082957678
2021-05-07,-0.6984126984126948,-0.1176995648597887,0.6984126984126948
2021-05-10,-5.920716112531982,-0.1342398687077153,5.920716112531982
2021-05-11,2.0660595351366187,-0.2287581589288091,2.0660595351366187
2021-05-12,0.1598082301238385,-0.2307642175274235,0.1598082301238385
2021-05-13,-1.5822364047334103,-0.2367755127042905,1.5822364047334103
2021-05-14,0.2634423128884185,-0.2458060230239751,0.2634423128884185
2021-05-17,0.7074041635787798,-0.2082032448738824,0.7074041635787798
2021-05-18,-2.113995183302112,-0.1928325135037776,2.113995183302112
2021-05-19,4.989065062875897,-0.2115514601301143,4.989065062875897
2021-05-20,2.265330035151666,-0.1463357433273222,2.265330035151666
2021-05-21,-1.642266072565235,-0.1386166576101176,1.642266072565235
2021-05-24,0.0906031581672187,-0.1405637261733839,0.0906031581672187
2021-05-25,0.646579593948015,-0.1303897143216922,0.646579593948015
2021-05-26,0.3597584478992691,-0.1390008377143354,0.3597584478992691
2021-05-27,0.7041351939572361,-0.1354695868629058,0.7041351939572361
2021-05-28,2.9875413170607787,-0.1300385460532821,2.9875413170607787
2021-06-01,-0.0123441550425936,-0.0961656539423164,0.0123441550425936
2021-06-02,0.1604938271604882,-0.0954720680195782,0.1604938271604882
2021-06-03,-0.2588438308886894,-0.1355757200837034,0.2588438308886894
2021-06-04,0.5931784478497331,-0.1198104854342047,0.5931784478497331
2021-06-07,0.577395577395576,-0.1520525560628735,0.577395577395576
2021-06-08,-0.9527299377061208,-0.1044073484314986,0.9527299377061208
2021-06-09,-1.3195215192995529,-0.097631517905683,1.3195215192995529
2021-06-10,1.9870032491877072,-0.0995313790090288,1.9870032491877072
2021-06-11,-0.1225340031858771,-0.0674442019708073,0.1225340031858771
2021-06-14,0.0981474665685171,-0.0799148569928802,0.0981474665685171
2021-06-15,-1.0295379335702946,-0.0689437290187283,1.0295379335702946
2021-06-16,0.0247678018575802,-0.1225574549724018,0.0247678018575802
2021-06-17,4.345672898353356,-0.1034751970477991,4.345672898353356
2021-06-18,-0.937351684859998,-0.0975817395915094,0.937351684859998
2021-06-21,-0.706671457659587,-0.0594814991949504,0.706671457659587
2021-06-22,1.1218335343787609,-0.0412992555550022,1.1218335343787609
2021-06-23,0.6680186090898274,0.0128465505928651,0.6680186090898274
2021-06-24,2.3107003199431246,0.0335973514736483,2.3107003199431246
2021-06-25,0.0463284688440954,0.0337856246797086,0.0463284688440954
2021-06-28,1.192405649455894,0.0380384074204211,1.192405649455894
2021-06-29,3.901155474202033,0.065995867792364,3.901155474202033
2021-06-30,3.545474565073787,0.0862118149096605,3.545474565073787
2021-07-01,-0.8081667375584911,0.1195051911035483,0.8081667375584911
2021-07-02,1.7099056603773573,0.0744194703054286,1.7099056603773573
2021-07-06,0.1528326745718008,0.1003157516637011,0.1528326745718008
2021-07-07,-7.5352557356346,0.1090986907841643,7.5352557356346
2021-07-08,2.481220122922839,-0.0140921002723477,2.481220122922839
2021-07-09,1.3105286539315777,0.0049121959877397,1.3105286539315777
2021-07-12,-0.8112256084192007,0.0476181411810775,0.8112256084192007
2021-07-13,0.3094606542882417,0.0578656481976218,0.3094606542882417
2021-07-14,-1.0797708241516129,0.0593968293916405,1.0797708241516129
2021-07-15,-2.740031187346857,0.0646767847432541,2.740031187346857
2021-07-16,-2.668346312414107,0.0762253400926166,2.668346312414107
2021-07-19,2.4708789269325906,0.0379583393752253,2.4708789269325906
2021-07-20,0.1837179928809238,0.0434359699246909,0.1837179928809238
2021-07-21,2.464183381088832,0.0724553000969173,2.464183381088832
2021-07-22,2.1789709172259433,0.078197803180428,2.1789709172259433
2021-07-23,0.7247011428821717,0.0862595838607044,0.7247011428821717
2021-07-26,1.010759700032597,0.1203078009116371,1.010759700032597
2021-07-27,0.5379814934366258,0.1698732443523196,0.5379814934366258
2021-07-28,3.360445205479453,0.1924006302654094,3.360445205479453
2021-07-29,5.197763512114306,0.2388437313333059,5.197763512114306
2021-07-30,4.26181102362206,0.3074624365258893,4.26181102362206
2021-08-02,2.095723591050693,0.303110863515011,2.095723591050693
2021-08-03,5.742024965325929,0.3140889872926776,5.742024965325929
2021-08-04,1.984959776145502,0.3616665467209841,1.984959776145502
2021-08-05,-5.213066963902939,0.3504551429204146,5.213066963902939
2021-08-06,0.6874717322478563,0.2668947562433224,0.6874717322478563
2021-08-09,-3.068008265205288,0.3089042015267211,3.068008265205288
2021-08-10,-0.2734139672830082,0.2891763025596298,0.2734139672830082
2021-08-11,-0.1951672862453473,0.3271626624670175,0.1951672862453473
2021-08-12,-0.2048607877828465,0.3086709420828974,0.2048607877828465
2021-08-13,2.827283754782123,0.3075360223815706,2.827283754782123
2021-08-16,-3.226860254083482,0.3760496143098013,3.226860254083482
2021-08-17,0.662015678331635,0.3673820996442669,0.662015678331635
2021-08-18,-3.7587331159757777,0.3680444382970296,3.7587331159757777
2021-08-19,0.9727532304118428,0.320249351099583,0.9727532304118428
2021-08-20,0.9346242331288426,0.3399716554745986,0.9346242331288426
2021-08-23,3.946056317963817,0.3484251501169714,3.946056317963817
2021-08-24,-1.2060301507537756,0.3272830616764737,1.2060301507537756
2021-08-25,0.4069175991861627,0.2947478365405849,0.4069175991861627
2021-08-26,-0.5157962604771006,0.3104284204930975,0.5157962604771006
2021-08-27,4.258864919914817,0.3046315229267392,4.258864919914817
2021-08-30,-1.198827812805252,0.3313567496844228,1.198827812805252
2021-08-31,0.035951824555089,0.3309267690122444,0.035951824555089
2021-09-01,-0.8805031446540916,0.3440577413371847,0.8805031446540916
2021-09-02,-1.332487309644669,0.3600444695937509,1.332487309644669
2021-09-03,1.015158474965553,0.3465330600999588,1.015158474965553
2021-09-07,-0.9776726842799351,0.3549795191047095,0.9776726842799351
2021-09-08,-2.1307861866274735,0.3128427181233664,2.1307861866274735
2021-09-09,0.4035285285285216,0.3041756685228977,0.4035285285285216
2021-09-10,-1.616973548929797,0.3226712483404367,1.616973548929797
2021-09-13,0.247007410222298,0.3224327626038321,0.247007410222298
2021-09-14,0.454890068233514,0.2996659520943032,0.454890068233514
2021-09-15,-1.0235849056603714,0.2937116659458617,1.0235849056603714
2021-09-16,0.6100176333222137,0.2441331072693891,0.6100176333222137
2021-09-17,-3.765809293733133,0.2229209741972725,3.765809293733133
2021-09-20,0.561134081512116,0.1698466385954131,0.561134081512116
2021-09-21,0.651003426333815,0.2136798504391481,0.651003426333815
2021-09-22,2.0181880075864447,0.2370958068875604,2.0181880075864447
2021-09-23,0.2812470206883418,0.2677484430425866,0.2812470206883418
2021-09-24,-0.1140847078956168,0.3249162643220056,0.1140847078956168
2021-09-27,1.6846713938990112,0.286726212759644,1.6846713938990112
2021-09-28,-4.249543688866001,0.3210780174617104,4.249543688866001
2021-09-29,-0.2101764504619027,0.2765540951368077,0.2101764504619027
2021-09-30,0.5094043887147297,0.2743368102054202,0.5094043887147297
2021-10-01,-0.8362573099415107,0.373728066176181,0.8362573099415107
2021-10-04,-0.8079259302942764,0.3381732826623171,0.8079259302942764
2021-10-05,-0.470669837495054,0.3276646586003904,0.470669837495054
2021-10-06,4.136592164866347,0.3439923166950046,4.136592164866347
2021-10-07,1.8642447418738075,0.3809135680198277,1.8642447418738075
2021-10-08,-1.8113561708118189,0.388184230925743,1.8113561708118189
2021-10-11,0.5209329000191184,0.3997376151578929,0.5209329000191184
2021-10-12,1.0554842390529162,0.3538324563877251,1.0554842390529162
2021-10-13,3.975535168195713,0.2989223571400679,3.975535168195713
2021-10-14,1.8144796380090455,0.3950155149854406,1.8144796380090455
2021-10-15,-0.5377538776054307,0.4112899106612086,0.5377538776054307
2021-10-18,3.80697050938337,0.3974346849202189,3.80697050938337
2021-10-19,0.1119146005509725,0.4296749454225076,0.1119146005509725
2021-10-20,0.1805830251956262,0.4217001458206477,0.1805830251956262
2021-10-21,3.712446351931333,0.3830837844378063,3.712446351931333
2021-10-22,-0.2565694185805936,0.4202958348001109,0.2565694185805936
2021-10-25,2.0536862631207686,0.4174347123052154,2.0536862631207686
2021-10-26,-1.1057809578014468,0.4420685787637546,1.1057809578014468
2021-10-27,1.0071528405821002,0.4252798026697866,1.0071528405821002
2021-10-28,-1.5506084408448992,0.4296000761667138,1.5506084408448992
2021-10-29,-1.2401818933443571,0.4252300667776031,1.2401818933443571
2021-11-01,4.62955211385517,0.4271904580128924,4.62955211385517
2021-11-02,2.2163546167386747,0.452522069419183,2.2163546167386747
2021-11-03,3.334637964774944,0.4759026447008007,3.334637964774944
2021-11-04,5.435194303461868,0.5082743028717811,5.435194303461868
2021-11-05,-1.066925315227944,0.5726400815799542,1.066925315227944
2021-11-08,11.844589687726945,0.5607453843497477,11.844589687726945
2021-11-09,-6.545029543536124,0.4536315200950167,6.545029543536124
2021-11-10,-0.6774126311401336,0.4125196956956014,0.6774126311401336
2021-11-11,2.147528942674263,0.4492885101257567,2.147528942674263
2021-11-12,1.3525081321691452,0.4708286120596175,1.3525081321691452
2021-11-15,-1.398648648648644,0.5061666444779798,1.398648648648644
2021-11-16,4.145823339957502,0.4809501418468771,4.145823339957502
2021-11-17,3.3491248848532726,0.4921462121916896,3.3491248848532726
2021-11-18,-0.8340230470490879,0.4925590918876066,0.8340230470490879
2021-11-19,0.8859784283513068,0.4715071520871891,0.8859784283513068
2021-11-22,-4.282805141911665,0.4580075704555065,4.282805141911665
2021-11-23,-0.6316069410278496,0.3871190547106587,0.6316069410278496
2021-11-24,4.241937642178511,0.368704303963364,4.241937642178511
2021-11-26,1.0911424903722649,0.4053942533225307,1.0911424903722649
2021-11-29,3.6698412698412706,0.4672723451123174,3.6698412698412706
2021-11-30,-1.782214600685936,0.4655585583229019,1.782214600685936
2021-12-01,-7.9160690902288415,0.4430190812325472,7.9160690902288415
2021-12-02,2.6883358726934135,0.3538141541354379,2.6883358726934135
2021-12-03,-6.930660424016629,0.3727328988958242,6.930660424016629
2021-12-06,1.9591171573316437,0.344706202931447,1.9591171573316437
2021-12-07,0.7366226546212663,0.394656201577181,0.7366226546212663
2021-12-08,0.1379690949227294,0.4517274467654028,0.1379690949227294
2021-12-09,-2.6660236979884298,0.4188795026283907,2.6660236979884298
2021-12-10,-2.1516030858517885,0.3932443971123438,2.1516030858517885
2021-12-13,-4.759493670886085,0.3447754500222037,4.759493670886085
2021-12-14,2.612592086276317,0.2950510176400441,2.612592086276317
2021-12-15,8.800236844052982,0.293380676209329,8.800236844052982
2021-12-16,-7.278911564625843,0.3564283894543135,7.278911564625843
2021-12-17,-0.2421129860601705,0.3070288075674514,0.2421129860601705
2021-12-20,1.62903581672428,0.2875740933389194,1.62903581672428
2021-12-21,3.231175597930313,0.2588957816576044,3.231175597930313
2021-12-22,0.8692604276200355,0.2369927023317118,0.8692604276200355
2021-12-23,2.515810688720554,0.2253958634569587,2.515810688720554
2021-12-27,5.674191580231852,0.1385880000350434,5.674191580231852
2021-12-28,-1.963048498845267,0.1406038520394855,1.963048498845267
2021-12-29,-3.520481612354401,0.2644194583754515,3.520481612354401
2021-12-30,-0.868149755832882,0.2368936756616549,0.868149755832882
2021-12-31,-0.7012862616310931,0.2824256081984839,0.7012862616310931
2022-01-03,4.0479553519137355,0.290575237925277,4.0479553519137355
2022-01-04,-5.426792927620683,0.3250359848448915,5.426792927620683
2022-01-05,-4.638868466197528,0.3000239315352551,4.638868466197528
2022-01-06,0.0660841471473701,0.2193169020223947,0.0660841471473701
2022-01-07,-5.28324038743762,0.2783773195499058,5.28324038743762
2022-01-10,3.38549736597457,0.2388536735733197,3.38549736597457
2022-01-11,3.847883102285515,0.3370112335537482,3.847883102285515
2022-01-12,0.6169498863513293,0.3424550191542431,0.6169498863513293
2022-01-13,-5.565117613310378,0.3319640887761655,5.565117613310378
2022-01-14,2.1415552855406994,0.2135863784064072,2.1415552855406994
2022-01-18,-0.706319702602222,0.2567612680199503,0.706319702602222
2022-01-19,-5.623362036690381,0.2497061250380579,5.623362036690381
2022-01-20,-4.681053633767062,0.2345513654338915,4.681053633767062
2022-01-21,-3.945397036790407,0.0994789661808422,3.945397036790407
2022-01-24,-1.1265164644714136,0.1119003617476569,1.1265164644714136
2022-01-25,0.3943908851884337,0.1099603550983786,0.3943908851884337
2022-01-26,-2.26102138804016,0.1358591048675526,2.26102138804016
2022-01-27,-9.297963558413716,0.157144107350044,9.297963558413716
2022-01-28,6.282619399310693,0.0861838483998715,6.282619399310693
2022-01-31,8.171963309552481,0.1434333583865339,8.171963309552481
2022-02-01,11.254817987152023,0.2367569136942712,11.254817987152023
2022-02-02,-7.367772730772187,0.2889280553825987,7.367772730772187
2022-02-03,0.0166223404255404,0.2941159376484823,0.0166223404255404
2022-02-04,2.675752035898287,0.2940130572204352,2.675752035898287
2022-02-07,-0.9550016186468168,0.3028963134464374,0.9550016186468168
2022-02-08,5.899656806667755,0.3250830557672694,5.899656806667755
2022-02-09,-0.5864197530864128,0.3495680686456542,0.5864197530864128
2022-02-10,-2.095622477491464,0.4391353310155827,2.095622477491464
2022-02-11,-8.42714444268273,0.4200551161884511,8.42714444268273
2022-02-14,1.4544195307765495,0.3659496516372253,1.4544195307765495
2022-02-15,1.5871661404556698,0.3357565999484543,1.5871661404556698
2022-02-16,-2.3435531289374145,0.340495276136282,2.3435531289374145
2022-02-17,-2.029932908997075,0.329237539771081,2.029932908997075
2022-02-18,1.2028094820017474,0.286315250287355,1.2028094820017474
2022-02-22,1.8478355166131777,0.3955294895844294,1.8478355166131777
2022-02-23,-10.93696763202726,0.407415691181583,10.93696763202726
2022-02-24,12.0504973221117,0.3401155101288173,12.0504973221117
2022-02-25,2.688630932058728,0.1595863067145015,2.688630932058728
2022-02-28,1.678995927188094,0.4736737096686773,1.678995927188094
2022-03-01,-5.607782228398594,0.2232392774280535,5.607782228398594
2022-03-02,2.3036286481337114,0.1091929314101682,2.3036286481337114
2022-03-03,-5.189198340810967,0.1030048510083037,5.189198340810967
2022-03-04,-3.0982142857142847,0.0672708364027425,3.0982142857142847
2022-03-07,-5.270432138579194,0.0309805770683159,5.270432138579194
2022-03-08,5.4469409590506705,-0.0347644823068922,5.4469409590506705
2022-03-09,0.442763582695327,-0.0288818081709967,0.442763582695327
2022-03-10,-0.6979520617136606,-0.0361015277612809,0.6979520617136606
2022-03-11,-4.7535374086747435,-0.0438166932123885,4.7535374086747435
2022-03-14,-0.3204194581998236,-0.1417063273672388,0.3204194581998236
2022-03-15,8.708357685563996,-0.1506768113069142,8.708357685563996
2022-03-16,0.4838709677419411,-0.0476734199986517,0.4838709677419411
2022-03-17,-0.766898519707508,-0.0734524795911611,0.766898519707508
2022-03-18,2.201653486700218,-0.0812367056973434,2.201653486700218
2022-03-21,1.494768310911811,-0.079953525184316,1.494768310911811
2022-03-22,-0.9876115394611458,-0.0488871799673694,0.9876115394611458
2022-03-23,0.5862280164493722,-0.0668877408536805,0.5862280164493722
2022-03-24,4.310194850382753,-0.0431224082792042,4.310194850382753
2022-03-25,-1.84714172538882,0.0097849410994789,1.84714172538882
2022-03-28,3.891248937977908,-0.0524411991262211,3.891248937977908
